countryname,bankname,bankname_sbs,pd_source,date,year,month,tot_asset,total_liab,equity,st_borrow,lt_borrow,net_income,net_rev,prof_margin
peru,bcp,Banco de Crédito del Perú,market,2010-01-31,2010,1,51009057.0,46107850.0,4901207.0,44159497.0,1948353.0,82666.0,206731.0,0.3998722978169698
peru,bcp,Banco de Crédito del Perú,market,2010-02-28,2010,2,53205878.0,48231192.0,4974686.0,46315828.0,1915364.0,70952.0,208752.0,0.3398865639610638
peru,bcp,Banco de Crédito del Perú,market,2010-03-31,2010,3,52618746.0,48122446.0,4496300.0,46236991.0,1885455.0,68916.0,231071.0,0.2982459936556296
peru,bcp,Banco de Crédito del Perú,market,2010-04-30,2010,4,52211750.0,47606093.0,4605657.0,45725690.0,1880403.0,172980.0,306843.0,0.5637410662781944
peru,bcp,Banco de Crédito del Perú,market,2010-05-31,2010,5,50858192.0,46187268.0,4670924.0,44342707.0,1844561.0,95754.0,231474.0,0.4136706498354027
peru,bcp,Banco de Crédito del Perú,market,2010-06-30,2010,6,53040568.0,48267650.0,4772918.0,46425725.0,1841925.0,91071.0,232049.0,0.3924645225792828
peru,bcp,Banco de Crédito del Perú,market,2010-07-31,2010,7,57057131.371,52064377.229,4992754.142,50223909.124000005,1840468.105,101351.42299999997,250168.09199999995,0.4051332933378249
peru,bcp,Banco de Crédito del Perú,market,2010-08-31,2010,8,58537839.125,53433970.409,5103868.718,51601760.709,1832209.7,120455.826,272677.767,0.4417515491829593
peru,bcp,Banco de Crédito del Perú,market,2010-09-30,2010,9,57289361.707,52025176.04,5264185.672,50254774.615,1770401.425,110828.8330000001,240815.47,0.4602230620815187
peru,bcp,Banco de Crédito del Perú,market,2010-10-31,2010,10,60867479.771,55502262.68,5365217.091,53781089.257,1721173.423,99776.98699999996,250405.23100000012,0.3984620712655955
peru,bcp,Banco de Crédito del Perú,market,2010-11-30,2010,11,61006361.606,55484907.709,5521453.898,53810213.574,1674694.1350000002,106339.33099999987,251440.25100000016,0.4229208751465962
peru,bcp,Banco de Crédito del Perú,market,2010-12-31,2010,12,61611294.495,56064365.395,5546929.099,54393784.874000005,1670580.521,88249.15428000013,261626.87849999964,0.3373092045663047
peru,bcp,Banco de Crédito del Perú,market,2011-01-31,2011,1,61811442.877,56204033.138,5607409.733,54290061.425,1913971.713,116272.14278,257478.78772,0.4515795021780289
peru,bcp,Banco de Crédito del Perú,market,2011-02-28,2011,2,62977635.7,57285692.901,5691942.799,55442005.443,1843687.458,112639.83419,255562.60855,0.4407524043876801
peru,bcp,Banco de Crédito del Perú,market,2011-03-31,2011,3,65580759.372,60250631.964,5330127.405,58428749.016,1821882.948,143567.99864000003,306086.30589,0.4690441743956846
peru,bcp,Banco de Crédito del Perú,market,2011-04-30,2011,4,64438857.608,58983944.013,5454913.596,57254079.983,1729864.0299999998,101057.49654999998,273537.7086299999,0.3694463079922014
peru,bcp,Banco de Crédito del Perú,market,2011-05-31,2011,5,64514787.333,58951568.582,5563218.753,57332827.853,1618740.729,102987.24417000008,259717.44255000004,0.3965357242040964
peru,bcp,Banco de Crédito del Perú,market,2011-06-30,2011,6,65471407.394,59831536.365,5639871.029,58284760.345,1546776.02,110273.09587999992,271992.49876999995,0.4054269745624424
peru,bcp,Banco de Crédito del Perú,market,2011-07-31,2011,7,64941084.122,59175708.754,5765375.368,57681952.918,1493755.836,133003.81417000003,295270.38089000015,0.4504475314086759
peru,bcp,Banco de Crédito del Perú,market,2011-08-31,2011,8,65313892.753,59412990.659,5900902.093,57923730.699,1489259.96,148405.95760999992,302725.71805999987,0.4902324076099343
peru,bcp,Banco de Crédito del Perú,market,2011-09-30,2011,9,66634931.795,60717698.66,5917233.136,59224707.764,1492990.896,132070.14708999987,307970.0599600002,0.428840865593082
peru,bcp,Banco de Crédito del Perú,market,2011-10-31,2011,10,65260625.715,59144757.232,6115868.482,57677804.977,1466952.255,119430.21901000012,285954.56648000004,0.4176545263121482
peru,bcp,Banco de Crédito del Perú,market,2011-11-30,2011,11,66449962.791,60248673.217,6201289.574,58657707.084,1590966.133,122954.51327,316073.89570999984,0.389005593118679
peru,bcp,Banco de Crédito del Perú,market,2011-12-31,2011,12,67468726.556,61162093.953,6306632.6,59421163.838,1740930.1149999998,96331.61109000002,318943.63656,0.30203333770504
peru,bcp,Banco de Crédito del Perú,market,2012-01-31,2012,1,70602120.652,64093014.662,6509105.991,62351345.834,1741668.828,141685.50415,319488.23546,0.4434764364515671
peru,bcp,Banco de Crédito del Perú,market,2012-02-29,2012,2,71651637.02,64976243.565,6675393.455,63239319.34,1736924.225,130851.80332,306160.50639,0.4273960899232232
peru,bcp,Banco de Crédito del Perú,market,2012-03-31,2012,3,73731585.34,67488692.377,6242892.961,65760450.45200001,1728241.925,143026.62739000004,353577.51403,0.4045127920036925
peru,bcp,Banco de Crédito del Perú,market,2012-04-30,2012,4,71539333.3,65163455.736,6375877.563,63452531.709,1710924.027,127025.99098999996,341948.4223600001,0.3714770494138095
peru,bcp,Banco de Crédito del Perú,market,2012-05-31,2012,5,74698502.964,68277535.094,6420967.869,66554017.042,1723518.052,122515.28485000004,341126.3341900001,0.359149302093346
peru,bcp,Banco de Crédito del Perú,market,2012-06-30,2012,6,74080074.569,67567602.136,6512472.434,65876668.15100001,1690933.985,81068.58080999996,313392.14124999987,0.2586809627281934
peru,bcp,Banco de Crédito del Perú,market,2012-07-31,2012,7,76258811.207,69599144.635,6659666.571,67915144.251,1684000.384,138426.15497000003,349627.6293799998,0.3959245303795736
peru,bcp,Banco de Crédito del Perú,market,2012-08-31,2012,8,77194854.568,70420866.54,6773988.027,68743036.942,1677829.598,146913.89821999997,364399.54593,0.4031670726840632
peru,bcp,Banco de Crédito del Perú,market,2012-09-30,2012,9,77304842.703,70403614.162,6901228.54,68755627.893,1647986.269,104640.49176999996,346408.02918000007,0.3020729398729578
peru,bcp,Banco de Crédito del Perú,market,2012-10-31,2012,10,79496475.829,72468157.807,7028318.022,70631182.078,1836975.729,122005.13016000018,361431.12821999984,0.3375612132824839
peru,bcp,Banco de Crédito del Perú,market,2012-11-30,2012,11,80006765.029,72987589.403,7019175.625,70971028.447,2016560.956,116432.82481999998,347869.7436900004,0.3347023618235611
peru,bcp,Banco de Crédito del Perú,market,2012-12-31,2012,12,81708049.73,74563472.273,7144577.456,72577943.568,1985528.705,123109.10098999996,372048.4326499999,0.330895362501939
peru,bcp,Banco de Crédito del Perú,market,2013-01-31,2013,1,83480501.601,76082755.528,7397746.072,74089143.814,1993611.714,158810.80224000002,389349.56802,0.4078874494393744
peru,bcp,Banco de Crédito del Perú,market,2013-02-28,2013,2,84994212.677,77486204.343,7508008.334,75493122.07699999,1993082.266,111849.46065999995,336925.39882,0.3319709972941361
peru,bcp,Banco de Crédito del Perú,market,2013-03-31,2013,3,87132400.035,80129518.344,7002881.691,78172040.427,1957477.917,153214.02324,374050.59887,0.4096077474621262
peru,bcp,Banco de Crédito del Perú,market,2013-04-30,2013,4,87548212.62,80385616.528,7162596.091,76532641.294,3852975.234,149291.63749999995,414115.6571,0.360507106989073
peru,bcp,Banco de Crédito del Perú,market,2013-05-31,2013,5,88232647.135,80988130.966,7244516.168,77048626.323,3939504.643,144372.5438600001,408336.23872,0.3535628978524184
peru,bcp,Banco de Crédito del Perú,market,2013-06-30,2013,6,88412310.013,81094257.925,7318052.087,77132153.565,3962104.36,82330.48022999999,360966.1388500002,0.2280836659424514
peru,bcp,Banco de Crédito del Perú,market,2013-07-31,2013,7,91007937.249,83525359.499,7482577.749,79552611.705,3972747.794,147025.01978999993,412284.0167399999,0.3566110104208062
peru,bcp,Banco de Crédito del Perú,market,2013-08-31,2013,8,91415971.512,83874450.097,7541521.414,79890146.628,3984303.469,150583.4764200002,418295.0983499997,0.3599934042114991
peru,bcp,Banco de Crédito del Perú,market,2013-09-30,2013,9,88707216.905,80913743.865,7793473.04,77029272.359,3884471.506,120363.36945999996,357727.1484900005,0.3364669692195991
peru,bcp,Banco de Crédito del Perú,market,2013-10-31,2013,10,87959487.523,80017477.752,7942009.771,76148422.898,3869054.854,135302.11584999994,382767.40809,0.353483899073733
peru,bcp,Banco de Crédito del Perú,market,2013-11-30,2013,11,92230206.639,84144885.346,8085321.293,80249233.988,3895651.358,141932.10495000007,407721.99083,0.3481100066765316
peru,bcp,Banco de Crédito del Perú,market,2013-12-31,2013,12,90997656.498,82800751.784,8196904.714,78935057.802,3865693.982,152343.02749,445264.8019700004,0.342140287792755
peru,bcp,Banco de Crédito del Perú,market,2014-01-31,2014,1,91512270.297,83167573.014,8344697.282,79477896.294,3689676.72,189014.03772,446796.82,0.4230424865602221
peru,bcp,Banco de Crédito del Perú,market,2014-02-28,2014,2,93454766.211,84975932.684,8478833.526,81297152.846,3678779.838,105499.12648999997,370231.55278,0.2849544445842787
peru,bcp,Banco de Crédito del Perú,market,2014-03-31,2014,3,92749073.344,84391463.041,8357610.302,80758012.16499999,3633450.876,170624.21257000003,467087.0844200001,0.3652942208450714
peru,bcp,Banco de Crédito del Perú,market,2014-04-30,2014,4,93338390.765,84882977.06,8455413.704,81217407.441,3665569.619,120585.78277999996,430227.54485,0.2802837340924847
peru,bcp,Banco de Crédito del Perú,market,2014-05-31,2014,5,92762785.779,84168512.353,8594273.425,80482857.958,3685654.395,126448.9010800001,438650.4853100001,0.2882680067950613
peru,bcp,Banco de Crédito del Perú,market,2014-06-30,2014,6,95598971.449,86816170.126,8782801.322,83137403.031,3678767.095,155227.2453999999,456343.2910799999,0.3401545468820918
peru,bcp,Banco de Crédito del Perú,market,2014-07-31,2014,7,96591173.61,87639685.981,8951487.629,83182165.547,4457520.434,215504.2434400001,495602.5492399996,0.4348327985206557
peru,bcp,Banco de Crédito del Perú,market,2014-08-31,2014,8,97372576.802,88225285.098,9147291.704,83667344.341,4557940.757,194699.49509999997,498388.6484500007,0.3906579648343106
peru,bcp,Banco de Crédito del Perú,market,2014-09-30,2014,9,99559878.812,90191458.043,9368420.769,85770428.041,4421030.002,185123.46243000007,457892.77065999946,0.4042943551241615
peru,bcp,Banco de Crédito del Perú,market,2014-10-31,2014,10,99160304.783,89595842.256,9564462.526,85153881.59799999,4441960.658,189163.60671,496001.1196800009,0.3813773784060011
peru,bcp,Banco de Crédito del Perú,market,2014-11-30,2014,11,100687134.488,91028749.211,9658385.276,86513168.31,4515580.901,122045.54845999996,424888.78518999927,0.2872411621912411
peru,bcp,Banco de Crédito del Perú,market,2014-12-31,2014,12,101936509.899,92150518.506,9785991.392,87784214.695,4366303.811,140583.50010000006,500900.4867200004,0.2806615362276243
peru,bcp,Banco de Crédito del Perú,market,2015-01-31,2015,1,102594834.528,92688408.969,9906425.559,88006808.676,4681600.293,445864.71033,795910.34137,0.5601946439878307
peru,bcp,Banco de Crédito del Perú,market,2015-02-28,2015,2,106179099.729,96051604.891,10127494.838,91486750.572,4564854.319,172463.04682,524361.0057999999,0.32890135786676
peru,bcp,Banco de Crédito del Perú,market,2015-03-31,2015,3,107645209.476,97656502.535,9988706.941,93053084.276,4603418.259,221057.34695000004,544944.5710400001,0.4056510674620042
peru,bcp,Banco de Crédito del Perú,market,2015-04-30,2015,4,108142095.895,97954696.434,10187399.461,93347043.517,4607652.917,179858.20772000006,491529.0377199997,0.3659157321697372
peru,bcp,Banco de Crédito del Perú,market,2015-05-31,2015,5,109185247.42,98775008.852,10410238.568,94166385.127,4608623.725,225399.49174999996,535767.8002900002,0.4207036922114315
peru,bcp,Banco de Crédito del Perú,market,2015-06-30,2015,6,109896646.6,99290985.819,10605660.78,94748160.888,4542824.931,208263.43374999985,511477.5877,0.4071799796478156
peru,bcp,Banco de Crédito del Perú,market,2015-07-31,2015,7,111127570.173,100318135.475,10809434.697,95680111.065,4638024.41,212448.3343100003,516864.88472,0.4110326326871469
peru,bcp,Banco de Crédito del Perú,market,2015-08-31,2015,8,115208611.614,104179657.818,11028953.796,99484331.369,4695326.449,226539.7362899999,530634.4672599998,0.4269223924705972
peru,bcp,Banco de Crédito del Perú,market,2015-09-30,2015,9,119118445.369,107931939.529,11186505.839,103112388.633,4819550.896,206757.6396300001,534327.2569599999,0.3869494526749888
peru,bcp,Banco de Crédito del Perú,market,2015-10-31,2015,10,118020213.611,106516370.145,11503843.466,101667670.47,4848699.675,255168.7696799999,577612.3481500009,0.4417647415213062
peru,bcp,Banco de Crédito del Perú,market,2015-11-30,2015,11,120157379.973,108438290.815,11719089.157,103614206.409,4824084.406,211648.40886999996,553310.3918300001,0.3825129836618487
peru,bcp,Banco de Crédito del Perú,market,2015-12-31,2015,12,120924689.529,108994811.831,11929877.697,104194303.156,4800508.675,212116.2629399998,590035.0696699992,0.3594977211416168
peru,bcp,Banco de Crédito del Perú,market,2016-01-31,2016,1,121828996.992,109680662.99,12148334.002,104604327.285,5076335.705,240274.63834,549217.06386,0.4374857486242416
peru,bcp,Banco de Crédito del Perú,market,2016-02-29,2016,2,126017339.941,113624625.765,12392714.175,108578869.615,5045756.149999999,239830.81642,594576.18283,0.4033643178885487
peru,bcp,Banco de Crédito del Perú,market,2016-03-31,2016,3,123656879.892,112214839.326,11442040.566,107468643.146,4746196.18,218992.94713,545247.5767200002,0.4016394688948043
peru,bcp,Banco de Crédito del Perú,market,2016-04-30,2016,4,122202747.43,110568338.66,11634408.77,105800192.938,4768145.722,193076.196,569848.9912,0.3388199312126815
peru,bcp,Banco de Crédito del Perú,market,2016-05-31,2016,5,123117495.063,111238967.093,11878527.969,106505600.972,4733366.120999999,335370.2451699999,700639.88704,0.478662792931818
peru,bcp,Banco de Crédito del Perú,market,2016-06-30,2016,6,120299324.639,108235622.135,12063702.503,103434930.67,4800691.465,186278.2525500001,540732.1645799996,0.344492643034629
peru,bcp,Banco de Crédito del Perú,market,2016-07-31,2016,7,119122296.735,106819514.847,12302781.888,102006328.857,4813185.989999999,223157.72246999992,571927.9260300002,0.3901850431033058
peru,bcp,Banco de Crédito del Perú,market,2016-08-31,2016,8,119164218.03,106601067.531,12563150.499,101793702.628,4807364.903,250324.3973400001,589789.8360300004,0.4244298257579113
peru,bcp,Banco de Crédito del Perú,market,2016-09-30,2016,9,119891478.521,107023017.613,12868460.907,102097606.82,4925410.793,276483.65563000017,610247.590739999,0.4530680003090718
peru,bcp,Banco de Crédito del Perú,market,2016-10-31,2016,10,121397947.026,108237292.655,13160654.371,102493720.929,5743571.726,286241.52732999995,615642.1798600014,0.4649478815683032
peru,bcp,Banco de Crédito del Perú,market,2016-11-30,2016,11,122002648.858,108626013.512,13376635.346,102878592.423,5747421.089,247141.3233199995,594052.5133399991,0.4160260545494081
peru,bcp,Banco de Crédito del Perú,market,2016-12-31,2016,12,118140065.4,104538323.243,13601742.156,98925855.784,5612467.459,228378.5145700001,637313.8129100008,0.3583454648930556
peru,bcp,Banco de Crédito del Perú,market,2017-01-31,2017,1,120049240.983,106158794.665,13890446.317,100460295.79,5698498.875,281587.26467,605146.6038500001,0.465320738608653
peru,bcp,Banco de Crédito del Perú,market,2017-02-28,2017,2,121477524.447,107384637.483,14092886.964,101757885.672,5626751.811,183662.14791,539800.9509699999,0.3402405045414736
peru,bcp,Banco de Crédito del Perú,market,2017-03-31,2017,3,120832865.364,107933794.513,12899070.85,102331584.192,5602210.321,251360.30668000004,616574.4801,0.4076722517598081
peru,bcp,Banco de Crédito del Perú,market,2017-04-30,2017,4,121175167.059,108079143.601,13096023.458,102437831.327,5641312.273999999,212082.14604999984,573434.1694100001,0.3698456725524549
peru,bcp,Banco de Crédito del Perú,market,2017-05-31,2017,5,121553352.266,108164875.371,13388476.894,102453865.982,5711009.389,273242.5736700002,592457.0811299998,0.4612023087796362
peru,bcp,Banco de Crédito del Perú,market,2017-06-30,2017,6,121274073.743,107647602.312,13626471.43,102000182.594,5647419.717999999,248418.90781999985,563176.1589699998,0.4411033809995374
peru,bcp,Banco de Crédito del Perú,market,2017-07-31,2017,7,122576851.882,108684715.375,13892136.507,103036668.439,5648046.936000001,260157.28431,596675.0370400003,0.4360116783175553
peru,bcp,Banco de Crédito del Perú,market,2017-08-31,2017,8,121568682.693,107388433.737,14180248.956,101693051.01,5695382.727,295629.0822099999,580608.3046200005,0.5091712947569441
peru,bcp,Banco de Crédito del Perú,market,2017-09-30,2017,9,122982856.135,108560557.088,14422299.046,102913726.883,5646830.205,241781.20235000012,563713.572519999,0.4289078960244875
peru,bcp,Banco de Crédito del Perú,market,2017-10-31,2017,10,124428564.171,109783786.217,14644777.954,102185830.295,7597955.922,237793.94118000008,578511.7277500005,0.4110442879089928
peru,bcp,Banco de Crédito del Perú,market,2017-11-30,2017,11,125108585.726,110197963.945,14910621.78,102655614.268,7542349.677,260225.77430000016,576355.7144200001,0.4515020286766329
peru,bcp,Banco de Crédito del Perú,market,2017-12-31,2017,12,128629085.413,113451166.271,15177919.141,105918925.011,7532241.260000001,242149.68579,606139.2847199999,0.3994951191818209
peru,bcp,Banco de Crédito del Perú,market,2018-01-31,2018,1,129249718.767,113740862.332,15508856.434,107073775.813,6667086.519,294416.49418,589585.3706499999,0.4993619394853959
peru,bcp,Banco de Crédito del Perú,market,2018-02-28,2018,2,129285700.913,113600625.676,15685075.237,106933272.756,6667352.92,224803.74107000005,545729.23001,0.4119327474283917
peru,bcp,Banco de Crédito del Perú,market,2018-03-31,2018,3,127474415.065,112957434.475,14516980.59,106318136.065,6639298.41,329525.52345,607709.08229,0.5422422225586382
peru,bcp,Banco de Crédito del Perú,market,2018-04-30,2018,4,124123744.347,109353283.966,14770460.381,102689666.323,6663617.643,262759.01509999984,556954.4018500003,0.4717783255275653
peru,bcp,Banco de Crédito del Perú,market,2018-05-31,2018,5,124741279.286,109705651.722,15035627.563,103016006.56,6689645.1620000005,294389.2227700001,579323.1662599999,0.5081606259085424
peru,bcp,Banco de Crédito del Perú,market,2018-06-30,2018,6,123668971.689,108378375.087,15290596.602,101836578.117,6541796.970000001,247532.16571999996,557243.13528,0.4442085510764013
peru,bcp,Banco de Crédito del Perú,market,2018-07-31,2018,7,123869691.976,108267303.952,15602388.023,101700606.715,6566697.237,294220.7265600001,601178.4765699995,0.4894066205408168
peru,bcp,Banco de Crédito del Perú,market,2018-08-31,2018,8,125260938.996,109366900.012,15894038.983,102874596.697,6492303.315,293769.54186,598719.1254700003,0.490663366782192
peru,bcp,Banco de Crédito del Perú,market,2018-09-30,2018,9,124648879.318,108481620.836,16167258.482,101982279.319,6499341.517,269573.27223999985,588302.0704399999,0.4582225455001067
peru,bcp,Banco de Crédito del Perú,market,2018-10-31,2018,10,128458335.546,112045103.955,16413231.59,105437170.096,6607933.858999999,274514.64222000027,612900.2989500007,0.4478944498645035
peru,bcp,Banco de Crédito del Perú,market,2018-11-30,2018,11,132862560.551,116186514.121,16676046.43,109557187.17,6629326.950999999,270068.36675000004,623260.9140699999,0.4333151023163118
peru,bcp,Banco de Crédito del Perú,market,2018-12-31,2018,12,133910012.572,116952070.482,16957942.089,110326099.738,6625970.744,286367.3181599998,676825.4435199993,0.4231036538323312
peru,bcp,Banco de Crédito del Perú,market,2019-01-31,2019,1,133228760.436,115872834.619,17355925.816,109281423.406,6591411.213,354560.54184,637255.61625,0.5563866881651826
peru,bcp,Banco de Crédito del Perú,market,2019-02-28,2019,2,132848539.796,115205848.838,17642690.958,108410734.621,6795114.217,270299.5542300001,560412.6939300001,0.4823223263100508
peru,bcp,Banco de Crédito del Perú,market,2019-03-31,2019,3,133464066.001,116988868.263,16475197.738,110174409.696,6814458.567,284596.91454999987,641485.42768,0.4436529689836833
peru,bcp,Banco de Crédito del Perú,market,2019-04-30,2019,4,135025791.997,118173611.319,16852180.677,111537906.303,6635705.016,349781.2520800001,627876.43796,0.5570861254428592
peru,bcp,Banco de Crédito del Perú,market,2019-05-31,2019,5,135532031.078,118368754.176,17163276.902,111666509.372,6702244.8040000005,297815.89087999985,651095.4486699998,0.4574074223500591
peru,bcp,Banco de Crédito del Perú,market,2019-06-30,2019,6,136270271.539,118749214.278,17521057.26,112129991.231,6619223.046999999,288111.2034799999,635409.1049500001,0.4534263063521433
peru,bcp,Banco de Crédito del Perú,market,2019-07-31,2019,7,136744974.68,118809134.363,17935840.316,111901903.656,6907230.707,320419.23099000053,668457.2506499998,0.4793413949484858
peru,bcp,Banco de Crédito del Perú,market,2019-08-31,2019,8,141589209.38,123309769.072,18279440.308,116257697.512,7052071.56,356870.8909099996,705617.35262,0.505756965280001
peru,bcp,Banco de Crédito del Perú,market,2019-09-30,2019,9,140056494.303,122036781.292,18019713.011,111977922.707,10058858.585,286960.7777300002,624568.4729200006,0.4594544716424652
peru,bcp,Banco de Crédito del Perú,market,2019-10-31,2019,10,141200511.425,122905204.139,18295307.286,113914392.002,8990812.137,281270.3364299997,664598.4941599993,0.4232184377509062
peru,bcp,Banco de Crédito del Perú,market,2019-11-30,2019,11,143855112.567,125265563.977,18589548.59,116339307.236,8926256.741,301899.31449000025,659491.4146800004,0.4577759585187145
peru,bcp,Banco de Crédito del Perú,market,2019-12-31,2019,12,141017642.103,122184401.059,18833241.043,113379408.979,8804992.08,230121.9621000001,699384.69422,0.3290348845232413
peru,bcp,Banco de Crédito del Perú,market,2020-01-31,2020,1,141817724.47,122576476.401,19241248.069,113860111.512,8716364.888999999,338344.61155000003,677149.3895800001,0.4996602179023705
peru,bcp,Banco de Crédito del Perú,market,2020-02-29,2020,2,145114950.676,125650427.345,19464523.331,116712937.904,8937489.441,300082.78669999994,649687.2522599999,0.4618880633045099
peru,bcp,Banco de Crédito del Perú,market,2020-03-31,2020,3,150382565.527,131216304.542,19166260.985,122291756.606,8924547.936,12010.648090000032,574625.4285900001,0.0209016995984173
peru,bcp,Banco de Crédito del Perú,market,2020-04-30,2020,4,154912724.609,136825812.568,18086912.04,127983793.858,8842018.709999999,41421.85066999996,633545.6056000001,0.0653810085712319
peru,bcp,Banco de Crédito del Perú,market,2020-05-31,2020,5,174989876.187,156697124.368,18292751.818,147771814.914,8925309.454,35620.48760000011,694339.1578999995,0.0513012800656855
peru,bcp,Banco de Crédito del Perú,market,2020-06-30,2020,6,171480529.811,153176348.868,18304180.942,144085493.579,9090855.289,14867.8102699999,599303.9604700003,0.0248084632351501
peru,bcp,Banco de Crédito del Perú,market,2020-07-31,2020,7,177516497.315,159082077.067,18434420.248,147107973.401,11974103.666,17842.530020000064,660099.0527800005,0.0270300797203941
peru,bcp,Banco de Crédito del Perú,market,2020-08-31,2020,8,179345432.735,160911612.751,18433819.984,148881389.58299997,12030223.168,10901.919069999944,609060.4750699997,0.0178995674752116
peru,bcp,Banco de Crédito del Perú,market,2020-09-30,2020,9,179676221.947,161332656.264,18343565.683,149163876.271,12168779.993,14599.810520000055,612338.0503999991,0.0238427295355285
peru,bcp,Banco de Crédito del Perú,market,2020-10-31,2020,10,179245031.743,160827228.992,18417802.75,149005564.381,11821664.611,15702.97491999995,599051.2580900006,0.0262130739363888
peru,bcp,Banco de Crédito del Perú,market,2020-11-30,2020,11,180549570.344,161974001.406,18575568.937,150152914.69099998,11821086.715,17369.444350000005,595403.1174300006,0.0291725787815379
peru,bcp,Banco de Crédito del Perú,market,2020-12-31,2020,12,182284106.302,163526493.446,18757612.855,151704633.95700002,11821859.489,14124.35964000004,532235.34509,0.0265378084531602
peru,bcp,Banco de Crédito del Perú,market,2021-01-31,2021,1,184196379.803,165380135.277,18816244.525,153504561.19500002,11875574.082,194553.46218,635637.30972,0.3060762154847413
peru,bcp,Banco de Crédito del Perú,market,2021-02-28,2021,2,188541308.794,169871867.936,18669440.858,157962827.243,11909040.693,137117.15821999995,557385.34748,0.2460006507884026
peru,bcp,Banco de Crédito del Perú,market,2021-03-31,2021,3,188019950.901,169877366.785,18142584.115,156102702.674,13774664.111,128501.28473,625108.0009900001,0.2055665333454205
peru,bcp,Banco de Crédito del Perú,market,2021-04-30,2021,4,185430215.467,167204925.086,18225290.381,153325406.166,13879518.919999998,232064.51734,574928.8310099996,0.4036404243849162
peru,bcp,Banco de Crédito del Perú,market,2021-05-31,2021,5,184287677.684,165617162.699,18670514.985,151632017.384,13985145.315,269358.2583,646476.5977400001,0.4166558530372826
peru,bcp,Banco de Crédito del Perú,market,2021-06-30,2021,6,184282933.543,165495148.35,18787785.192,151432170.07999998,14062978.27,196893.68726000004,632330.1387,0.3113779894546722
peru,bcp,Banco de Crédito del Perú,market,2021-07-31,2021,7,186713746.679,167805719.498,18908027.18,153467832.353,14337887.145,319653.53965000017,667392.0364399999,0.4789591757119172
peru,bcp,Banco de Crédito del Perú,market,2021-08-31,2021,8,190696538.022,171631980.773,19064557.248,157152217.607,14479763.166,297306.7952699999,613510.5664800005,0.4845993068640842
peru,bcp,Banco de Crédito del Perú,market,2021-09-30,2021,9,185895565.865,166722344.205,19173221.659,152117962.912,14604381.293,230477.22584,634269.8027900001,0.3633741111845245
peru,bcp,Banco de Crédito del Perú,market,2021-10-31,2021,10,183777045.364,164195726.521,19581318.843,150011216.389,14184510.132,309853.19907999993,620386.4048599992,0.4994519490637832
peru,bcp,Banco de Crédito del Perú,market,2021-11-30,2021,11,183893968.087,163986545.28,19907422.806,149402128.431,14584416.849,350075.2553099999,648660.4991100002,0.5396894920999867
peru,bcp,Banco de Crédito del Perú,market,2021-12-31,2021,12,182333309.55,162045218.351,20288091.199,147855814.22300002,14189404.128,365548.3615100002,727323.8913900005,0.5025936392813865
peru,bcp,Banco de Crédito del Perú,market,2022-01-31,2022,1,179982553.038,159449507.461,20533045.577,145642103.465,13807403.996,330993.6778,697775.5275900001,0.4743555265447569
peru,bcp,Banco de Crédito del Perú,market,2022-02-28,2022,2,181471319.582,160622633.869,20848685.712,147040591.033,13582042.836,354143.66436,629511.0121499998,0.5625694507717598
peru,bcp,Banco de Crédito del Perú,market,2022-03-31,2022,3,179936950.754,160178521.39,19758429.364,146889227.93499997,13289293.455,432384.6880300001,751999.9491099999,0.5749796772482925
peru,bcp,Banco de Crédito del Perú,market,2022-04-30,2022,4,177347032.758,157584109.76,19762922.997,143908612.677,13675497.083,330207.52903999994,760297.3206199999,0.4343136824035175
peru,bcp,Banco de Crédito del Perú,market,2022-05-31,2022,5,175910396.839,155759206.992,20151189.847,142447072.30800003,13312134.684,331871.8655999999,770521.1930200001,0.4307108858346296
peru,bcp,Banco de Crédito del Perú,market,2022-06-30,2022,6,178469136.604,158056613.194,20412523.409,144324641.276,13731971.918,354211.02217000024,794907.6431999998,0.4456002218623532
peru,bcp,Banco de Crédito del Perú,market,2022-07-31,2022,7,183628588.76,162861054.06,20767534.7,148954403.229,13906650.831,403241.71461999975,837961.0851000007,0.4812177102136881
peru,bcp,Banco de Crédito del Perú,market,2022-08-31,2022,8,184545690.421,163274714.412,21270976.008,149605099.634,13669614.778,436511.36499000015,872446.295119999,0.5003303554976539
peru,bcp,Banco de Crédito del Perú,market,2022-09-30,2022,9,184804962.038,163288564.642,21516397.396,149253039.186,14035525.456,449590.6858899999,880002.7971200002,0.510896882784217
peru,bcp,Banco de Crédito del Perú,market,2022-10-31,2022,10,185515390.489,164389844.515,21125545.973,150517546.17999998,13872298.335,348969.95857999986,937730.2897800012,0.372143208322588
peru,bcp,Banco de Crédito del Perú,market,2022-11-30,2022,11,180118916.221,158438752.682,21680163.539,145118506.218,13320246.464000002,378932.2471300005,923004.8580199984,0.4105419856000263
peru,bcp,Banco de Crédito del Perú,market,2022-12-31,2022,12,178192735.689,156191866.429,22000869.259,143001161.906,13190704.523,332958.8873599996,954683.03675,0.3487638038416205
peru,bcp,Banco de Crédito del Perú,market,2023-01-31,2023,1,180459638.029,157976467.781,22483170.247,144669550.095,13306917.686,482421.8246000001,985064.75854,0.4897361522860841
peru,bcp,Banco de Crédito del Perú,market,2023-02-28,2023,2,181112488.854,158276258.488,22836230.365,145075286.989,13200971.499000002,362205.84499,886848.1731000001,0.4084192266235384
peru,bcp,Banco de Crédito del Perú,market,2023-03-31,2023,3,179242001.819,158500651.073,20741350.745,148125694.738,10374956.335,486761.4664999999,955014.1370100002,0.5096903256573498
peru,bcp,Banco de Crédito del Perú,market,2023-04-30,2023,4,177263128.409,156128686.219,21134442.19,145837990.814,10290695.405,383029.44927,949100.86736,0.4035708557884127
peru,bcp,Banco de Crédito del Perú,market,2023-05-31,2023,5,176573465.477,154905502.721,21667962.755,144675550.204,10229952.517,456025.44827000005,1000083.136429999,0.4559875390938757
peru,bcp,Banco de Crédito del Perú,market,2023-06-30,2023,6,175851540.191,153623073.192,22228466.999,143535572.953,10087500.239,456989.35288000014,967073.4051900012,0.4725487749197438
peru,bcp,Banco de Crédito del Perú,market,2023-07-31,2023,7,175662924.493,153016072.689,22646851.804,142951310.249,10064762.44,391088.1686200001,995004.5935799992,0.3930516212119943
peru,bcp,Banco de Crédito del Perú,market,2023-08-31,2023,8,176909244.334,153863459.318,23045785.015,143601255.58999997,10262203.728,403379.61319,995280.91854,0.4052922201921911
peru,bcp,Banco de Crédito del Perú,market,2023-09-30,2023,9,179094074.368,155840198.989,23253875.379,145312563.906,10527635.083,333092.5244499999,955652.148190001,0.3485499667225936
peru,bcp,Banco de Crédito del Perú,market,2023-10-31,2023,10,178661852.374,155754996.182,22906856.191,145116434.185,10638561.997,316138.83127,1023146.998619998,0.3089867161770521
peru,bcp,Banco de Crédito del Perú,market,2023-11-30,2023,11,175861922.373,152292819.959,23569102.414,141848679.819,10444140.14,343893.6088700001,968091.4972400012,0.3552284157545336
peru,bcp,Banco de Crédito del Perú,market,2023-12-31,2023,12,178267195.422,154292684.82,23974510.602,144009183.986,10283500.834,249481.92038000005,1072984.363810001,0.2325121677394519
peru,bcp,Banco de Crédito del Perú,market,2024-01-31,2024,1,185299401.012,160762459.725,24536941.287,147293059.43199998,13469400.293,483344.32604,1068412.54692,0.4523948426414274
peru,bcp,Banco de Crédito del Perú,market,2024-02-29,2024,2,182258366.573,157382781.104,24875585.468,143958934.9,13423846.204,399844.51647,966358.53652,0.4137641479423353
peru,bcp,Banco de Crédito del Perú,market,2024-03-31,2024,3,180604512.682,159419276.947,21185235.734,146168009.731,13251267.216,389145.35464000015,1043480.22918,0.3729302614059137
peru,bcp,Banco de Crédito del Perú,market,2024-04-30,2024,4,185082074.318,163503873.162,21578201.156,150162411.384,13341461.778,421291.5650499999,1041108.9963099998,0.4046565408071417
peru,bcp,Banco de Crédito del Perú,market,2024-05-31,2024,5,185051833.305,162979041.615,22072791.69,149629959.806,13349081.809,416645.6744899999,1067006.53368,0.3904809027298364
peru,bcp,Banco de Crédito del Perú,market,2024-06-30,2024,6,186928276.915,164396594.767,22531682.148,150847435.003,13549159.764,437963.9632100002,1072539.6125600005,0.408342925595673
peru,bcp,Banco de Crédito del Perú,market,2024-07-31,2024,7,186661554.943,163558333.35,23103221.592,150280256.283,13278077.067,507233.2209800002,1094346.2450900003,0.4635034142583317
peru,bcp,Banco de Crédito del Perú,market,2024-08-31,2024,8,188454455.139,164667535.404,23786919.735,151297121.904,13370413.5,505920.2618299997,1078318.0003499985,0.469175383945913
peru,bcp,Banco de Crédito del Perú,market,2024-09-30,2024,9,188907244.804,164523626.035,24383618.768,151514733.014,13008893.021,492183.9875299996,1081709.2660100013,0.4550057977643772
peru,bcp,Banco de Crédito del Perú,market,2024-10-31,2024,10,192441498.248,168362891.08,24078607.167,155164464.22100002,13198426.859,366973.0051800008,1092736.5771500005,0.335829341539124
peru,bcp,Banco de Crédito del Perú,market,2024-11-30,2024,11,192344844.749,167803793.319,24541051.43,154658981.607,13144811.712,368343.73776999954,1071997.1022799984,0.3436051617924902
peru,bcp,Banco de Crédito del Perú,market,2024-12-31,2024,12,194904561.672,169937503.852,24967057.819,156747630.12,13189873.732,427802.5723600006,1160351.759320002,0.3686835211166522
peru,bcp,Banco de Crédito del Perú,market,2025-01-31,2025,1,193003627.093,167406469.351,25597157.781,156927120.139,10479349.212,592086.43107,1118076.28648,0.5295581689994023
peru,bcp,Banco de Crédito del Perú,market,2025-02-28,2025,2,194684421.409,168488211.101,26196210.308,158094394.275,10393816.826,478613.3886900001,1001680.83352,0.4778102691733731
peru,bcp,Banco de Crédito del Perú,market,2025-03-31,2025,3,192774051.412,170896727.122,21877324.292,160591492.692,10305234.43,505082.5549599999,1129129.7266599997,0.4473202175396175
peru,bcp,Banco de Crédito del Perú,market,2025-04-30,2025,4,194397487.445,171962393.834,22435093.614,158866588.394,13095805.44,489380.21443000017,1120199.37152,0.4368688528774654
peru,bcp,Banco de Crédito del Perú,market,2025-05-31,2025,5,195592672.858,172543367.423,23049305.45,159568288.185,12975079.238,585898.7118299997,1149767.65233,0.5095800970245407
peru,bcp,Banco de Crédito del Perú,market,2025-06-30,2025,6,189082799.436,165339085.389,23743714.046,155658009.759,9681075.63,635821.2130700005,1210055.0971400002,0.5254481507270058
peru,bcp,Banco de Crédito del Perú,market,2025-07-31,2025,7,192072876.479,167751796.551,24321079.928,157991803.15399998,9759993.397,552518.6122300001,1160649.7292800006,0.476042511613517
peru,bcp,Banco de Crédito del Perú,market,2025-08-31,2025,8,192847419.05,167923681.538,24923737.511,158241803.32,9681878.218,510955.3311599996,1138940.6110699996,0.4486233313605112
peru,bcp,Banco de Crédito del Perú,market,2025-09-30,2025,9,192956279.002,167377372.295,25578906.706,157913165.98999998,9464206.305,537907.0070099998,1129000.8597199991,0.4764451704167921
peru,bcp,Banco de Crédito del Perú,market,2025-10-31,2025,10,193863387.625,167719942.739,26143444.885,156773775.66799998,10946167.071,570586.95199,1162128.6473800018,0.4909843271451727
peru,bcp,Banco de Crédito del Perú,market,2025-11-30,2025,11,198161962.977,171401515.806,26760447.171,160524673.741,10876842.065,534163.2005800009,1132493.5137099978,0.4716699867269935
peru,bcp,Banco de Crédito del Perú,market,2025-12-31,2025,12,202161921.029,174844779.813,27317141.216,163929407.69799998,10915372.115,485277.7020999994,1247407.603720002,0.3890289754951075
peru,bcp,Banco de Crédito del Perú,market,2026-01-31,2026,1,206218326.898,178199619.99,28018706.908,167383276.201,10816343.789,724623.79327,1272183.37857,0.5695906781021732
peru,bcp,Banco de Crédito del Perú,market,2026-02-28,2026,2,208054241.282,179533490.255,28520751.027,168674245.29,10859244.965,546624.1202799999,1099195.81276,0.4972945802144815
peru,bcp,Banco de Crédito del Perú,market,2026-03-31,2026,3,212266640.272,188869418.245,23397222.027,177666356.46,11203061.785,678241.5210800001,1306349.81275,0.5191882866750922
peru,bcp,Banco de Crédito del Perú,market,2026-04-30,2026,4,213960137.135,189829887.962,24130249.172,178523198.97000003,11306688.992,609105.1490499997,1274894.6759300004,0.4777689957844355
peru,interbank,Interbank,market,2010-01-31,2010,1,16177556.0,14740014.0,1437542.0,14241321.0,498693.0,38984.0,123275.0,0.3162360575948083
peru,interbank,Interbank,market,2010-02-28,2010,2,15665820.0,14202059.0,1463761.0,13701915.0,500144.0,34680.0,117221.0,0.2958514259390382
peru,interbank,Interbank,market,2010-03-31,2010,3,16267200.0,14942717.0,1324483.0,14442811.0,499906.0,41726.0,124707.0,0.334592284314433
peru,interbank,Interbank,market,2010-04-30,2010,4,17058668.0,15702493.0,1356175.0,14635711.0,1066782.0,35601.0,125234.0,0.28427583563569
peru,interbank,Interbank,market,2010-05-31,2010,5,16801671.0,15421562.0,1380109.0,14925544.0,496018.0,41600.0,129038.0,0.3223856538384042
peru,interbank,Interbank,market,2010-06-30,2010,6,17260824.0,15859610.0,1401214.0,15362941.0,496669.0,34427.0,120958.0,0.2846194546867507
peru,interbank,Interbank,market,2010-07-31,2010,7,17303820.597,15846477.047,1457343.56,15352201.397,494275.65,35009.52299999999,128144.97699999996,0.2732024603664332
peru,interbank,Interbank,market,2010-08-31,2010,8,17501222.388,15995177.746,1506044.643,15500773.113,494404.633,62281.22600000002,156868.58700000006,0.3970280295824938
peru,interbank,Interbank,market,2010-09-30,2010,9,17189755.083,15627175.958,1562579.126,15133430.565,493745.393,60131.97200000001,149792.70099999988,0.4014345932649953
peru,interbank,Interbank,market,2010-10-31,2010,10,18250176.784,16626781.524,1623395.261,16136804.001,489977.523,41443.13299999997,126338.19200000004,0.3280332917855905
peru,interbank,Interbank,market,2010-11-30,2010,11,17863689.621,16216014.167,1647675.457,15723052.495,492961.672,40130.99300000002,120340.85199999996,0.3334777204336232
peru,interbank,Interbank,market,2010-12-31,2010,12,18138715.896,16445988.807,1692727.092,15953034.276,492954.531,68203.01855999994,165188.27032999997,0.4128805176284574
peru,interbank,Interbank,market,2011-01-31,2011,1,18411556.969,16697956.262,1713600.708,16210290.78,487665.482,40102.78586,134340.80344999998,0.2985153045844762
peru,interbank,Interbank,market,2011-02-28,2011,2,18321400.34,16569747.959,1751652.383,16079515.818,490232.141,39383.88487,122022.71818000004,0.322758626077346
peru,interbank,Interbank,market,2011-03-31,2011,3,18919679.471,17384178.459,1535501.01,16891192.121,492986.338,46464.25153000001,122690.24778,0.3787118566531597
peru,interbank,Interbank,market,2011-04-30,2011,4,19960102.245,18399324.435,1560777.81,17908671.875,490652.56000000006,39353.30201,130601.92651000002,0.3013225230409351
peru,interbank,Interbank,market,2011-05-31,2011,5,19442629.069,17828068.568,1614560.507,17340807.793,487260.775,45084.06717999998,135063.79598999996,0.3337983124903285
peru,interbank,Interbank,market,2011-06-30,2011,6,19438194.998,17831176.386,1607018.612,17371832.806,459343.58,40573.85676000002,133253.00467000005,0.3044873686749566
peru,interbank,Interbank,market,2011-07-31,2011,7,19044254.142,17352819.138,1691435.006,16895835.499,456983.639,48042.08599999995,127283.57464,0.3774413637885237
peru,interbank,Interbank,market,2011-08-31,2011,8,18518812.938,16789155.038,1729657.901,16330522.035999998,458633.002,49742.45722000004,137685.43487,0.3612761020580421
peru,interbank,Interbank,market,2011-09-30,2011,9,18703946.14,16927386.279,1776559.861,16465886.034,461500.245,65866.66531000001,125992.24465999984,0.5227834894738678
peru,interbank,Interbank,market,2011-10-31,2011,10,18867640.141,16998810.862,1868829.279,16541418.521,457392.341,40233.24233999994,132498.03926,0.3036516054479155
peru,interbank,Interbank,market,2011-11-30,2011,11,19276769.338,17374211.504,1902557.835,16934552.981000002,439658.523,39425.70893000002,133144.26651,0.2961127051388195
peru,interbank,Interbank,market,2011-12-31,2011,12,19508424.001,17552866.63,1955557.37,17111422.608999997,441444.021,46655.65898999997,137551.27103000018,0.3391874072892011
peru,interbank,Interbank,market,2012-01-31,2012,1,20147980.866,18128703.41,2019277.454,17689010.876000002,439692.534,46906.24407,138945.87247,0.337586451732329
peru,interbank,Interbank,market,2012-02-29,2012,2,19472353.971,17390397.358,2081956.612,16950122.175,440275.183,47244.60147000001,140711.42395000003,0.3357552652355203
peru,interbank,Interbank,market,2012-03-31,2012,3,20486373.565,18558028.845,1928344.72,18118638.955,439389.89,48368.371580000006,148103.96074,0.326583916718553
peru,interbank,Interbank,market,2012-04-30,2012,4,20972541.167,18994594.332,1977946.834,18559695.576,434898.756,54280.84824999998,154961.8883,0.3502851497583357
peru,interbank,Interbank,market,2012-05-31,2012,5,22156839.096,20154333.251,2002505.843,19714352.834,439980.417,48462.136750000005,133145.90256999992,0.3639776802333184
peru,interbank,Interbank,market,2012-06-30,2012,6,22609711.573,20547458.068,2062253.504,19970361.767,577096.301,40168.14907999997,142625.50769000011,0.2816336974400567
peru,interbank,Interbank,market,2012-07-31,2012,7,21915001.75,19789484.66,2125517.089,19215964.65,573520.01,59866.09004000004,156755.20874000003,0.3819081389460949
peru,interbank,Interbank,market,2012-08-31,2012,8,21894761.035,19744230.151,2150530.882,19169538.285,574691.8659999999,50192.72317000001,139312.7721399999,0.3602880224044334
peru,interbank,Interbank,market,2012-09-30,2012,9,22797037.343,20582180.107,2214857.237,20007563.354,574616.753,49174.03414,141656.55920000002,0.3471355962456555
peru,interbank,Interbank,market,2012-10-31,2012,10,22656787.249,20395106.73,2261680.519,19824511.272,570595.458,40231.32913999999,143735.70499,0.2798979498016792
peru,interbank,Interbank,market,2012-11-30,2012,11,23250494.1,20934640.991,2315853.108,20362845.27,571795.7209999999,39799.07533999998,137509.98757999996,0.2894267975760368
peru,interbank,Interbank,market,2012-12-31,2012,12,23154953.632,20780561.147,2374392.486,20213324.903,567236.244,45752.33725999994,148429.9747299999,0.3082418988699909
peru,interbank,Interbank,market,2013-01-31,2013,1,23803175.982,21369791.383,2433384.598,20650710.056,719081.3269999999,47541.3394,159145.19959,0.2987293334796087
peru,interbank,Interbank,market,2013-02-28,2013,2,24431402.598,21951007.969,2480394.629,21228468.221,722539.7479999999,43256.5307,154360.52596000003,0.280230521572654
peru,interbank,Interbank,market,2013-03-31,2013,3,25117554.0,22839129.406,2278424.594,22251918.842,587210.564,72990.97377000001,192531.08095,0.3791126783781765
peru,interbank,Interbank,market,2013-04-30,2013,4,24991222.813,22684483.418,2306739.394,22096889.504,587593.914,55733.98816999997,172469.22645000002,0.3231532332880128
peru,interbank,Interbank,market,2013-05-31,2013,5,25962646.554,23633202.122,2329444.432,23035235.720000003,597966.402,72542.01657,199033.45049000008,0.3644714815093088
peru,interbank,Interbank,market,2013-06-30,2013,6,27253031.974,24902082.305,2350949.669,24302376.204,599706.101,41029.40633999999,161064.86329999997,0.2547384047604378
peru,interbank,Interbank,market,2013-07-31,2013,7,27772430.907,25376354.444,2396076.463,24780198.971,596155.473,58068.46795000002,182917.9431800001,0.317456379294938
peru,interbank,Interbank,market,2013-08-31,2013,8,27249032.18,24815804.028,2433228.151,24214898.976,600905.052,50056.513460000046,175030.29000000004,0.2859877193827425
peru,interbank,Interbank,market,2013-09-30,2013,9,28376633.724,25888685.196,2487948.528,25287799.186,600886.01,48737.99222999992,173470.7560899998,0.2809579742922994
peru,interbank,Interbank,market,2013-10-31,2013,10,27711813.397,25144229.073,2567584.324,24588791.882,555437.191,49974.943680000026,176854.9170299999,0.2825759357967004
peru,interbank,Interbank,market,2013-11-30,2013,11,29015514.213,26417065.63,2598448.583,25857249.941,559815.689,49150.53576,174988.81166000012,0.2808781618307034
peru,interbank,Interbank,market,2013-12-31,2013,12,29528773.992,26877134.414,2651639.578,26179534.933,697599.481,58007.60916000011,194471.99899999984,0.2982825777401515
peru,interbank,Interbank,market,2014-01-31,2014,1,31385681.502,28696861.968,2688819.534,28000183.685,696678.2829999999,50461.5786,190690.58005,0.2646254397399636
peru,interbank,Interbank,market,2014-02-28,2014,2,31147745.284,28404478.21,2743267.074,27705945.256,698532.954,48450.15630000001,178839.79974000002,0.2709137248556393
peru,interbank,Interbank,market,2014-03-31,2014,3,31623602.673,29101059.737,2522542.935,27554948.653,1546111.084,63063.90414999999,193819.85856,0.3253738013149853
peru,interbank,Interbank,market,2014-04-30,2014,4,31453040.29,28859700.52,2593339.769,27308475.228,1551225.292,58376.38056000002,197009.59407999995,0.2963123741897313
peru,interbank,Interbank,market,2014-05-31,2014,5,30459391.68,27785292.239,2674099.441,26242916.901,1542375.338,58065.89022999996,190514.9950600001,0.3047838319063174
peru,interbank,Interbank,market,2014-06-30,2014,6,30535465.761,27814651.538,2720814.222,26261536.171,1553115.367,47009.545510000025,181610.98270000005,0.2588474816396663
peru,interbank,Interbank,market,2014-07-31,2014,7,30904430.037,28112070.932,2792359.105,26556520.984,1555549.948,70121.19469000003,204879.02079,0.3422565883984477
peru,interbank,Interbank,market,2014-08-31,2014,8,30616485.237,27762700.652,2853784.585,26178670.095,1584030.557,62530.90894,186720.57296,0.3348903013134798
peru,interbank,Interbank,market,2014-09-30,2014,9,31406623.106,28503443.604,2903179.502,26923378.915,1580064.689,59213.04476999998,193450.3979199999,0.3060890306076658
peru,interbank,Interbank,market,2014-10-31,2014,10,30790098.793,27820241.251,2969857.542,26223062.501,1597178.75,62772.21678000002,204861.99714999995,0.3064122075020005
peru,interbank,Interbank,market,2014-11-30,2014,11,31297657.941,28275452.864,3022205.076,26670854.966,1604597.8979999998,62677.47782999999,207282.53593,0.3023770311801201
peru,interbank,Interbank,market,2014-12-31,2014,12,32836081.167,29741106.577,3094974.59,28111372.379,1629734.198,65944.17451000004,221294.17375000007,0.2979932701911001
peru,interbank,Interbank,market,2015-01-31,2015,1,33244085.076,30046862.762,3197222.313,28385684.945,1661177.817,79497.56187,217356.4056,0.36574749959888
peru,interbank,Interbank,market,2015-02-28,2015,2,33643018.615,30384530.079,3258488.536,28700112.112,1684417.967,61777.168990000006,206748.8497,0.2988029634972136
peru,interbank,Interbank,market,2015-03-31,2015,3,34915509.836,31921816.957,2993692.879,30259168.708,1662648.249,81707.59308999998,231465.69712999996,0.3530008727129441
peru,interbank,Interbank,market,2015-04-30,2015,4,33679212.137,30600896.769,3078315.367,28921441.221,1679455.548,76446.58054,241632.91487,0.3163748638347914
peru,interbank,Interbank,market,2015-05-31,2015,5,34657579.584,31524403.365,3133176.219,29822846.136,1701557.229,67239.78781000001,227076.34513000012,0.2961109303195167
peru,interbank,Interbank,market,2015-06-30,2015,6,35412650.446,32228021.839,3184628.607,30519118.458,1708903.381,62852.734670000034,234475.4461399999,0.2680567867753287
peru,interbank,Interbank,market,2015-07-31,2015,7,36728405.612,33475915.547,3252490.064,31758935.979,1716979.568,76592.12616999994,244245.4789400001,0.3135866690446095
peru,interbank,Interbank,market,2015-08-31,2015,8,39508545.037,36232844.588,3275700.449,34486871.465,1745973.123,80101.15875000006,262262.1624400001,0.3054240001865517
peru,interbank,Interbank,market,2015-09-30,2015,9,39225183.036,35875461.937,3349721.098,34159673.004,1715788.9330000002,81130.69390999991,260364.3414899998,0.311604474889723
peru,interbank,Interbank,market,2015-10-31,2015,10,41042466.169,37595430.283,3447035.885,35849626.781,1745803.502,76212.29034000007,241665.7290900005,0.3153624248956594
peru,interbank,Interbank,market,2015-11-30,2015,11,41860907.752,38333104.456,3527803.295,36542892.057,1790212.399,64824.07675999997,231433.76071999967,0.2800977547887986
peru,interbank,Interbank,market,2015-12-31,2015,12,41505522.43,37954548.2,3550974.229,36150289.285,1804258.915,51959.19299000001,254498.50611,0.2041630569239651
peru,interbank,Interbank,market,2016-01-31,2016,1,40621803.782,37022445.798,3599357.984,35190470.438,1831975.36,76755.25634,253709.23922,0.3025323656953734
peru,interbank,Interbank,market,2016-02-29,2016,2,40306465.882,36588552.376,3717913.506,34724521.098000005,1864031.278,58815.08418999998,228876.88558,0.2569725817482874
peru,interbank,Interbank,market,2016-03-31,2016,3,41164993.571,37709344.578,3455648.993,35950935.96,1758408.618,84674.75577000002,260754.92386999997,0.3247292688218414
peru,interbank,Interbank,market,2016-04-30,2016,4,39837134.113,36266429.74,3570704.372,34518795.878,1747633.862,80178.49005,269940.69096000004,0.2970226154673394
peru,interbank,Interbank,market,2016-05-31,2016,5,40616000.514,36967877.042,3648123.471,35175644.024000004,1792233.018,62386.864760000026,244498.81283000016,0.2551622400039118
peru,interbank,Interbank,market,2016-06-30,2016,6,39128640.741,35408169.929,3720470.812,33650313.933,1757855.996,62735.60446999996,241942.89344999983,0.2592992237772215
peru,interbank,Interbank,market,2016-07-31,2016,7,40434307.2,36603861.908,3830445.291,34816156.798,1787705.11,72913.10907,243428.45638999995,0.299525824348099
peru,interbank,Interbank,market,2016-08-31,2016,8,42333096.256,38461980.68,3871115.576,36649446.149,1812534.531,56567.30124999996,251597.97453999985,0.2248321011066276
peru,interbank,Interbank,market,2016-09-30,2016,9,41947134.203,37972519.046,3974615.157,36182649.485,1789869.561,81515.22784000007,256017.5090699999,0.3183970820437609
peru,interbank,Interbank,market,2016-10-31,2016,10,39775093.663,35738312.944,4036780.718,33957911.018,1780401.926,80074.61451999994,266781.99035000056,0.3001500004364885
peru,interbank,Interbank,market,2016-11-30,2016,11,40533275.406,36439052.033,4094223.372,34629132.858,1809919.175,69418.80516999995,241865.69122999956,0.2870138580506108
peru,interbank,Interbank,market,2016-12-31,2016,12,42477384.602,38293802.525,4183582.076,36506901.52,1786901.005,89039.75082000007,276978.74514000025,0.321467810733977
peru,interbank,Interbank,market,2017-01-31,2017,1,42772913.544,38523205.427,4249708.116,36761343.281,1761862.146,64023.832740000005,266391.01513,0.2403378083482135
peru,interbank,Interbank,market,2017-02-28,2017,2,41280109.328,36962108.256,4318001.071,35200735.743,1761372.513,59197.13795,233979.19045,0.2530017213759447
peru,interbank,Interbank,market,2017-03-31,2017,3,40092371.024,36085738.653,4006632.37,34353854.581,1731884.072,76397.34352000001,261083.06054000003,0.2926170061052096
peru,interbank,Interbank,market,2017-04-30,2017,4,40131322.289,36055520.992,4075801.297,34313913.884,1741607.108,77195.88716999997,266322.63297000004,0.289858531019764
peru,interbank,Interbank,market,2017-05-31,2017,5,40922554.269,36762212.483,4160341.785,35005283.761,1756928.722,70318.63819000003,258392.86307000008,0.2721384691300483
peru,interbank,Interbank,market,2017-06-30,2017,6,41473454.431,37239199.828,4234254.602,35491499.816,1747700.012,68182.94292999996,251931.15273,0.2706411739522864
peru,interbank,Interbank,market,2017-07-31,2017,7,40623743.155,36296220.776,4327522.379,34550626.480000004,1745594.296,80304.67378000001,263647.47752,0.3045910946517901
peru,interbank,Interbank,market,2017-08-31,2017,8,41937017.735,37532114.741,4404902.993,35776736.570999995,1755378.17,67655.57757999998,256026.24714999995,0.2642525066594524
peru,interbank,Interbank,market,2017-09-30,2017,9,41902931.758,37336084.675,4566847.082,35595175.801,1740908.874,73883.97479000001,253160.3056599996,0.2918466012962868
peru,interbank,Interbank,market,2017-10-31,2017,10,43858668.621,39180892.86,4677775.76,37441885.022,1739007.838,80015.38173999998,257439.59267000016,0.3108122605001476
peru,interbank,Interbank,market,2017-11-30,2017,11,43457291.093,38733898.547,4723392.546,36992132.342,1741766.205,70332.65661000006,220269.98907000013,0.3193020388612671
peru,interbank,Interbank,market,2017-12-31,2017,12,45571341.169,40814336.104,4757005.064,39071012.581,1743323.523,114491.73939999996,-27961.43250000011,-4.0946306810282165
peru,interbank,Interbank,market,2018-01-31,2018,1,44705500.502,39889226.425,4816274.077,36590195.66,3299030.765,134660.13796000002,378826.29042,0.3554667175044899
peru,interbank,Interbank,market,2018-02-28,2018,2,43915649.618,39040086.527,4875563.09,35691304.244,3348782.283,69019.57632,214116.16682999997,0.3223464035520442
peru,interbank,Interbank,market,2018-03-31,2018,3,45100497.828,40562591.164,4537906.664,37267871.852,3294719.312,80520.24690999999,237410.78055,0.3391600277100389
peru,interbank,Interbank,market,2018-04-30,2018,4,45231660.79,40615434.548,4616226.242,37295480.601,3319953.947,77825.13153000001,236818.48430000013,0.3286277748125929
peru,interbank,Interbank,market,2018-05-31,2018,5,43747091.746,39063932.648,4683159.097,35713426.528000005,3350506.12,90068.50430999993,235483.61956999984,0.3824830978667124
peru,interbank,Interbank,market,2018-06-30,2018,6,44998175.112,40241138.617,4757036.494,36893021.29,3348117.327,81946.89961000008,233829.6639700001,0.3504555333942305
peru,interbank,Interbank,market,2018-07-31,2018,7,44801791.091,39940703.838,4861087.253,36588264.483,3352439.355,81498.05556000001,236722.12543999983,0.3442773057588852
peru,interbank,Interbank,market,2018-08-31,2018,8,46578647.552,41635201.763,4943445.788,38252118.736,3383083.027,77693.48441000003,235298.11563000013,0.3301916983141969
peru,interbank,Interbank,market,2018-09-30,2018,9,45084287.457,40070520.352,5013767.104,36709514.593,3361005.759,83759.64226999995,234241.5986700002,0.3575779995764143
peru,interbank,Interbank,market,2018-10-31,2018,10,47643506.491,42571671.171,5071835.319,39147968.928,3423702.243,83782.32487999997,236809.9060099996,0.3537956933121799
peru,interbank,Interbank,market,2018-11-30,2018,11,46706559.752,41529894.779,5176664.972,38083102.146,3446792.633,82423.08179999993,242725.57293999987,0.3395731269748588
peru,interbank,Interbank,market,2018-12-31,2018,12,47550656.864,42243846.978,5306809.886,38804547.246,3439299.732,96865.48713000014,247245.72138000047,0.3917782139538999
peru,interbank,Interbank,market,2019-01-31,2019,1,47068794.363,41658311.571,5410482.792,38250387.031,3407924.54,78111.89281,247537.19519,0.3155561843950131
peru,interbank,Interbank,market,2019-02-28,2019,2,48866762.15,43389588.924,5477173.225,39999782.657000005,3389806.267,77172.13080999999,240795.66992,0.3204880338406377
peru,interbank,Interbank,market,2019-03-31,2019,3,49260524.485,44087680.251,5172844.233,40410181.572,3677498.679,131376.56212000002,309259.75547,0.4248097587749154
peru,interbank,Interbank,market,2019-04-30,2019,4,48979322.986,43723140.19,5256182.796,40046622.204,3676517.986,86862.28320999997,270000.00936000014,0.3217121488843489
peru,interbank,Interbank,market,2019-05-31,2019,5,50712887.841,45343642.639,5369245.201,41603773.093,3739869.546,91864.09892000002,264724.64073999994,0.3470175600699921
peru,interbank,Interbank,market,2019-06-30,2019,6,50312992.567,44828878.93,5484113.637,41162762.485,3666116.445,106845.25704,286361.49254,0.3731132146724492
peru,interbank,Interbank,market,2019-07-31,2019,7,50209925.983,44625285.79,5584640.193,41091988.131,3533297.659,202103.80487999995,397500.65693000006,0.5084364047116291
peru,interbank,Interbank,market,2019-08-31,2019,8,50766402.004,45057258.412,5709143.591,41442171.992,3615086.42,90433.76113999996,281280.94338000007,0.3215068893516448
peru,interbank,Interbank,market,2019-09-30,2019,9,52866975.149,47064432.02,5802543.128,41821803.659,5242628.361,98173.10225,288980.17333000014,0.3397226222087267
peru,interbank,Interbank,market,2019-10-31,2019,10,52424680.907,46548236.454,5876444.453,41341629.112,5206607.342,77971.69302000012,259919.39406999943,0.2999841289219126
peru,interbank,Interbank,market,2019-11-30,2019,11,52804773.917,46855548.24,5949225.676,41579308.597,5276239.643,78406.18250000011,257148.5773,0.3049061492902147
peru,interbank,Interbank,market,2019-12-31,2019,12,52704613.306,46675621.772,6028991.534,41503490.686,5172131.086,102195.56744999996,287465.04513000045,0.3555060664985686
peru,interbank,Interbank,market,2020-01-31,2020,1,53473003.053,47334419.576,6138583.476,42083022.444,5251397.132,87961.22265000001,293170.96443,0.3000338823492269
peru,interbank,Interbank,market,2020-02-29,2020,2,53815186.74,47606517.686,6208669.053,42253101.098,5353416.588,88730.14348999999,278721.68380000006,0.3183467546560508
peru,interbank,Interbank,market,2020-03-31,2020,3,53797092.936,47600194.999,6196897.936,42439357.28,5160837.7190000005,55195.31698999999,286587.12249,0.1925952447215277
peru,interbank,Interbank,market,2020-04-30,2020,4,54063309.551,48111304.816,5952004.734,43011762.529,5099542.287,345.7195599999977,252236.7838499999,0.001370615160577
peru,interbank,Interbank,market,2020-05-31,2020,5,59116023.898,53118729.331,5997294.566,47944483.658,5174245.673,1887.9103100000063,269235.8720800001,0.0070121053907669
peru,interbank,Interbank,market,2020-06-30,2020,6,63644286.511,57654464.642,5989821.868,51289268.349,6365196.293,5235.638110000029,270150.03116,0.0193804830875594
peru,interbank,Interbank,market,2020-07-31,2020,7,65614513.485,59535893.896,6078619.588,53182844.31299999,6353049.583000001,5223.944109999982,265810.15117,0.0196529142585641
peru,interbank,Interbank,market,2020-08-31,2020,8,66552338.24,60479904.212,6072434.027,54085184.638,6394719.574,4833.61752,262430.6184800002,0.0184186492719345
peru,interbank,Interbank,market,2020-09-30,2020,9,66936056.824,60880238.557,6055818.267,54429703.88599999,6450534.671,3507.427949999983,273188.22179999994,0.0128388695782344
peru,interbank,Interbank,market,2020-10-31,2020,10,67596608.106,61494435.307,6102172.798,55006182.144,6488253.163,1288.3854900000151,286251.66471999977,0.0045008838333229
peru,interbank,Interbank,market,2020-11-30,2020,11,66946860.714,60818792.622,6128068.091,54327167.906,6491624.716,1975.215669999976,268483.36387,0.0073569387746362
peru,interbank,Interbank,market,2020-12-31,2020,12,68135894.19,61952488.953,6183405.236,55436598.932,6515890.021,8698.099430000002,276607.0093899998,0.0314456941969109
peru,interbank,Interbank,market,2021-01-31,2021,1,67119247.901,60975735.51,6143512.391,54445399.146,6530336.364,45093.62129,303501.00733,0.1485781602067936
peru,interbank,Interbank,market,2021-02-28,2021,2,69429890.445,63346823.211,6083067.233,56786188.585,6560634.626,32912.30880000001,236389.3028,0.1392292646501261
peru,interbank,Interbank,market,2021-03-31,2021,3,69798241.604,63750155.509,6048086.095,57049737.874000005,6700417.635,55925.86875999998,270711.55412,0.2065884071398348
peru,interbank,Interbank,market,2021-04-30,2021,4,68482317.882,62509602.865,5972715.016,55747263.117,6762339.748,51888.80102000001,245143.31874000013,0.2116672046650125
peru,interbank,Interbank,market,2021-05-31,2021,5,67746556.007,61647879.654,6098676.353,54824763.951,6823115.703,79626.94493999999,259009.54866999996,0.3074286077439231
peru,interbank,Interbank,market,2021-06-30,2021,6,68974350.985,62831212.099,6143138.885,55944173.382,6887038.717,93861.42036000003,269098.9456,0.3487989153979058
peru,interbank,Interbank,market,2021-07-31,2021,7,68972546.216,62822132.75,6150413.466,55666605.116,7155527.634,94241.26718999998,277834.35457,0.3391994749384243
peru,interbank,Interbank,market,2021-08-31,2021,8,69133936.259,62971877.302,6162058.956,55731160.006,7240717.296,124655.76792999996,266471.1955299999,0.4678020364717655
peru,interbank,Interbank,market,2021-09-30,2021,9,70201928.487,63941902.138,6260026.349,56809535.455,7132366.683,155059.9797599999,241205.47376,0.6428543156291924
peru,interbank,Interbank,market,2021-10-31,2021,10,69405506.192,62936572.302,6468933.89,56013510.182,6923062.12,159863.20631000015,260006.36462000007,0.614843434866068
peru,interbank,Interbank,market,2021-11-30,2021,11,68552587.369,61915800.301,6636787.067,54865686.306,7050113.995,168488.09026999993,267685.1093600001,0.6294264580978478
peru,interbank,Interbank,market,2021-12-31,2021,12,68380066.847,61577237.57,6802829.276,54641510.493,6935727.077,138858.28706,281242.4175,0.4937316649967995
peru,interbank,Interbank,market,2022-01-31,2022,1,66697767.424,59826294.07,6871473.354,53126640.122,6699653.948,111552.60952,277385.04355,0.4021579826090807
peru,interbank,Interbank,market,2022-02-28,2022,2,67337781.382,60399684.065,6938097.316,53821827.28,6577856.785,88928.75216999999,257269.4576200001,0.3456638537379444
peru,interbank,Interbank,market,2022-03-31,2022,3,65274649.458,58944727.624,6329921.834,52480344.25,6464383.374,113213.74062,295305.61653,0.3833782166093635
peru,interbank,Interbank,market,2022-04-30,2022,4,64996946.007,58744475.509,6252470.498,52055423.693,6689051.816,110002.06304000004,283334.64561999985,0.3882407772593105
peru,interbank,Interbank,market,2022-05-31,2022,5,64646599.498,58248798.061,6397801.437,51750819.83499999,6497978.226,81603.49053999997,300902.4161800002,0.2711958633498797
peru,interbank,Interbank,market,2022-06-30,2022,6,65855324.755,59413791.706,6441533.048,52860798.922,6552992.784,93615.36846000009,302066.6767999998,0.3099162391950417
peru,interbank,Interbank,market,2022-07-31,2022,7,66172451.177,59671041.702,6501409.475,52984656.425,6686385.277,91334.92891999986,306205.85923000006,0.2982794945520476
peru,interbank,Interbank,market,2022-08-31,2022,8,67601901.518,60969470.067,6632431.45,54386666.247,6582803.82,82198.48083000013,326183.9387700001,0.2520003932135978
peru,interbank,Interbank,market,2022-09-30,2022,9,68625601.354,61965920.535,6659680.819,55197192.119,6768728.416,106875.05651999998,323907.02966,0.3299559649328544
peru,interbank,Interbank,market,2022-10-31,2022,10,70087509.775,63314364.166,6773145.608,56521410.227,6792953.938999999,83340.33016999986,340275.2317499998,0.2449203538599894
peru,interbank,Interbank,market,2022-11-30,2022,11,68155313.537,61141515.858,7013797.678,54545665.523,6595850.335,112845.43553000002,331700.8426300003,0.3402024385445255
peru,interbank,Interbank,market,2022-12-31,2022,12,66825382.632,59745542.359,7079840.272,53202755.899,6542786.46,96188.18056000024,348330.51217,0.2761405538687244
peru,interbank,Interbank,market,2023-01-31,2023,1,67050500.854,59886423.165,7164077.689,55321413.182,4565009.983,105749.6848,343430.53747000004,0.3079216122685003
peru,interbank,Interbank,market,2023-02-28,2023,2,67269823.814,59961484.799,7308339.014,55429308.439,4532176.36,113744.5897,316326.4590699999,0.3595797519891608
peru,interbank,Interbank,market,2023-03-31,2023,3,67526545.679,60629128.577,6897417.101,56169306.344,4459822.233,94474.41946,355077.28742000007,0.26606719947213
peru,interbank,Interbank,market,2023-04-30,2023,4,67779849.556,60786451.223,6993398.333,56362901.502,4423549.721,82674.51990000001,340021.87004000007,0.2431447126923753
peru,interbank,Interbank,market,2023-05-31,2023,5,66862631.631,59699619.153,7163012.477,55302163.387,4397455.766000001,90390.28590999998,370575.0772699998,0.2439189558453277
peru,interbank,Interbank,market,2023-06-30,2023,6,67829510.514,60550360.97,7279149.543,56202514.457,4347846.513,88882.60551000002,356656.7286200002,0.249210510772951
peru,interbank,Interbank,market,2023-07-31,2023,7,67700255.291,60351808.788,7348446.502,56036374.89,4315433.898,52499.92079,367185.60764000006,0.1429792445500002
peru,interbank,Interbank,market,2023-08-31,2023,8,67792922.196,60383677.628,7409244.568,55964420.552,4419257.075999999,58401.961459999904,364402.50532,0.160267727601692
peru,interbank,Interbank,market,2023-09-30,2023,9,68894714.566,61474868.551,7419846.014,56977317.424,4497551.127,58458.70098000008,347803.7729199999,0.168079548100378
peru,interbank,Interbank,market,2023-10-31,2023,10,68355841.925,60924880.517,7430961.408,56368409.083,4556471.434,44202.772340000025,365764.0881300001,0.1208504983799542
peru,interbank,Interbank,market,2023-11-30,2023,11,68295183.513,60736415.43,7558768.083,56277321.742,4459093.688,45368.42609000008,350811.0491300002,0.1293243932952291
peru,interbank,Interbank,market,2023-12-31,2023,12,68233625.85,60520784.068,7712841.782,56272830.741,4247953.327,65650.0716899999,352893.3155,0.1860337637650716
peru,interbank,Interbank,market,2024-01-31,2024,1,70675819.413,62879065.942,7796753.471,58161396.71,4717669.232,26591.45824,369905.27418,0.0718872103106599
peru,interbank,Interbank,market,2024-02-29,2024,2,71134457.332,63295624.524,7838832.808,58591365.84,4704258.684,62054.70382,334427.03083,0.1855552874000319
peru,interbank,Interbank,market,2024-03-31,2024,3,70936644.538,63500626.217,7436018.32,59256123.633,4244502.584,36313.51639,344509.87866,0.1054063138370501
peru,interbank,Interbank,market,2024-04-30,2024,4,69784671.027,62310619.891,7474051.135,58024126.671,4286493.22,44058.90336999999,364105.8678300001,0.1210057493239052
peru,interbank,Interbank,market,2024-05-31,2024,5,68951964.23,61394512.648,7557451.582,57106347.23,4288165.418,53257.29587999999,366718.7176699999,0.1452265546148772
peru,interbank,Interbank,market,2024-06-30,2024,6,72008360.453,64355739.314,7652621.139,59962369.838,4393369.476,66411.33047000002,350442.59351000027,0.1895070168407051
peru,interbank,Interbank,market,2024-07-31,2024,7,73061285.997,65282860.794,7778425.203,60946163.587,4336697.207,89139.28528000001,378912.1340999999,0.2352505429569457
peru,interbank,Interbank,market,2024-08-31,2024,8,73078190.872,65117215.569,7960975.303,60742146.058,4375069.511,104346.60335,378865.7674699999,0.2754183996268878
peru,interbank,Interbank,market,2024-09-30,2024,9,73896443.157,65785021.797,8111421.36,61295363.215,4489658.582,110070.14516,363279.83647,0.3029899656131609
peru,interbank,Interbank,market,2024-10-31,2024,10,72366223.643,64188678.273,8177545.37,59629074.333,4559603.94,113712.00925,377917.81867,0.3008908382520433
peru,interbank,Interbank,market,2024-11-30,2024,11,72646136.167,64330975.062,8315161.104,59786943.116,4544031.946,108089.04545999994,352917.88638000004,0.3062725059608239
peru,interbank,Interbank,market,2024-12-31,2024,12,73239485.742,64784660.255,8454825.486,60105218.013,4679442.242000001,119625.44846,375868.0093499995,0.3182645117015201
peru,interbank,Interbank,market,2025-01-31,2025,1,73458668.723,64862920.486,8595748.237,58977115.017000005,5885805.469,114236.24613,384198.21019,0.2973367472834036
peru,interbank,Interbank,market,2025-02-28,2025,2,73848400.56,65112268.053,8736132.506,59269922.412,5842345.641,90644.065,340317.18071999995,0.2663517157970889
peru,interbank,Interbank,market,2025-03-31,2025,3,74037040.886,65583361.602,8453679.283,59735365.927,5847995.675,136388.06029000005,389287.2604499998,0.3503532587538085
peru,interbank,Interbank,market,2025-04-30,2025,4,73766894.571,65184713.796,8582180.774,59328688.715,5856025.081,98002.99613999994,363134.9645200004,0.2698803632680824
peru,interbank,Interbank,market,2025-05-31,2025,5,75205291.465,66483815.94,8721475.524,60676545.123,5807270.817,120607.77884999994,380158.22037999984,0.3172567956821831
peru,interbank,Interbank,market,2025-06-30,2025,6,75597871.24,66676996.944,8920874.296,60967614.565,5709382.379000001,108620.7239300001,376165.70692,0.2887576457178237
peru,interbank,Interbank,market,2025-07-31,2025,7,75541530.583,66515381.872,9026148.711,61881036.094,4634345.778,120007.73939,377138.1608000002,0.3182063017315323
peru,interbank,Interbank,market,2025-08-31,2025,8,74121120.841,64900473.925,9220646.916,60300954.772,4599519.153,142463.85335,387436.63398999954,0.3677087834540635
peru,interbank,Interbank,market,2025-09-30,2025,9,74826550.045,65461403.271,9365146.774,60955462.378,4505940.893,127552.16961999994,380451.78023000015,0.3352650092552831
peru,interbank,Interbank,market,2025-10-31,2025,10,74292589.0,64802012.44,9490576.559,60422196.726,4379815.714,109008.32786999992,393152.14103999967,0.2772675422335022
peru,interbank,Interbank,market,2025-11-30,2025,11,74060966.959,64444453.217,9616513.742,60065884.17,4378569.047,130243.23937000008,376358.99444,0.346061184385388
peru,interbank,Interbank,market,2025-12-31,2025,12,76348743.95,66531684.891,9817059.059,62241158.041,4290526.85,160729.69620000012,405181.05852,0.39668610568099
peru,interbank,Interbank,market,2026-01-31,2026,1,76591482.026,66548723.672,10042758.353,60619131.122,5929592.55,159378.07191,409788.46127,0.3889276711600465
peru,interbank,Interbank,market,2026-02-28,2026,2,79221115.113,69063293.016,10157822.097,63116191.6,5947101.416,135725.38429999998,362249.22162,0.3746740536612557
peru,interbank,Interbank,market,2026-03-31,2026,3,80002137.629,70392671.089,9609466.54,64218856.678,6173814.411,172227.02734000003,418412.57508,0.4116201032128884
peru,interbank,Interbank,market,2026-04-30,2026,4,80669416.62,70954638.489,9714778.13,64761660.19399999,6192978.295,142631.69033,382119.2624400002,0.3732648530179653
