DATES,EMBI
27/08/2026,21.735
26/08/2026,21.841
25/08/2026,21.939
24/08/2026,21.803
21/08/2026,22.02
20/08/2026,22.268
19/08/2026,22.345
18/08/2026,22.378
17/08/2026,22.191
14/08/2026,22.124
13/08/2026,22.395
12/08/2026,22.442
11/08/2026,22.661
10/08/2026,22.562
07/08/2026,22.675
06/08/2026,22.407
05/08/2026,22.412
04/08/2026,22.773
03/08/2026,22.932
31/07/2026,22.908
30/07/2026,23.568
29/07/2026,23.393
28/07/2026,23.275
27/07/2026,22.914
24/07/2026,23.327
23/07/2026,22.768
22/07/2026,22.691
21/07/2026,22.644
20/07/2026,22.757
17/07/2026,23.164
16/07/2026,22.561
15/07/2026,22.634
14/07/2026,22.669
13/07/2026,22.666
10/07/2026,22.411
09/07/2026,22.483
08/07/2026,22.699
07/07/2026,22.382
06/07/2026,22.361
03/07/2026,22.5
02/07/2026,22.401
01/07/2026,22.358
30/06/2026,22.406
29/06/2026,22.233
26/06/2026,22.75
25/06/2026,22.075
24/06/2026,22.722
23/06/2026,22.557
22/06/2026,21.723
19/06/2026,21.92
18/06/2026,21.9
17/06/2026,21.809
16/06/2026,21.955
15/06/2026,21.917
12/06/2026,22.569
11/06/2026,23.378
10/06/2026,23.313
09/06/2026,23.417
08/06/2026,23.619
05/06/2026,22.902
04/06/2026,22.922
03/06/2026,22.85
02/06/2026,22.463
01/06/2026,22.25
29/05/2026,22.242
28/05/2026,22.12
27/05/2026,21.489
26/05/2026,21.838
22/05/2026,22.342
21/05/2026,22.885
20/05/2026,23.877
19/05/2026,23.779
18/05/2026,23.821
15/05/2026,23.869
14/05/2026,23.855
13/05/2026,24.18
12/05/2026,24.58
11/05/2026,24.854
08/05/2026,25.419
07/05/2026,26.622
06/05/2026,27.763
05/05/2026,28.689
04/05/2026,28.504
01/05/2026,28.87
30/04/2026,28.949
29/04/2026,28.643
28/04/2026,28.726
27/04/2026,28.782
24/04/2026,29.129
23/04/2026,29.358
22/04/2026,29.327
21/04/2026,29.13
20/04/2026,29.358
17/04/2026,29.461
16/04/2026,29.514
15/04/2026,29.887
14/04/2026,30.068
13/04/2026,30.748
10/04/2026,30.487
09/04/2026,30.742
08/04/2026,29.794
07/04/2026,33.849
03/04/2026,34.48
02/04/2026,34.454
01/04/2026,33.784
31/03/2026,35.378
30/03/2026,35.965
27/03/2026,35.417
26/03/2026,34.272
25/03/2026,32.809
24/03/2026,34.798
23/03/2026,35.397
20/03/2026,33.348
19/03/2026,29.902
18/03/2026,27.78
17/03/2026,28.611
16/03/2026,29.214
13/03/2026,28.704
12/03/2026,27.844
11/03/2026,27.276
10/03/2026,26.763
09/03/2026,28.567
06/03/2026,25.037
05/03/2026,25.056
04/03/2026,26.833
03/03/2026,25.623
02/03/2026,25.484
27/02/2026,24.61
26/02/2026,23.585
25/02/2026,23.212
24/02/2026,23.248
23/02/2026,22.858
20/02/2026,22.663
19/02/2026,22.433
18/02/2026,22.478
17/02/2026,22.467
16/02/2026,22.403
13/02/2026,22.605
12/02/2026,22.073
11/02/2026,21.836
10/02/2026,21.793
09/02/2026,21.843
06/02/2026,21.816
05/02/2026,21.417
04/02/2026,21.155
03/02/2026,21.084
02/02/2026,21.313
30/01/2026,21.503
29/01/2026,21.369
28/01/2026,21.294
27/01/2026,21.42
26/01/2026,20.794
23/01/2026,20.922
22/01/2026,20.832
21/01/2026,21.084
20/01/2026,21.374
19/01/2026,20.867
16/01/2026,20.747
15/01/2026,20.708
14/01/2026,20.793
13/01/2026,20.667
12/01/2026,20.915
09/01/2026,20.835
08/01/2026,21.408
07/01/2026,21.169
06/01/2026,21.268
05/01/2026,21.418
02/01/2026,21.662
01/01/2026,21.757
31/12/2025,21.854
30/12/2025,21.854
29/12/2025,21.828
26/12/2025,21.947
25/12/2025,21.968
24/12/2025,21.855
23/12/2025,21.917
22/12/2025,22.0
19/12/2025,22.0
18/12/2025,22.037
17/12/2025,21.994
16/12/2025,21.989
15/12/2025,21.897
12/12/2025,22.243
11/12/2025,22.5
10/12/2025,22.408
09/12/2025,22.408
08/12/2025,21.912
05/12/2025,22.085
04/12/2025,22.17
03/12/2025,22.592
02/12/2025,23.084
01/12/2025,23.167
28/11/2025,23.003
27/11/2025,22.815
26/11/2025,22.665
25/11/2025,22.916
24/11/2025,23.125
21/11/2025,23.933
20/11/2025,23.248
19/11/2025,23.381
18/11/2025,23.188
17/11/2025,22.5
14/11/2025,22.577
13/11/2025,22.412
12/11/2025,21.803
11/11/2025,22.266
10/11/2025,22.375
07/11/2025,23.244
06/11/2025,22.833
05/11/2025,22.502
04/11/2025,22.92
03/11/2025,21.687
31/10/2025,21.94
30/10/2025,21.941
29/10/2025,22.479
28/10/2025,22.561
27/10/2025,23.085
24/10/2025,24.27
23/10/2025,24.75
22/10/2025,24.5
21/10/2025,24.243
20/10/2025,24.251
17/10/2025,24.118
16/10/2025,23.832
15/10/2025,23.583
14/10/2025,25.046
13/10/2025,24.697
10/10/2025,25.198
09/10/2025,23.75
08/10/2025,23.7
07/10/2025,23.497
06/10/2025,23.596
03/10/2025,23.621
02/10/2025,23.746
01/10/2025,24.469
30/09/2025,24.625
29/09/2025,24.567
26/09/2025,24.497
25/09/2025,24.499
24/09/2025,22.743
23/09/2025,22.047
22/09/2025,21.25
19/09/2025,19.617
18/09/2025,18.37
17/09/2025,18.01
16/09/2025,17.763
15/09/2025,17.695
12/09/2025,17.879
11/09/2025,18.252
10/09/2025,18.314
09/09/2025,18.77
08/09/2025,19.109
05/09/2025,19.115
04/09/2025,19.309
03/09/2025,19.755
02/09/2025,19.954
01/09/2025,20.103
29/08/2025,19.855
28/08/2025,19.797
27/08/2025,19.95
26/08/2025,19.595
25/08/2025,19.67
22/08/2025,19.558
21/08/2025,20.078
20/08/2025,20.301
19/08/2025,20.249
18/08/2025,20.101
15/08/2025,21.0
14/08/2025,21.05
13/08/2025,21.137
12/08/2025,21.394
11/08/2025,21.81
08/08/2025,21.681
07/08/2025,21.968
06/08/2025,22.111
05/08/2025,22.314
04/08/2025,22.649
01/08/2025,23.838
31/07/2025,21.75
30/07/2025,22.191
29/07/2025,22.129
28/07/2025,22.889
25/07/2025,23.675
24/07/2025,22.813
23/07/2025,23.496
22/07/2025,24.077
21/07/2025,24.149
18/07/2025,24.095
17/07/2025,24.157
16/07/2025,24.558
15/07/2025,24.755
14/07/2025,25.036
11/07/2025,25.323
10/07/2025,25.134
09/07/2025,25.126
08/07/2025,25.379
07/07/2025,25.624
04/07/2025,25.642
03/07/2025,25.549
02/07/2025,25.809
01/07/2025,26.343
30/06/2025,26.412
27/06/2025,26.738
26/06/2025,26.873
25/06/2025,26.897
24/06/2025,26.792
23/06/2025,27.952
20/06/2025,27.686
19/06/2025,27.627
18/06/2025,27.45
17/06/2025,27.204
16/06/2025,26.854
13/06/2025,27.567
12/06/2025,27.326
11/06/2025,26.707
10/06/2025,27.025
09/06/2025,27.348
06/06/2025,28.177
05/06/2025,28.344
04/06/2025,28.341
03/06/2025,28.552
02/06/2025,28.908
30/05/2025,29.261
29/05/2025,29.62
28/05/2025,29.638
27/05/2025,30.052
26/05/2025,30.654
23/05/2025,30.747
22/05/2025,30.755
21/05/2025,30.729
20/05/2025,30.476
19/05/2025,31.314
16/05/2025,30.562
15/05/2025,30.387
14/05/2025,29.878
13/05/2025,29.939
12/05/2025,29.098
09/05/2025,31.659
08/05/2025,30.268
07/05/2025,30.837
06/05/2025,31.133
05/05/2025,30.892
02/05/2025,31.162
01/05/2025,32.923
30/04/2025,32.544
29/04/2025,31.613
28/04/2025,32.336
25/04/2025,33.009
24/04/2025,33.046
23/04/2025,33.791
22/04/2025,35.41
21/04/2025,35.408
18/04/2025,35.62
17/04/2025,35.71
16/04/2025,36.09
15/04/2025,35.458
14/04/2025,35.564
11/04/2025,36.165
10/04/2025,36.128
09/04/2025,42.397
08/04/2025,41.727
07/04/2025,47.266
04/04/2025,43.901
03/04/2025,39.909
02/04/2025,37.478
01/04/2025,37.572
31/03/2025,37.878
28/03/2025,35.958
27/03/2025,35.365
26/03/2025,34.795
25/03/2025,34.551
24/03/2025,34.232
21/03/2025,35.027
20/03/2025,34.199
19/03/2025,32.709
18/03/2025,32.625
17/03/2025,32.242
14/03/2025,31.483
13/03/2025,31.519
12/03/2025,31.652
11/03/2025,32.053
10/03/2025,31.093
07/03/2025,30.52
06/03/2025,30.314
05/03/2025,29.987
04/03/2025,30.011
03/03/2025,28.816
28/02/2025,28.813
27/02/2025,28.362
26/02/2025,28.282
25/02/2025,29.353
24/02/2025,28.828
21/02/2025,29.066
20/02/2025,28.61
19/02/2025,28.498
18/02/2025,29.188
17/02/2025,29.936
14/02/2025,30.07
13/02/2025,30.486
12/02/2025,31.328
11/02/2025,31.908
10/02/2025,31.938
07/02/2025,32.174
06/02/2025,33.106
05/02/2025,33.779
04/02/2025,33.722
03/02/2025,34.467
31/01/2025,34.042
30/01/2025,33.694
29/01/2025,33.754
28/01/2025,33.687
27/01/2025,34.312
24/01/2025,33.571
23/01/2025,33.748
22/01/2025,34.5
21/01/2025,35.251
20/01/2025,37.441
17/01/2025,37.086
16/01/2025,37.964
15/01/2025,38.576
14/01/2025,39.217
13/01/2025,40.387
10/01/2025,39.666
09/01/2025,39.043
08/01/2025,38.25
07/01/2025,38.168
06/01/2025,38.496
03/01/2025,37.997
02/01/2025,37.805
01/01/2025,37.393
31/12/2024,37.497
30/12/2024,37.066
27/12/2024,36.847
26/12/2024,36.83
25/12/2024,36.847
24/12/2024,36.914
23/12/2024,36.757
20/12/2024,36.944
19/12/2024,36.905
18/12/2024,36.282
17/12/2024,36.093
16/12/2024,36.265
13/12/2024,36.445
12/12/2024,36.149
11/12/2024,36.502
10/12/2024,36.449
09/12/2024,36.506
06/12/2024,36.129
05/12/2024,35.405
04/12/2024,35.722
03/12/2024,34.41
02/12/2024,33.919
29/11/2024,33.87
28/11/2024,34.14
27/11/2024,34.274
26/11/2024,34.108
25/11/2024,33.815
22/11/2024,33.79
21/11/2024,33.952
20/11/2024,33.55
19/11/2024,34.2
18/11/2024,33.966
15/11/2024,33.907
14/11/2024,33.285
13/11/2024,33.695
12/11/2024,33.015
11/11/2024,32.575
08/11/2024,32.551
07/11/2024,32.856
06/11/2024,33.311
05/11/2024,33.999
04/11/2024,34.093
01/11/2024,34.227
31/10/2024,33.762
30/10/2024,33.314
29/10/2024,33.385
28/10/2024,32.704
25/10/2024,33.204
24/10/2024,32.892
23/10/2024,33.049
22/10/2024,33.026
21/10/2024,32.727
18/10/2024,32.737
17/10/2024,32.55
16/10/2024,32.924
15/10/2024,32.339
14/10/2024,31.68
11/10/2024,31.559
10/10/2024,31.893
09/10/2024,31.562
08/10/2024,31.579
07/10/2024,31.499
04/10/2024,31.466
03/10/2024,31.727
02/10/2024,31.46
01/10/2024,31.134
30/09/2024,31.131
27/09/2024,31.011
26/09/2024,30.672
25/09/2024,31.169
24/09/2024,31.306
23/09/2024,30.758
20/09/2024,31.327
19/09/2024,31.216
18/09/2024,32.134
17/09/2024,31.96
16/09/2024,32.71
13/09/2024,32.297
12/09/2024,32.765
11/09/2024,33.684
10/09/2024,33.147
09/09/2024,32.963
06/09/2024,33.005
05/09/2024,32.747
04/09/2024,33.046
03/09/2024,31.925
02/09/2024,31.432
30/08/2024,31.598
29/08/2024,31.484
28/08/2024,31.822
27/08/2024,31.442
26/08/2024,31.798
23/08/2024,33.02
22/08/2024,33.724
21/08/2024,33.989
20/08/2024,33.369
19/08/2024,34.038
16/08/2024,34.772
15/08/2024,35.455
14/08/2024,36.273
13/08/2024,37.075
12/08/2024,37.601
09/08/2024,37.305
08/08/2024,38.527
07/08/2024,37.895
06/08/2024,37.995
05/08/2024,39.768
02/08/2024,36.511
01/08/2024,34.673
31/07/2024,34.858
30/07/2024,35.824
29/07/2024,35.85
26/07/2024,36.19
25/07/2024,37.051
24/07/2024,35.233
23/07/2024,35.227
22/07/2024,35.721
19/07/2024,36.25
18/07/2024,35.713
17/07/2024,35.626
16/07/2024,35.349
15/07/2024,35.347
12/07/2024,35.255
11/07/2024,35.321
10/07/2024,35.114
09/07/2024,35.358
08/07/2024,35.137
05/07/2024,35.159
04/07/2024,35.065
03/07/2024,35.309
02/07/2024,35.544
01/07/2024,36.265
28/06/2024,36.305
27/06/2024,36.792
26/06/2024,36.702
25/06/2024,36.567
24/06/2024,36.87
21/06/2024,36.613
20/06/2024,35.146
19/06/2024,35.295
18/06/2024,35.556
17/06/2024,35.991
14/06/2024,35.326
13/06/2024,35.001
12/06/2024,35.197
11/06/2024,35.35
10/06/2024,35.487
07/06/2024,35.407
06/06/2024,35.189
05/06/2024,35.327
04/06/2024,34.984
03/06/2024,35.123
31/05/2024,35.408
30/05/2024,35.092
29/05/2024,34.911
28/05/2024,34.588
27/05/2024,34.259
24/05/2024,34.453
23/05/2024,34.56
22/05/2024,34.194
21/05/2024,34.07
20/05/2024,33.837
17/05/2024,33.923
16/05/2024,33.959
15/05/2024,34.651
14/05/2024,34.349
13/05/2024,34.559
10/05/2024,34.667
09/05/2024,35.071
08/05/2024,35.081
07/05/2024,34.505
06/05/2024,34.671
03/05/2024,34.801
02/05/2024,35.969
01/05/2024,37.655
30/04/2024,37.101
29/04/2024,37.0
26/04/2024,38.279
25/04/2024,38.863
24/04/2024,38.228
23/04/2024,39.13
22/04/2024,39.474
19/04/2024,40.071
18/04/2024,38.583
17/04/2024,39.711
16/04/2024,40.062
15/04/2024,38.249
12/04/2024,38.974
11/04/2024,38.509
10/04/2024,37.765
09/04/2024,37.729
08/04/2024,38.235
05/04/2024,38.983
04/04/2024,38.294
03/04/2024,38.278
02/04/2024,38.659
01/04/2024,38.307
29/03/2024,37.165
28/03/2024,37.399
27/03/2024,38.48
26/03/2024,36.825
25/03/2024,36.614
22/03/2024,36.189
21/03/2024,35.38
20/03/2024,34.75
19/03/2024,33.535
18/03/2024,33.521
15/03/2024,33.471
14/03/2024,33.539
13/03/2024,33.308
12/03/2024,33.318
11/03/2024,33.372
08/03/2024,33.481
07/03/2024,33.182
06/03/2024,33.366
05/03/2024,33.069
04/03/2024,32.565
01/03/2024,32.287
29/02/2024,32.883
28/02/2024,32.664
27/02/2024,32.37
26/02/2024,31.943
23/02/2024,31.916
22/02/2024,31.431
21/02/2024,32.513
20/02/2024,32.074
19/02/2024,32.039
16/02/2024,32.227
15/02/2024,33.183
14/02/2024,33.868
09/02/2024,31.58
08/02/2024,32.014
07/02/2024,31.754
06/02/2024,32.051
05/02/2024,33.317
02/02/2024,32.938
01/02/2024,33.766
31/01/2024,31.934
30/01/2024,30.878
29/01/2024,30.557
26/01/2024,29.731
25/01/2024,30.23
24/01/2024,29.703
23/01/2024,29.591
22/01/2024,29.882
19/01/2024,29.368
18/01/2024,30.381
17/01/2024,31.221
16/01/2024,29.078
15/01/2024,28.016
12/01/2024,28.126
11/01/2024,27.9
10/01/2024,28.067
09/01/2024,28.624
08/01/2024,28.939
05/01/2024,28.218
04/01/2024,28.348
03/01/2024,27.853
02/01/2024,26.504
29/12/2023,27.322
28/12/2023,27.136
27/12/2023,27.329
26/12/2023,27.444
22/12/2023,27.296
21/12/2023,26.991
20/12/2023,26.708
19/12/2023,26.573
18/12/2023,26.092
15/12/2023,26.606
14/12/2023,26.131
13/12/2023,26.966
12/12/2023,27.667
11/12/2023,27.815
08/12/2023,27.99
07/12/2023,27.618
06/12/2023,28.467
05/12/2023,28.721
04/12/2023,28.007
01/12/2023,28.41
30/11/2023,28.549
29/11/2023,28.862
28/11/2023,29.696
27/11/2023,29.614
24/11/2023,29.484
23/11/2023,29.924
22/11/2023,31.225
21/11/2023,30.658
20/11/2023,32.501
17/11/2023,33.78
16/11/2023,33.959
15/11/2023,34.274
14/11/2023,35.27
13/11/2023,36.067
10/11/2023,36.741
09/11/2023,35.957
08/11/2023,34.91
07/11/2023,35.864
06/11/2023,35.649
03/11/2023,38.826
02/11/2023,40.911
01/11/2023,42.873
31/10/2023,42.556
30/10/2023,42.488
27/10/2023,42.926
26/10/2023,45.974
25/10/2023,44.247
24/10/2023,42.275
23/10/2023,43.046
20/10/2023,41.876
19/10/2023,41.084
18/10/2023,39.498
17/10/2023,38.589
16/10/2023,38.506
13/10/2023,38.111
12/10/2023,37.273
11/10/2023,38.017
10/10/2023,38.44
09/10/2023,38.714
06/10/2023,38.585
05/10/2023,38.681
04/10/2023,38.445
03/10/2023,35.617
02/10/2023,34.103
29/09/2023,34.36
28/09/2023,34.095
27/09/2023,33.973
26/09/2023,33.812
25/09/2023,33.364
22/09/2023,33.258
21/09/2023,32.382
20/09/2023,31.679
19/09/2023,29.719
18/09/2023,29.675
15/09/2023,29.379
14/09/2023,29.555
13/09/2023,30.334
12/09/2023,30.299
11/09/2023,30.643
08/09/2023,30.649
07/09/2023,31.176
06/09/2023,31.153
05/09/2023,31.411
04/09/2023,31.443
01/09/2023,31.978
31/08/2023,32.166
30/08/2023,32.321
29/08/2023,33.172
28/08/2023,33.341
25/08/2023,34.3
24/08/2023,33.494
23/08/2023,34.001
22/08/2023,34.328
21/08/2023,34.937
18/08/2023,34.247
17/08/2023,32.144
16/08/2023,30.713
15/08/2023,30.23
14/08/2023,29.882
11/08/2023,28.734
10/08/2023,28.587
09/08/2023,27.94
08/08/2023,27.851
07/08/2023,26.649
04/08/2023,26.376
03/08/2023,27.234
02/08/2023,26.535
01/08/2023,25.775
31/07/2023,25.831
28/07/2023,26.942
27/07/2023,27.706
26/07/2023,28.456
25/07/2023,29.189
24/07/2023,30.12
21/07/2023,30.363
20/07/2023,30.768
19/07/2023,30.662
18/07/2023,31.333
17/07/2023,31.424
14/07/2023,31.417
13/07/2023,31.337
12/07/2023,32.572
11/07/2023,33.364
10/07/2023,33.338
07/07/2023,33.387
06/07/2023,32.878
05/07/2023,32.234
04/07/2023,32.203
03/07/2023,32.302
30/06/2023,32.714
29/06/2023,33.365
28/06/2023,33.391
27/06/2023,34.12
26/06/2023,34.469
23/06/2023,34.048
22/06/2023,33.711
21/06/2023,33.758
20/06/2023,34.121
19/06/2023,34.802
16/06/2023,35.32
15/06/2023,35.476
14/06/2023,35.834
13/06/2023,36.479
12/06/2023,36.304
09/06/2023,36.702
08/06/2023,37.277
07/06/2023,37.138
06/06/2023,37.165
05/06/2023,37.9
02/06/2023,38.208
01/06/2023,38.927
31/05/2023,39.261
30/05/2023,39.447
29/05/2023,40.859
26/05/2023,41.035
25/05/2023,40.839
24/05/2023,41.096
23/05/2023,42.006
22/05/2023,41.755
19/05/2023,42.451
18/05/2023,42.823
17/05/2023,43.02
16/05/2023,43.214
15/05/2023,43.292
12/05/2023,43.394
11/05/2023,43.29
10/05/2023,44.523
09/05/2023,45.607
08/05/2023,45.692
05/05/2023,45.886
04/05/2023,46.405
03/05/2023,45.901
02/05/2023,45.986
28/04/2023,45.655
27/04/2023,45.923
26/04/2023,46.898
25/04/2023,45.961
24/04/2023,46.005
21/04/2023,45.322
20/04/2023,45.103
19/04/2023,44.722
18/04/2023,44.492
17/04/2023,44.286
14/04/2023,44.694
13/04/2023,44.813
12/04/2023,45.072
11/04/2023,44.771
10/04/2023,45.507
07/04/2023,45.32
06/04/2023,45.292
05/04/2023,44.562
04/04/2023,44.127
03/04/2023,44.313
31/03/2023,44.05
30/03/2023,44.828
29/03/2023,44.709
28/03/2023,44.15
27/03/2023,44.537
24/03/2023,44.47
23/03/2023,43.902
22/03/2023,43.732
21/03/2023,44.159
20/03/2023,45.07
17/03/2023,41.758
16/03/2023,42.94
15/03/2023,43.166
14/03/2023,43.491
13/03/2023,42.259
10/03/2023,42.769
09/03/2023,41.745
08/03/2023,41.549
07/03/2023,41.444
06/03/2023,42.684
03/03/2023,43.185
02/03/2023,44.666
01/03/2023,44.44
28/02/2023,44.72
27/02/2023,45.434
24/02/2023,45.474
23/02/2023,44.294
22/02/2023,45.829
21/02/2023,45.549
20/02/2023,42.935
17/02/2023,42.136
16/02/2023,40.849
15/02/2023,40.791
14/02/2023,41.469
13/02/2023,42.135
10/02/2023,41.351
09/02/2023,41.422
08/02/2023,41.008
07/02/2023,41.787
06/02/2023,40.974
03/02/2023,39.779
02/02/2023,39.587
01/02/2023,41.017
31/01/2023,41.428
30/01/2023,40.863
27/01/2023,40.377
26/01/2023,40.739
25/01/2023,40.839
20/01/2023,41.272
19/01/2023,42.058
18/01/2023,42.313
17/01/2023,42.415
16/01/2023,43.341
13/01/2023,43.971
12/01/2023,44.684
11/01/2023,44.818
10/01/2023,46.834
09/01/2023,47.429
06/01/2023,49.512
05/01/2023,51.918
04/01/2023,52.529
03/01/2023,52.787
30/12/2022,53.283
29/12/2022,54.405
28/12/2022,53.631
27/12/2022,53.64
23/12/2022,53.076
22/12/2022,55.059
21/12/2022,55.516
20/12/2022,56.059
19/12/2022,56.041
16/12/2022,54.517
15/12/2022,51.446
14/12/2022,50.712
13/12/2022,52.249
12/12/2022,53.49
09/12/2022,53.567
08/12/2022,52.89
07/12/2022,53.19
06/12/2022,51.263
05/12/2022,50.744
02/12/2022,49.632
01/12/2022,48.037
30/11/2022,49.294
29/11/2022,49.231
28/11/2022,50.556
25/11/2022,50.812
24/11/2022,51.152
23/11/2022,52.368
22/11/2022,54.494
21/11/2022,54.854
18/11/2022,53.058
17/11/2022,53.984
16/11/2022,50.658
15/11/2022,52.907
14/11/2022,54.029
11/11/2022,56.068
10/11/2022,62.601
09/11/2022,61.814
08/11/2022,61.962
07/11/2022,65.932
04/11/2022,74.329
03/11/2022,73.45
02/11/2022,70.112
01/11/2022,69.076
31/10/2022,69.749
28/10/2022,67.004
27/10/2022,65.469
26/10/2022,65.332
25/10/2022,65.255
24/10/2022,59.286
21/10/2022,59.607
20/10/2022,58.526
19/10/2022,56.794
18/10/2022,56.704
17/10/2022,58.122
14/10/2022,58.019
13/10/2022,58.479
12/10/2022,58.273
11/10/2022,59.03
10/10/2022,58.286
07/10/2022,55.06
06/10/2022,55.706
05/10/2022,53.989
04/10/2022,56.443
03/10/2022,59.053
30/09/2022,58.883
29/09/2022,59.072
28/09/2022,56.282
27/09/2022,51.232
26/09/2022,54.036
23/09/2022,48.368
22/09/2022,43.11
21/09/2022,39.976
20/09/2022,36.693
19/09/2022,33.473
16/09/2022,32.503
15/09/2022,31.813
14/09/2022,31.815
13/09/2022,32.244
12/09/2022,31.645
09/09/2022,31.469
08/09/2022,32.127
07/09/2022,31.849
06/09/2022,32.63
05/09/2022,32.77
02/09/2022,32.563
01/09/2022,32.912
31/08/2022,32.698
30/08/2022,33.656
29/08/2022,34.554
26/08/2022,33.349
25/08/2022,33.239
24/08/2022,33.749
23/08/2022,34.669
22/08/2022,36.005
19/08/2022,34.906
18/08/2022,34.847
17/08/2022,34.856
16/08/2022,34.381
15/08/2022,34.138
12/08/2022,35.981
11/08/2022,36.728
10/08/2022,37.76
09/08/2022,38.978
08/08/2022,39.613
05/08/2022,39.913
04/08/2022,40.902
03/08/2022,42.455
02/08/2022,43.942
01/08/2022,42.685
29/07/2022,40.509
28/07/2022,42.499
27/07/2022,45.059
26/07/2022,45.06
25/07/2022,44.835
22/07/2022,45.836
21/07/2022,46.807
20/07/2022,48.102
19/07/2022,50.558
18/07/2022,50.825
15/07/2022,52.604
14/07/2022,52.041
13/07/2022,52.786
12/07/2022,53.327
11/07/2022,51.684
08/07/2022,52.125
07/07/2022,53.372
06/07/2022,55.463
05/07/2022,55.331
04/07/2022,54.377
01/07/2022,53.34
30/06/2022,53.339
29/06/2022,49.646
28/06/2022,47.97
27/06/2022,47.516
24/06/2022,48.702
23/06/2022,49.91
22/06/2022,48.656
21/06/2022,47.751
20/06/2022,47.849
17/06/2022,49.965
16/06/2022,51.692
15/06/2022,48.885
14/06/2022,51.421
13/06/2022,50.291
10/06/2022,45.623
09/06/2022,44.68
08/06/2022,43.801
07/06/2022,43.561
06/06/2022,44.178
03/06/2022,44.933
02/06/2022,45.195
01/06/2022,45.083
31/05/2022,44.957
30/05/2022,42.749
27/05/2022,45.694
26/05/2022,46.09
25/05/2022,47.019
24/05/2022,47.24
23/05/2022,46.977
20/05/2022,46.869
19/05/2022,48.349
18/05/2022,45.196
17/05/2022,44.937
16/05/2022,45.381
13/05/2022,46.158
12/05/2022,44.462
11/05/2022,41.002
10/05/2022,42.929
09/05/2022,42.984
06/05/2022,42.116
05/05/2022,41.267
04/05/2022,41.982
03/05/2022,29.755
29/04/2022,40.069
28/04/2022,39.942
27/04/2022,39.177
26/04/2022,38.561
25/04/2022,37.761
22/04/2022,28.654
21/04/2022,28.138
20/04/2022,27.911
19/04/2022,27.313
18/04/2022,31.981
15/04/2022,26.929
14/04/2022,26.838
13/04/2022,26.373
12/04/2022,26.646
11/04/2022,26.626
08/04/2022,26.011
07/04/2022,25.446
06/04/2022,25.254
05/04/2022,24.74
04/04/2022,24.423
01/04/2022,28.375
31/03/2022,28.206
30/03/2022,28.048
29/03/2022,28.286
28/03/2022,29.437
25/03/2022,28.629
24/03/2022,28.969
23/03/2022,28.778
22/03/2022,28.97
21/03/2022,29.483
18/03/2022,28.351
17/03/2022,28.394
16/03/2022,30.38
15/03/2022,32.431
14/03/2022,31.332
11/03/2022,30.266
10/03/2022,29.278
09/03/2022,32.572
08/03/2022,34.523
07/03/2022,34.81
04/03/2022,30.298
03/03/2022,29.363
02/03/2022,30.215
01/03/2022,30.227
28/02/2022,31.426
25/02/2022,28.787
24/02/2022,28.458
23/02/2022,27.28
22/02/2022,28.098
21/02/2022,27.547
18/02/2022,27.68
17/02/2022,27.462
16/02/2022,27.526
15/02/2022,27.781
14/02/2022,28.0
11/02/2022,27.022
10/02/2022,26.444
09/02/2022,26.644
08/02/2022,26.85
07/02/2022,26.933
04/02/2022,23.092
03/02/2022,22.35
31/01/2022,25.28
28/01/2022,25.021
27/01/2022,24.669
26/01/2022,24.008
25/01/2022,24.379
24/01/2022,24.232
21/01/2022,23.69
20/01/2022,23.228
19/01/2022,23.198
18/01/2022,23.466
17/01/2022,23.686
14/01/2022,21.482
13/01/2022,23.126
12/01/2022,21.134
11/01/2022,23.227
10/01/2022,23.307
07/01/2022,23.043
06/01/2022,23.558
05/01/2022,22.15
04/01/2022,21.085
03/01/2022,20.833
31/12/2021,19.07
24/12/2021,19.905
23/12/2021,19.805
22/12/2021,20.029
21/12/2021,21.037
20/12/2021,20.862
17/12/2021,20.732
16/12/2021,20.77
15/12/2021,19.702
14/12/2021,20.544
09/12/2021,19.738
08/12/2021,20.867
07/12/2021,20.809
06/12/2021,21.341
03/12/2021,20.874
02/12/2021,21.08
01/12/2021,20.78
30/11/2021,20.244
29/11/2021,19.901
26/11/2021,19.982
25/11/2021,18.547
24/11/2021,18.904
23/11/2021,18.925
22/11/2021,18.834
19/11/2021,18.888
18/11/2021,18.933
17/11/2021,18.96
16/11/2021,18.976
15/11/2021,18.964
12/11/2021,19.071
11/11/2021,18.581
10/11/2021,19.091
09/11/2021,19.499
08/11/2021,19.145
05/11/2021,19.073
04/11/2021,18.185
03/11/2021,18.902
02/11/2021,19.084
01/11/2021,18.799
29/10/2021,18.842
28/10/2021,18.684
27/10/2021,18.435
26/10/2021,19.126
25/10/2021,19.417
22/10/2021,19.43
21/10/2021,19.648
20/10/2021,19.717
19/10/2021,20.04
18/10/2021,20.402
15/10/2021,19.357
14/10/2021,20.073
13/10/2021,20.343
12/10/2021,21.868
11/10/2021,20.39
08/10/2021,19.565
07/10/2021,20.392
06/10/2021,19.515
05/10/2021,20.46
04/10/2021,19.528
30/09/2021,19.453
29/09/2021,19.574
28/09/2021,19.423
27/09/2021,19.237
24/09/2021,18.433
23/09/2021,19.001
22/09/2021,18.579
21/09/2021,19.316
20/09/2021,19.565
17/09/2021,17.746
16/09/2021,17.404
15/09/2021,17.626
13/09/2021,17.501
10/09/2021,17.565
09/09/2021,17.468
08/09/2021,17.692
07/09/2021,17.652
06/09/2021,17.79
03/09/2021,17.831
02/09/2021,17.673
01/09/2021,18.134
31/08/2021,18.09
30/08/2021,18.174
27/08/2021,18.264
26/08/2021,18.128
25/08/2021,18.381
24/08/2021,18.421
23/08/2021,18.487
20/08/2021,18.147
19/08/2021,18.491
18/08/2021,18.255
17/08/2021,18.241
16/08/2021,18.157
13/08/2021,18.168
12/08/2021,18.147
11/08/2021,18.28
10/08/2021,18.214
06/08/2021,18.438
05/08/2021,18.417
04/08/2021,18.433
03/08/2021,18.412
02/08/2021,18.381
30/07/2021,18.449
29/07/2021,18.443
28/07/2021,18.588
27/07/2021,18.729
26/07/2021,18.553
23/07/2021,18.553
22/07/2021,18.581
21/07/2021,18.576
19/07/2021,18.444
16/07/2021,18.305
15/07/2021,18.215
14/07/2021,18.293
13/07/2021,18.188
12/07/2021,18.172
09/07/2021,18.185
08/07/2021,18.272
07/07/2021,18.362
06/07/2021,18.05
05/07/2021,18.083
02/07/2021,18.103
01/07/2021,18.129
30/06/2021,18.044
29/06/2021,18.023
28/06/2021,17.964
25/06/2021,18.109
24/06/2021,18.16
23/06/2021,18.525
22/06/2021,18.533
21/06/2021,18.33
18/06/2021,18.166
17/06/2021,18.543
16/06/2021,18.117
15/06/2021,18.128
11/06/2021,18.441
08/06/2021,18.346
07/06/2021,18.485
04/06/2021,18.589
03/06/2021,18.588
02/06/2021,18.278
01/06/2021,18.249
31/05/2021,18.647
28/05/2021,18.745
27/05/2021,18.424
25/05/2021,18.787
24/05/2021,18.983
21/05/2021,18.978
20/05/2021,18.975
19/05/2021,19.013
18/05/2021,19.029
17/05/2021,18.955
14/05/2021,19.122
13/05/2021,19.49
12/05/2021,19.272
11/05/2021,19.111
10/05/2021,19.417
07/05/2021,19.698
06/05/2021,19.458
05/05/2021,19.508
04/05/2021,19.413
03/05/2021,19.594
30/04/2021,19.665
29/04/2021,19.634
28/04/2021,20.424
27/04/2021,20.546
26/04/2021,20.983
23/04/2021,21.378
22/04/2021,20.968
21/04/2021,20.91
20/04/2021,21.053
19/04/2021,21.064
16/04/2021,21.733
15/04/2021,21.784
14/04/2021,21.973
13/04/2021,22.143
12/04/2021,21.872
09/04/2021,22.188
08/04/2021,21.994
07/04/2021,22.24
06/04/2021,21.947
05/04/2021,21.885
01/04/2021,22.288
31/03/2021,22.476
30/03/2021,22.466
29/03/2021,22.085
26/03/2021,22.113
25/03/2021,22.156
24/03/2021,22.358
23/03/2021,21.722
22/03/2021,21.987
19/03/2021,20.452
18/03/2021,21.338
17/03/2021,21.573
16/03/2021,21.03
15/03/2021,21.165
12/03/2021,21.753
11/03/2021,22.067
10/03/2021,23.447
09/03/2021,23.786
08/03/2021,23.533
05/03/2021,23.128
04/03/2021,22.687
03/03/2021,22.323
02/03/2021,22.29
01/03/2021,22.549
26/02/2021,23.533
25/02/2021,22.002
24/02/2021,22.136
23/02/2021,22.446
22/02/2021,22.138
19/02/2021,22.182
18/02/2021,22.087
17/02/2021,22.397
16/02/2021,22.054
15/02/2021,22.41
11/02/2021,22.488
10/02/2021,22.609
09/02/2021,22.606
08/02/2021,22.655
05/02/2021,22.932
04/02/2021,23.113
03/02/2021,23.318
02/02/2021,23.501
01/02/2021,25.195
29/01/2021,24.373
28/01/2021,25.896
27/01/2021,23.995
26/01/2021,23.951
25/01/2021,24.754
22/01/2021,24.002
21/01/2021,24.592
20/01/2021,24.045
19/01/2021,25.115
18/01/2021,24.799
15/01/2021,25.48
14/01/2021,25.113
13/01/2021,24.803
12/01/2021,24.505
11/01/2021,24.187
08/01/2021,23.227
07/01/2021,23.297
06/01/2021,23.39
05/01/2021,23.35
04/01/2021,21.993
31/12/2020,21.912
30/12/2020,22.015
29/12/2020,22.051
23/12/2020,22.073
22/12/2020,21.579
21/12/2020,21.893
18/12/2020,21.542
17/12/2020,21.258
16/12/2020,21.367
15/12/2020,21.751
14/12/2020,21.628
11/12/2020,21.574
10/12/2020,21.314
09/12/2020,20.86
08/12/2020,20.833
07/12/2020,20.637
04/12/2020,20.999
03/12/2020,21.052
02/12/2020,21.133
01/12/2020,21.259
30/11/2020,21.485
26/11/2020,21.362
25/11/2020,21.344
24/11/2020,21.518
23/11/2020,21.83
20/11/2020,22.303
19/11/2020,21.993
18/11/2020,21.763
17/11/2020,21.649
16/11/2020,21.754
13/11/2020,22.009
12/11/2020,21.454
11/11/2020,21.093
10/11/2020,20.771
09/11/2020,22.023
06/11/2020,23.739
05/11/2020,24.285
04/11/2020,25.335
03/11/2020,25.875
02/11/2020,26.102
30/10/2020,26.128
29/10/2020,25.599
28/10/2020,25.707
27/10/2020,25.472
23/10/2020,24.715
22/10/2020,24.975
21/10/2020,25.11
20/10/2020,25.087
19/10/2020,24.962
15/10/2020,25.663
14/10/2020,24.139
13/10/2020,24.098
12/10/2020,24.089
09/10/2020,24.178
08/10/2020,24.434
07/10/2020,24.894
06/10/2020,25.056
05/10/2020,25.741
02/10/2020,26.357
01/10/2020,25.668
30/09/2020,26.746
29/09/2020,26.816
28/09/2020,27.168
25/09/2020,28.092
24/09/2020,27.205
23/09/2020,25.519
22/09/2020,26.223
21/09/2020,25.79
18/09/2020,22.538
16/09/2020,22.359
14/09/2020,22.409
08/09/2020,22.613
07/09/2020,22.464
02/09/2020,21.554
21/08/2020,21.948
20/08/2020,21.723
19/08/2020,21.578
18/08/2020,21.83
17/08/2020,21.853
14/08/2020,21.668
13/08/2020,21.435
12/08/2020,21.818
11/08/2020,22.071
31/07/2020,23.481
30/07/2020,23.599
29/07/2020,23.664
28/07/2020,23.625
27/07/2020,23.841
24/07/2020,24.207
23/07/2020,23.429
22/07/2020,23.8
21/07/2020,23.786
20/07/2020,24.475
17/07/2020,24.544
16/07/2020,24.624
15/07/2020,24.366
14/07/2020,25.434
13/07/2020,25.221
10/07/2020,25.297
09/07/2020,24.677
08/07/2020,24.906
07/07/2020,24.879
06/07/2020,24.733
03/07/2020,25.112
02/07/2020,25.387
01/07/2020,26.755
30/06/2020,27.935
29/06/2020,28.245
26/06/2020,28.984
25/06/2020,28.451
24/06/2020,26.906
23/06/2020,27.052
22/06/2020,27.27
19/06/2020,27.023
18/06/2020,27.54
17/06/2020,27.449
16/06/2020,27.094
15/06/2020,29.222
12/06/2020,28.425
11/06/2020,26.032
10/06/2020,24.117
09/06/2020,23.87
08/06/2020,21.893
05/06/2020,23.127
04/06/2020,23.814
03/06/2020,25.799
02/06/2020,26.874
01/06/2020,27.248
29/05/2020,28.713
28/05/2020,26.718
27/05/2020,26.509
26/05/2020,27.868
25/05/2020,28.629
22/05/2020,27.839
21/05/2020,26.975
20/05/2020,29.224
19/05/2020,31.079
18/05/2020,33.389
15/05/2020,33.827
14/05/2020,35.044
13/05/2020,34.707
12/05/2020,33.851
11/05/2020,34.497
08/05/2020,35.31
07/05/2020,35.299
06/05/2020,33.432
05/05/2020,35.64
04/05/2020,36.557
01/05/2020,32.556
30/04/2020,33.469
29/04/2020,34.059
28/04/2020,37.25
27/04/2020,36.925
24/04/2020,37.392
23/04/2020,36.813
22/04/2020,36.296
21/04/2020,35.057
20/04/2020,31.994
17/04/2020,31.305
16/04/2020,30.488
15/04/2020,33.716
14/04/2020,32.751
13/04/2020,32.818
09/04/2020,32.886
08/04/2020,34.221
07/04/2020,36.828
06/04/2020,38.143
03/04/2020,42.806
02/04/2020,43.487
01/04/2020,42.182
31/03/2020,36.602
27/03/2020,34.586
25/03/2020,34.694
24/03/2020,45.878
23/03/2020,61.092
20/03/2020,52.203
19/03/2020,51.011
18/03/2020,49.383
17/03/2020,48.964
16/03/2020,50.203
13/03/2020,43.089
12/03/2020,46.581
11/03/2020,37.995
10/03/2020,34.988
09/03/2020,42.939
06/03/2020,34.441
05/03/2020,31.124
04/03/2020,29.817
03/03/2020,29.847
02/03/2020,32.102
28/02/2020,34.431
27/02/2020,30.041
26/02/2020,29.127
25/02/2020,28.389
24/02/2020,28.684
21/02/2020,24.03
20/02/2020,22.333
19/02/2020,22.076
18/02/2020,22.734
17/02/2020,22.259
14/02/2020,22.625
13/02/2020,22.853
12/02/2020,22.65
11/02/2020,23.555
10/02/2020,24.408
07/02/2020,24.174
06/02/2020,23.762
05/02/2020,23.975
04/02/2020,25.882
03/02/2020,27.237
31/01/2020,26.741
30/01/2020,27.272
29/01/2020,24.846
28/01/2020,25.118
24/01/2020,23.189
23/01/2020,23.212
22/01/2020,22.381
21/01/2020,21.969
20/01/2020,20.817
17/01/2020,20.582
16/01/2020,20.803
15/01/2020,21.392
14/01/2020,21.179
13/01/2020,21.604
10/01/2020,22.095
09/01/2020,22.32
08/01/2020,23.097
07/01/2020,22.694
06/01/2020,23.828
03/01/2020,22.865
02/01/2020,21.335
13/12/2019,24.177
12/12/2019,25.468
11/12/2019,25.85
10/12/2019,26.081
09/12/2019,26.004
06/12/2019,26.457
05/12/2019,26.735
04/12/2019,27.458
03/12/2019,27.441
02/12/2019,27.26
29/11/2019,27.235
28/11/2019,27.29
27/11/2019,27.386
26/11/2019,27.598
25/11/2019,27.902
22/11/2019,28.127
21/11/2019,28.334
20/11/2019,28.385
19/11/2019,27.599
18/11/2019,27.235
15/11/2019,27.494
14/11/2019,28.023
13/11/2019,27.547
12/11/2019,27.159
11/11/2019,27.539
08/11/2019,26.977
07/11/2019,27.472
06/11/2019,27.465
05/11/2019,26.948
04/11/2019,28.433
01/11/2019,28.888
30/10/2019,29.111
29/10/2019,28.982
28/10/2019,29.402
25/10/2019,29.756
24/10/2019,30.384
23/10/2019,30.671
22/10/2019,30.593
21/10/2019,31.131
18/10/2019,31.788
17/10/2019,32.043
16/10/2019,32.138
15/10/2019,32.53
14/10/2019,32.566
11/10/2019,33.197
10/10/2019,33.347
09/10/2019,33.731
08/10/2019,33.711
04/10/2019,33.983
03/10/2019,34.005
02/10/2019,34.356
01/10/2019,33.565
19/09/2019,28.981
18/09/2019,28.878
13/09/2019,28.327
12/09/2019,28.525
11/09/2019,28.406
10/09/2019,28.566
09/09/2019,29.066
06/09/2019,29.35
05/09/2019,29.517
04/09/2019,31.575
03/09/2019,32.984
02/09/2019,32.851
30/08/2019,32.887
29/08/2019,33.339
28/08/2019,33.758
27/08/2019,33.589
26/08/2019,32.964
23/08/2019,31.149
22/08/2019,31.404
21/08/2019,31.522
20/08/2019,31.027
19/08/2019,31.066
16/08/2019,31.592
15/08/2019,32.148
14/08/2019,31.518
13/08/2019,32.485
12/08/2019,32.293
09/08/2019,31.693
08/08/2019,31.991
07/08/2019,32.476
06/08/2019,31.951
05/08/2019,32.633
02/08/2019,30.116
01/08/2019,29.248
31/07/2019,29.039
30/07/2019,28.954
29/07/2019,28.855
26/07/2019,29.12
25/07/2019,29.165
24/07/2019,29.962
23/07/2019,30.15
22/07/2019,31.398
19/07/2019,31.487
18/07/2019,31.629
17/07/2019,31.636
16/07/2019,31.78
15/07/2019,31.471
12/07/2019,31.549
11/07/2019,31.312
10/07/2019,31.584
09/07/2019,32.188
08/07/2019,31.857
05/07/2019,31.199
04/07/2019,30.804
03/07/2019,30.859
17/06/2019,33.031
14/06/2019,32.967
13/06/2019,32.806
12/06/2019,32.91
11/06/2019,32.433
10/06/2019,32.848
06/06/2019,34.291
05/06/2019,35.992
04/06/2019,36.975
03/06/2019,37.909
31/05/2019,36.287
30/05/2019,35.789
29/05/2019,36.627
28/05/2019,35.248
27/05/2019,35.206
24/05/2019,35.346
23/05/2019,35.346
22/05/2019,34.44
21/05/2019,34.915
20/05/2019,35.099
17/05/2019,34.871
16/05/2019,34.464
15/05/2019,35.051
14/05/2019,36.079
10/05/2019,34.806
09/05/2019,35.163
08/05/2019,33.89
07/05/2019,32.927
06/05/2019,33.09
03/05/2019,32.084
02/05/2019,31.672
30/04/2019,31.704
29/04/2019,31.431
26/04/2019,32.01
25/04/2019,32.928
24/04/2019,31.309
23/04/2019,31.598
12/04/2019,32.85
11/04/2019,33.037
10/04/2019,33.42
29/03/2019,32.099
20/03/2019,30.558
19/03/2019,28.349
18/03/2019,28.456
15/03/2019,29.338
14/03/2019,28.968
13/03/2019,29.54
12/03/2019,29.155
11/03/2019,29.446
08/03/2019,30.371
07/03/2019,28.839
06/03/2019,28.455
05/03/2019,28.11
04/03/2019,27.907
01/03/2019,28.932
28/02/2019,29.594
27/02/2019,29.118
26/02/2019,29.231
25/02/2019,29.185
22/02/2019,30.327
21/02/2019,30.19
20/02/2019,30.388
19/02/2019,30.73
18/02/2019,31.134
15/02/2019,32.208
14/02/2019,31.948
13/02/2019,32.288
12/02/2019,32.784
11/02/2019,32.62
08/02/2019,33.213
07/02/2019,32.079
04/02/2019,32.579
01/02/2019,32.324
31/01/2019,32.773
30/01/2019,34.003
29/01/2019,34.236
28/01/2019,34.0
25/01/2019,34.085
24/01/2019,34.722
23/01/2019,35.083
22/01/2019,34.916
21/01/2019,34.557
18/01/2019,33.969
17/01/2019,34.782
16/01/2019,34.809
15/01/2019,35.429
14/01/2019,36.029
11/01/2019,35.21
10/01/2019,37.861
09/01/2019,38.113
08/01/2019,39.138
07/01/2019,40.396
04/01/2019,40.499
03/01/2019,41.092
02/01/2019,40.207
31/12/2018,39.031
28/12/2018,39.409
27/12/2018,39.336
24/12/2018,39.981
13/11/2018,40.722
06/11/2018,40.162
01/11/2018,40.623
31/10/2018,40.415
30/10/2018,40.557
19/10/2018,39.815
09/10/2018,39.806
08/10/2018,39.337
05/10/2018,38.595
03/10/2018,37.48
26/09/2018,38.358
18/09/2018,38.804
17/09/2018,38.503
14/09/2018,37.84
13/09/2018,37.947
11/09/2018,37.666
10/09/2018,39.141
24/08/2018,40.39
13/07/2018,45.555
06/07/2018,49.5
05/07/2018,49.5
04/07/2018,48.787
02/07/2018,50.385
29/06/2018,49.677
28/06/2018,52.467
27/06/2018,50.321
26/06/2018,48.583
25/06/2018,47.015
21/06/2018,45.71
20/06/2018,45.322
19/06/2018,46.122
18/06/2018,43.504
14/06/2018,43.215
12/06/2018,43.396
08/06/2018,43.56
07/06/2018,42.574
06/06/2018,42.822
05/06/2018,42.668
04/06/2018,43.476
01/06/2018,43.276
31/05/2018,42.742
30/05/2018,45.219
22/05/2018,44.015
11/05/2018,40.608
10/05/2018,41.565
08/05/2018,42.351
03/05/2018,43.117
02/05/2018,43.814
30/04/2018,44.348
27/04/2018,45.705
26/04/2018,47.628
25/04/2018,48.249
24/04/2018,47.676
23/04/2018,48.388
20/04/2018,47.909
19/04/2018,47.029
18/04/2018,47.337
17/04/2018,47.614
16/04/2018,48.948
13/04/2018,49.235
11/04/2018,49.659
10/04/2018,49.218
09/04/2018,50.518
06/04/2018,50.323
23/03/2018,54.917
21/03/2018,51.268
20/03/2018,51.121
16/03/2018,45.195
15/03/2018,45.205
14/03/2018,43.526
13/03/2018,42.127
12/03/2018,41.464
09/03/2018,44.388
08/03/2018,46.89
07/03/2018,47.327
06/03/2018,50.426
05/03/2018,51.065
02/03/2018,51.1
28/02/2018,50.043
27/02/2018,50.019
23/02/2018,51.497
22/02/2018,51.948
21/02/2018,51.998
20/02/2018,51.513
15/02/2018,52.004
14/02/2018,53.603
13/02/2018,54.379
12/02/2018,56.315
09/02/2018,56.166
08/02/2018,52.066
07/02/2018,50.135
06/02/2018,51.5
05/02/2018,51.809
02/02/2018,49.244
01/02/2018,48.505
31/01/2018,49.266
30/01/2018,47.755
29/01/2018,45.962
26/01/2018,45.76
25/01/2018,46.215
24/01/2018,44.969
23/01/2018,45.058
22/01/2018,45.38
19/01/2018,45.003
18/01/2018,43.306
17/01/2018,42.921
16/01/2018,42.477
15/01/2018,43.164
12/01/2018,43.036
11/01/2018,42.893
10/01/2018,42.973
09/01/2018,43.533
08/01/2018,45.34
05/01/2018,47.945
04/01/2018,50.083
03/01/2018,51.868
28/12/2017,52.227
21/12/2017,53.386
20/12/2017,54.039
19/12/2017,54.519
14/12/2017,55.462
12/12/2017,56.157
08/12/2017,58.188
06/12/2017,57.939
05/12/2017,57.732
30/11/2017,58.393
29/11/2017,57.781
28/11/2017,57.5
27/11/2017,60.458
23/11/2017,63.596
21/11/2017,65.452
20/11/2017,66.383
17/11/2017,66.218
16/11/2017,68.853
15/11/2017,70.558
14/11/2017,69.878
13/11/2017,71.935
10/11/2017,72.693
09/11/2017,71.821
08/11/2017,72.39
07/11/2017,71.492
06/11/2017,70.193
03/11/2017,68.882
02/11/2017,70.493
01/11/2017,70.53
31/10/2017,72.806
30/10/2017,72.936
27/10/2017,71.637
26/10/2017,71.712
25/10/2017,70.817
24/10/2017,71.15
23/10/2017,69.855
17/10/2017,70.384
16/10/2017,70.071
13/10/2017,69.784
12/10/2017,69.761
11/10/2017,70.621
10/10/2017,70.525
09/10/2017,70.42
06/10/2017,69.151
05/10/2017,70.591
04/10/2017,70.792
03/10/2017,72.625
02/10/2017,73.925
29/09/2017,73.944
28/09/2017,75.351
27/09/2017,75.493
26/09/2017,74.321
25/09/2017,72.006
22/09/2017,71.539
21/09/2017,70.112
20/09/2017,68.674
19/09/2017,64.749
18/09/2017,66.602
15/09/2017,69.131
14/09/2017,67.468
12/09/2017,67.199
11/09/2017,68.099
08/09/2017,71.189
07/09/2017,70.699
06/09/2017,71.72
05/09/2017,66.991
04/09/2017,65.585
01/09/2017,60.505
31/08/2017,60.461
30/08/2017,61.13
29/08/2017,62.899
28/08/2017,57.939
25/08/2017,60.113
24/08/2017,61.497
23/08/2017,63.391
21/08/2017,64.714
18/08/2017,64.345
16/08/2017,64.37
15/08/2017,66.258
14/08/2017,69.464
11/08/2017,69.496
10/08/2017,63.074
09/08/2017,61.379
08/08/2017,57.176
07/08/2017,57.517
04/08/2017,58.426
03/08/2017,58.113
02/08/2017,57.248
01/08/2017,57.398
31/07/2017,57.118
28/07/2017,55.911
27/07/2017,54.914
26/07/2017,55.266
25/07/2017,55.979
24/07/2017,56.48
21/07/2017,56.893
20/07/2017,56.918
19/07/2017,57.348
18/07/2017,57.527
17/07/2017,57.441
14/07/2017,58.465
13/07/2017,58.183
12/07/2017,58.726
11/07/2017,58.479
10/07/2017,59.813
07/07/2017,61.643
06/07/2017,58.043
05/07/2017,58.085
04/07/2017,56.87
03/07/2017,54.072
30/06/2017,52.677
29/06/2017,52.01
28/06/2017,53.0
27/06/2017,51.278
26/06/2017,51.37
23/06/2017,51.21
22/06/2017,52.433
21/06/2017,51.986
20/06/2017,49.732
19/06/2017,50.677
16/06/2017,50.659
15/06/2017,50.614
14/06/2017,48.982
13/06/2017,52.417
12/06/2017,52.438
09/06/2017,52.417
08/06/2017,52.827
07/06/2017,54.105
06/06/2017,54.584
05/06/2017,54.291
02/06/2017,54.884
01/06/2017,55.595
31/05/2017,56.151
30/05/2017,56.015
29/05/2017,55.967
26/05/2017,55.473
25/05/2017,54.96
24/05/2017,56.044
23/05/2017,57.259
22/05/2017,56.293
19/05/2017,57.111
18/05/2017,60.109
17/05/2017,56.382
16/05/2017,56.388
15/05/2017,57.535
12/05/2017,55.229
11/05/2017,54.897
10/05/2017,55.801
09/05/2017,56.353
08/05/2017,56.987
05/05/2017,57.381
03/05/2017,56.454
02/05/2017,55.974
28/04/2017,56.375
27/04/2017,55.377
26/04/2017,52.945
25/04/2017,53.945
24/04/2017,55.228
21/04/2017,56.384
20/04/2017,57.598
19/04/2017,60.223
18/04/2017,59.99
17/04/2017,59.479
13/04/2017,59.565
12/04/2017,57.78
11/04/2017,57.421
10/04/2017,53.055
07/04/2017,51.692
06/04/2017,51.14
05/04/2017,51.086
04/04/2017,50.85
03/04/2017,50.7
31/03/2017,50.765
30/03/2017,51.06
29/03/2017,50.933
28/03/2017,50.695
27/03/2017,50.456
24/03/2017,49.718
23/03/2017,49.806
22/03/2017,50.745
21/03/2017,47.217
20/03/2017,46.022
17/03/2017,41.262
16/03/2017,43.026
15/03/2017,46.215
14/03/2017,46.044
13/03/2017,45.896
10/03/2017,47.639
09/03/2017,48.344
08/03/2017,46.627
07/03/2017,46.382
06/03/2017,46.796
03/03/2017,45.27
02/03/2017,43.969
01/03/2017,44.972
28/02/2017,45.0
27/02/2017,44.142
24/02/2017,44.42
23/02/2017,44.168
22/02/2017,43.917
21/02/2017,45.39
20/02/2017,46.848
17/02/2017,46.64
16/02/2017,46.16
15/02/2017,45.64
14/02/2017,44.445
13/02/2017,45.53
10/02/2017,45.573
09/02/2017,46.529
08/02/2017,46.491
07/02/2017,45.686
06/02/2017,45.065
03/02/2017,46.243
02/02/2017,46.873
01/02/2017,46.819
31/01/2017,46.773
27/01/2017,46.561
26/01/2017,45.238
25/01/2017,45.211
24/01/2017,46.612
23/01/2017,46.602
20/01/2017,46.417
19/01/2017,47.23
18/01/2017,47.833
17/01/2017,48.325
16/01/2017,47.75
13/01/2017,47.56
12/01/2017,49.5
11/01/2017,48.833
10/01/2017,48.166
09/01/2017,47.72
06/01/2017,45.665
05/01/2017,43.834
04/01/2017,44.416
03/01/2017,43.751
23/12/2016,43.821
22/12/2016,44.0
21/12/2016,44.0
20/12/2016,44.947
19/12/2016,44.079
16/12/2016,44.0
15/12/2016,43.25
14/12/2016,41.147
13/12/2016,41.081
12/12/2016,41.499
09/12/2016,41.833
08/12/2016,42.166
07/12/2016,42.833
06/12/2016,45.417
05/12/2016,46.084
02/12/2016,48.165
01/12/2016,48.63
30/11/2016,49.794
29/11/2016,50.506
28/11/2016,51.333
25/11/2016,50.165
24/11/2016,50.99
23/11/2016,49.333
22/11/2016,50.168
21/11/2016,52.334
18/11/2016,53.167
17/11/2016,51.247
16/11/2016,51.999
15/11/2016,50.75
14/11/2016,55.0
11/11/2016,52.502
10/11/2016,45.826
09/11/2016,47.725
08/11/2016,44.666
07/11/2016,44.082
04/11/2016,44.708
03/11/2016,44.416
02/11/2016,43.407
01/11/2016,41.335
31/10/2016,41.754
28/10/2016,41.333
27/10/2016,41.166
26/10/2016,40.251
25/10/2016,40.925
24/10/2016,40.668
21/10/2016,40.828
20/10/2016,40.675
19/10/2016,41.172
18/10/2016,41.417
17/10/2016,41.224
14/10/2016,41.158
13/10/2016,41.495
12/10/2016,40.665
11/10/2016,40.825
07/10/2016,40.658
06/10/2016,40.331
05/10/2016,40.663
04/10/2016,41.318
03/10/2016,40.946
30/09/2016,41.838
29/09/2016,40.071
28/09/2016,40.855
27/09/2016,40.944
26/09/2016,41.494
23/09/2016,40.166
22/09/2016,39.333
21/09/2016,42.333
20/09/2016,42.667
19/09/2016,40.809
16/09/2016,40.162
15/09/2016,41.328
14/09/2016,41.666
13/09/2016,41.833
12/09/2016,44.157
09/09/2016,40.002
08/09/2016,40.333
07/09/2016,39.768
06/09/2016,41.418
05/09/2016,41.67
02/09/2016,43.33
01/09/2016,43.25
31/08/2016,42.913
30/08/2016,42.542
29/08/2016,43.577
26/08/2016,44.33
25/08/2016,43.917
24/08/2016,43.333
23/08/2016,43.667
22/08/2016,43.333
19/08/2016,43.33
18/08/2016,43.668
17/08/2016,44.83
16/08/2016,44.335
15/08/2016,44.5
12/08/2016,44.667
11/08/2016,45.33
10/08/2016,45.001
09/08/2016,45.33
08/08/2016,45.333
05/08/2016,48.122
04/08/2016,50.417
03/08/2016,50.674
02/08/2016,49.251
01/08/2016,48.333
29/07/2016,49.665
28/07/2016,50.334
27/07/2016,50.5
26/07/2016,49.008
25/07/2016,48.5
22/07/2016,48.837
21/07/2016,48.667
20/07/2016,48.833
19/07/2016,48.666
18/07/2016,48.0
15/07/2016,47.002
14/07/2016,46.501
13/07/2016,48.166
12/07/2016,47.767
11/07/2016,51.083
08/07/2016,55.833
07/07/2016,55.0
06/07/2016,56.679
05/07/2016,55.287
04/07/2016,53.834
01/07/2016,55.011
30/06/2016,56.132
29/06/2016,55.666
28/06/2016,61.169
27/06/2016,62.167
24/06/2016,61.0
23/06/2016,54.749
22/06/2016,58.499
21/06/2016,59.251
20/06/2016,59.667
17/06/2016,61.916
16/06/2016,63.423
15/06/2016,62.241
14/06/2016,64.0
13/06/2016,62.165
10/06/2016,59.33
09/06/2016,57.0
08/06/2016,57.251
07/06/2016,56.584
06/06/2016,57.823
03/06/2016,58.92
02/06/2016,59.334
01/06/2016,60.271
31/05/2016,59.0
30/05/2016,57.391
27/05/2016,58.333
26/05/2016,58.667
25/05/2016,59.667
24/05/2016,62.669
23/05/2016,63.0
20/05/2016,63.083
19/05/2016,65.0
18/05/2016,63.334
17/05/2016,62.918
16/05/2016,64.0
13/05/2016,64.158
12/05/2016,62.667
11/05/2016,61.5
10/05/2016,62.0
09/05/2016,63.828
06/05/2016,64.666
05/05/2016,63.833
04/05/2016,65.167
03/05/2016,64.666
29/04/2016,64.333
28/04/2016,63.666
27/04/2016,64.167
13/04/2016,62.334
12/04/2016,64.0
11/04/2016,65.166
08/04/2016,66.357
07/04/2016,66.25
06/04/2016,66.0
05/04/2016,67.084
04/04/2016,64.525
01/04/2016,65.0
31/03/2016,63.999
30/03/2016,63.832
29/03/2016,67.159
28/03/2016,67.337
24/03/2016,68.333
23/03/2016,65.0
22/03/2016,64.583
21/03/2016,64.66
18/03/2016,56.497
17/03/2016,56.812
16/03/2016,60.666
15/03/2016,61.335
14/03/2016,59.668
11/03/2016,59.665
10/03/2016,62.0
09/03/2016,63.167
08/03/2016,63.248
07/03/2016,61.75
04/03/2016,61.834
03/03/2016,62.75
02/03/2016,64.005
01/03/2016,66.419
29/02/2016,69.166
26/02/2016,69.165
25/02/2016,71.749
24/02/2016,72.167
23/02/2016,70.0
22/02/2016,68.915
19/02/2016,71.167
18/02/2016,69.499
17/02/2016,71.332
12/02/2016,80.25
11/02/2016,81.167
10/02/2016,71.383
05/02/2016,68.738
04/02/2016,66.792
03/02/2016,69.334
02/02/2016,67.001
01/02/2016,65.0
29/01/2016,63.166
28/01/2016,65.481
27/01/2016,68.669
26/01/2016,68.438
25/01/2016,65.25
22/01/2016,65.167
21/01/2016,69.333
20/01/2016,71.612
19/01/2016,66.25
18/01/2016,71.666
15/01/2016,70.603
14/01/2016,68.002
13/01/2016,64.917
12/01/2016,66.35
11/01/2016,64.749
08/01/2016,62.852
07/01/2016,64.833
06/01/2016,60.298
05/01/2016,57.833
04/01/2016,58.443
31/12/2015,55.656
29/12/2015,56.563
28/12/2015,56.594
18/12/2015,58.333
17/12/2015,56.049
16/12/2015,56.598
15/12/2015,59.167
14/12/2015,59.666
11/12/2015,57.946
10/12/2015,54.987
09/12/2015,55.001
08/12/2015,54.167
07/12/2015,52.66
04/12/2015,53.333
03/12/2015,52.333
02/12/2015,52.667
01/12/2015,53.342
30/11/2015,53.489
20/11/2015,53.495
19/11/2015,53.5
18/11/2015,55.98
17/11/2015,57.668
16/11/2015,59.502
13/11/2015,59.174
12/11/2015,57.667
11/11/2015,58.333
10/11/2015,59.17
09/11/2015,57.796
06/11/2015,57.333
05/11/2015,57.171
04/11/2015,56.502
03/11/2015,59.205
02/11/2015,61.25
30/10/2015,61.667
29/10/2015,62.666
28/10/2015,62.501
27/10/2015,62.501
26/10/2015,61.499
23/10/2015,62.666
22/10/2015,64.999
21/10/2015,64.999
20/10/2015,64.583
19/10/2015,63.669
16/10/2015,65.334
15/10/2015,67.159
14/10/2015,69.667
13/10/2015,70.333
12/10/2015,66.832
09/10/2015,67.501
08/10/2015,71.499
07/10/2015,66.669
06/10/2015,70.167
05/10/2015,69.696
02/10/2015,75.333
01/10/2015,74.055
30/09/2015,78.501
29/09/2015,82.499
28/09/2015,75.493
25/09/2015,74.335
24/09/2015,73.614
23/09/2015,70.167
22/09/2015,67.832
21/09/2015,64.998
18/09/2015,60.999
17/09/2015,64.0
16/09/2015,64.5
15/09/2015,66.167
14/09/2015,69.418
10/09/2015,69.166
09/09/2015,66.856
08/09/2015,69.334
07/09/2015,71.222
04/09/2015,69.181
03/09/2015,69.001
02/09/2015,70.0
01/09/2015,69.667
31/08/2015,66.657
28/08/2015,65.583
27/08/2015,66.0
26/08/2015,71.472
25/08/2015,73.27
24/08/2015,79.5
21/08/2015,71.667
20/08/2015,67.5
19/08/2015,63.5
18/08/2015,61.251
17/08/2015,61.0
14/08/2015,60.5
13/08/2015,58.833
12/08/2015,62.5
11/08/2015,58.5
10/08/2015,55.666
06/08/2015,54.251
05/08/2015,54.835
04/08/2015,55.001
03/08/2015,54.165
31/07/2015,53.834
30/07/2015,53.498
29/07/2015,52.488
28/07/2015,52.331
27/07/2015,54.916
24/07/2015,51.904
23/07/2015,50.19
22/07/2015,50.0
21/07/2015,49.33
20/07/2015,50.499
16/07/2015,51.665
15/07/2015,51.5
14/07/2015,52.33
13/07/2015,51.333
10/07/2015,52.167
09/07/2015,55.17
08/07/2015,58.834
07/07/2015,55.167
06/07/2015,52.167
03/07/2015,51.0
02/07/2015,50.0
01/07/2015,51.665
30/06/2015,51.4
29/06/2015,51.334
26/06/2015,48.746
25/06/2015,48.001
24/06/2015,48.167
23/06/2015,47.334
22/06/2015,48.833
19/06/2015,48.003
18/06/2015,49.387
17/06/2015,49.593
16/06/2015,49.767
15/06/2015,49.446
12/06/2015,48.402
11/06/2015,48.134
10/06/2015,48.281
09/06/2015,49.513
08/06/2015,49.518
29/05/2015,47.5
28/05/2015,47.333
27/05/2015,46.667
26/05/2015,46.167
25/05/2015,45.5
22/05/2015,46.158
21/05/2015,45.884
20/05/2015,46.166
19/05/2015,45.511
18/05/2015,45.491
11/05/2015,47.152
08/05/2015,48.0
07/05/2015,47.832
06/05/2015,47.5
05/05/2015,47.33
04/05/2015,47.659
30/04/2015,48.67
29/04/2015,49.143
28/04/2015,49.667
27/04/2015,49.442
24/04/2015,49.0
23/04/2015,49.75
22/04/2015,50.0
21/04/2015,49.318
20/04/2015,49.983
17/04/2015,50.0
16/04/2015,48.993
15/04/2015,49.315
14/04/2015,49.25
13/04/2015,48.33
10/04/2015,49.0
09/04/2015,49.158
08/04/2015,49.333
07/04/2015,50.184
02/04/2015,52.085
01/04/2015,52.334
31/03/2015,51.85
30/03/2015,52.334
27/03/2015,54.835
26/03/2015,55.582
25/03/2015,53.626
24/03/2015,53.51
23/03/2015,53.388
17/03/2015,53.834
16/03/2015,55.169
13/03/2015,53.104
12/03/2015,53.965
11/03/2015,56.276
10/03/2015,54.808
09/03/2015,53.091
06/03/2015,51.916
05/03/2015,52.167
04/03/2015,53.333
03/03/2015,53.665
02/03/2015,51.334
27/02/2015,52.334
26/02/2015,54.0
25/02/2015,56.835
24/02/2015,58.668
23/02/2015,58.672
18/02/2015,60.51
17/02/2015,60.75
16/02/2015,61.166
13/02/2015,61.832
12/02/2015,64.167
11/02/2015,61.474
10/02/2015,61.369
09/02/2015,61.661
06/02/2015,62.141
05/02/2015,63.612
04/02/2015,63.167
03/02/2015,63.833
02/02/2015,65.833
30/01/2015,62.999
29/01/2015,63.245
28/01/2015,62.5
26/01/2015,62.0
23/01/2015,60.334
22/01/2015,62.166
21/01/2015,64.5
20/01/2015,67.547
19/01/2015,67.609
16/01/2015,67.5
15/01/2015,64.167
14/01/2015,64.333
13/01/2015,64.165
12/01/2015,63.667
09/01/2015,59.666
08/01/2015,57.831
07/01/2015,58.333
06/01/2015,58.999
05/01/2015,54.665
02/01/2015,55.333
31/12/2014,54.491
16/12/2014,54.167
15/12/2014,53.169
12/12/2014,52.852
11/12/2014,50.816
10/12/2014,49.833
09/12/2014,50.167
08/12/2014,48.999
05/12/2014,48.687
04/12/2014,49.0
03/12/2014,49.781
02/12/2014,50.165
01/12/2014,50.998
28/11/2014,49.665
27/11/2014,50.498
26/11/2014,50.333
25/11/2014,50.29
21/11/2014,52.158
20/11/2014,52.993
19/11/2014,51.155
18/11/2014,49.338
17/11/2014,49.835
14/11/2014,50.988
13/11/2014,49.505
12/11/2014,51.823
11/11/2014,50.838
10/11/2014,51.008
07/11/2014,50.59
06/11/2014,51.67
05/11/2014,52.17
04/11/2014,52.165
03/11/2014,52.83
31/10/2014,51.835
30/10/2014,54.993
29/10/2014,52.835
28/10/2014,53.175
27/10/2014,54.49
24/10/2014,56.825
23/10/2014,56.828
22/10/2014,56.818
21/10/2014,57.833
20/10/2014,57.998
17/10/2014,59.51
10/10/2014,58.82
09/10/2014,56.323
08/10/2014,58.153
07/10/2014,55.985
06/10/2014,52.675
03/10/2014,56.995
02/10/2014,58.65
01/10/2014,56.168
30/09/2014,59.483
29/09/2014,60.973
26/09/2014,58.148
25/09/2014,54.663
24/09/2014,54.505
23/09/2014,54.835
22/09/2014,52.998
19/09/2014,49.83
18/09/2014,51.658
17/09/2014,51.828
16/09/2014,52.825
15/09/2014,51.998
12/09/2014,51.483
11/09/2014,49.333
10/09/2014,49.835
09/09/2014,49.653
08/09/2014,48.993
05/09/2014,49.323
04/09/2014,50.155
03/09/2014,49.998
02/09/2014,50.335
01/09/2014,51.485
29/08/2014,51.155
28/08/2014,50.333
27/08/2014,49.835
26/08/2014,50.126
25/08/2014,51.99
22/08/2014,52.323
21/08/2014,52.995
20/08/2014,53.16
19/08/2014,51.17
18/08/2014,52.34
15/08/2014,54.163
14/08/2014,54.175
13/08/2014,55.665
12/08/2014,56.668
11/08/2014,58.993
08/08/2014,60.214
07/08/2014,58.168
06/08/2014,55.173
05/08/2014,52.33
04/08/2014,53.01
01/08/2014,55.838
31/07/2014,53.17
30/07/2014,52.66
29/07/2014,52.325
28/07/2014,52.243
25/07/2014,51.0
24/07/2014,49.825
23/07/2014,51.073
22/07/2014,52.163
21/07/2014,52.323
18/07/2014,52.66
17/07/2014,52.49
16/07/2014,51.993
15/07/2014,50.01
14/07/2014,50.175
11/07/2014,51.559
10/07/2014,52.165
09/07/2014,51.61
08/07/2014,50.936
07/07/2014,50.993
04/07/2014,49.833
03/07/2014,50.044
02/07/2014,50.722
01/07/2014,52.668
30/06/2014,53.166
27/06/2014,54.058
26/06/2014,52.891
25/06/2014,52.302
24/06/2014,51.333
23/06/2014,51.17
20/06/2014,51.224
19/06/2014,50.668
18/06/2014,52.17
17/06/2014,53.165
16/06/2014,52.83
13/06/2014,52.615
12/06/2014,52.745
11/06/2014,52.163
10/06/2014,50.896
09/06/2014,49.998
06/06/2014,50.338
05/06/2014,52.165
04/06/2014,52.5
03/06/2014,52.83
02/06/2014,53.66
30/05/2014,52.665
29/05/2014,54.165
28/05/2014,55.003
27/05/2014,55.165
26/05/2014,55.646
23/05/2014,56.033
22/05/2014,56.668
21/05/2014,57.668
20/05/2014,58.0
19/05/2014,58.658
16/05/2014,57.505
15/05/2014,56.663
14/05/2014,55.165
13/05/2014,56.5
12/05/2014,58.318
09/05/2014,57.998
08/05/2014,57.998
07/05/2014,59.998
06/05/2014,60.665
05/05/2014,59.515
02/05/2014,60.668
01/05/2014,60.835
30/04/2014,60.782
29/04/2014,61.165
28/04/2014,62.17
25/04/2014,61.83
24/04/2014,61.668
23/04/2014,61.333
22/04/2014,60.833
21/04/2014,61.5
18/04/2014,61.889
17/04/2014,61.889
16/04/2014,61.707
15/04/2014,62.335
14/04/2014,63.835
11/04/2014,62.663
10/04/2014,60.0
09/04/2014,60.394
08/04/2014,61.668
07/04/2014,62.003
04/04/2014,61.5
03/04/2014,61.663
02/04/2014,60.165
01/04/2014,60.5
31/03/2014,60.995
28/03/2014,60.333
27/03/2014,60.833
26/03/2014,61.0
25/03/2014,61.0
24/03/2014,60.668
21/03/2014,62.83
20/03/2014,64.505
19/03/2014,60.828
18/03/2014,60.833
17/03/2014,61.335
14/03/2014,63.335
13/03/2014,61.828
12/03/2014,62.668
11/03/2014,61.658
10/03/2014,62.705
07/03/2014,61.828
06/03/2014,59.848
05/03/2014,62.33
04/03/2014,63.33
03/03/2014,66.658
28/02/2014,64.83
27/02/2014,66.998
26/02/2014,67.729
25/02/2014,67.333
24/02/2014,68.375
21/02/2014,66.495
20/02/2014,68.665
19/02/2014,67.381
18/02/2014,65.833
17/02/2014,65.335
14/02/2014,67.0
13/02/2014,71.173
12/02/2014,68.333
11/02/2014,67.67
10/02/2014,69.601
07/02/2014,71.319
06/02/2014,70.484
05/02/2014,71.435
04/02/2014,72.665
03/02/2014,71.493
31/01/2014,70.912
30/01/2014,70.338
29/01/2014,66.941
28/01/2014,67.168
27/01/2014,71.835
24/01/2014,73.993
23/01/2014,68.653
22/01/2014,68.668
21/01/2014,69.663
20/01/2014,70.995
17/01/2014,67.998
16/01/2014,67.616
15/01/2014,68.338
14/01/2014,68.224
13/01/2014,67.828
10/01/2014,67.335
09/01/2014,67.33
08/01/2014,68.33
07/01/2014,70.33
06/01/2014,68.465
03/01/2014,68.0
02/01/2014,67.335
01/01/2014,65.951
31/12/2013,65.946
30/12/2013,65.894
27/12/2013,65.332
26/12/2013,64.54
25/12/2013,64.503
24/12/2013,64.453
23/12/2013,63.614
20/12/2013,61.487
19/12/2013,56.003
18/12/2013,56.551
17/12/2013,56.604
16/12/2013,55.397
13/12/2013,55.168
12/12/2013,56.168
11/12/2013,56.33
10/12/2013,57.165
06/12/2013,57.84
05/12/2013,58.835
04/12/2013,58.771
03/12/2013,58.83
02/12/2013,57.328
29/11/2013,56.61
28/11/2013,56.935
27/11/2013,57.998
26/11/2013,57.83
25/11/2013,56.17
22/11/2013,56.84
21/11/2013,57.338
20/11/2013,58.328
19/11/2013,57.998
18/11/2013,57.17
15/11/2013,59.838
14/11/2013,60.168
13/11/2013,61.67
12/11/2013,59.34
11/11/2013,60.373
08/11/2013,60.621
07/11/2013,61.325
06/11/2013,62.693
05/11/2013,63.328
04/11/2013,63.825
01/11/2013,61.328
31/10/2013,60.471
30/10/2013,59.525
29/10/2013,60.582
28/10/2013,60.833
25/10/2013,61.003
13/08/2013,82.875
09/07/2013,90.693
08/07/2013,92.508
05/07/2013,90.791
25/06/2013,109.683
24/06/2013,108.142
20/06/2013,98.323
18/06/2013,80.658
17/06/2013,79.998
14/06/2013,83.995
13/06/2013,99.855
11/06/2013,93.325
10/06/2013,84.823
06/06/2013,82.33
05/06/2013,80.655
04/06/2013,79.003
03/06/2013,81.667
31/05/2013,74.221
30/05/2013,74.668
29/05/2013,70.928
28/05/2013,70.268
27/05/2013,74.719
23/05/2013,72.219
22/05/2013,69.06
21/05/2013,69.017
20/05/2013,68.503
17/05/2013,68.039
16/05/2013,69.498
15/05/2013,69.505
14/05/2013,68.835
13/05/2013,66.845
10/05/2013,67.993
09/05/2013,67.108
08/05/2013,67.603
07/05/2013,68.776
06/05/2013,70.165
03/05/2013,71.577
02/05/2013,71.905
30/04/2013,71.402
26/04/2013,72.072
25/04/2013,73.498
24/04/2013,73.9
23/04/2013,74.67
22/04/2013,73.815
19/04/2013,74.503
18/04/2013,77.823
17/04/2013,80.077
16/04/2013,81.678
15/04/2013,82.237
12/04/2013,79.998
11/04/2013,80.897
10/04/2013,84.998
09/04/2013,82.565
08/04/2013,87.062
03/04/2013,83.225
02/04/2013,82.73
28/03/2013,76.981
27/03/2013,70.602
26/03/2013,74.058
25/03/2013,70.204
22/03/2013,71.056
21/03/2013,69.558
20/03/2013,69.694
19/03/2013,67.325
18/03/2013,68.792
15/03/2013,66.761
14/03/2013,67.53
13/03/2013,67.043
12/03/2013,65.168
11/03/2013,65.15
08/03/2013,62.34
07/03/2013,63.954
06/03/2013,63.52
05/03/2013,63.685
04/03/2013,67.933
01/03/2013,66.165
28/02/2013,66.064
27/02/2013,67.877
26/02/2013,69.66
25/02/2013,65.941
22/02/2013,67.101
21/02/2013,66.983
20/02/2013,64.268
19/02/2013,65.598
18/02/2013,66.061
15/02/2013,65.766
14/02/2013,65.495
12/02/2013,68.906
11/02/2013,68.431
08/02/2013,67.515
07/02/2013,68.756
06/02/2013,69.208
05/02/2013,71.67
04/02/2013,73.165
01/02/2013,71.17
31/01/2013,72.33
30/01/2013,67.396
29/01/2013,65.493
28/01/2013,64.964
25/01/2013,65.436
24/01/2013,66.271
22/01/2013,66.112
21/01/2013,67.108
18/01/2013,67.778
17/01/2013,70.433
16/01/2013,70.101
15/01/2013,68.261
14/01/2013,65.538
11/01/2013,66.835
10/01/2013,64.504
11/12/2012,63.503
10/12/2012,63.469
07/12/2012,62.969
06/12/2012,64.784
05/12/2012,63.343
26/10/2012,71.168
05/10/2012,82.678
18/09/2012,71.998
12/09/2012,87.903
11/09/2012,91.568
10/09/2012,92.728
07/09/2012,96.708
06/09/2012,101.32
05/09/2012,105.033
04/09/2012,105.863
03/09/2012,108.519
31/08/2012,108.128
30/08/2012,109.036
29/08/2012,107.811
28/08/2012,108.193
27/08/2012,108.056
24/08/2012,110.018
23/08/2012,108.028
22/08/2012,108.853
21/08/2012,108.214
20/08/2012,109.023
17/08/2012,110.409
16/08/2012,112.838
15/08/2012,109.523
14/08/2012,110.848
13/08/2012,111.183
10/08/2012,110.683
09/08/2012,107.203
08/08/2012,109.863
07/08/2012,112.183
06/08/2012,112.348
03/08/2012,116.925
02/08/2012,118.483
01/08/2012,117.498
31/07/2012,117.389
30/07/2012,117.498
27/07/2012,119.925
26/07/2012,122.993
25/07/2012,126.145
24/07/2012,126.473
23/07/2012,127.468
20/07/2012,119.823
19/07/2012,117.998
18/07/2012,120.021
17/07/2012,120.323
16/07/2012,119.818
13/07/2012,116.678
12/07/2012,117.828
11/07/2012,115.75
10/07/2012,116.447
09/07/2012,120.66
06/07/2012,118.604
05/07/2012,116.67
04/07/2012,115.319
03/07/2012,118.114
02/07/2012,119.328
29/06/2012,121.151
28/06/2012,125.808
27/06/2012,126.148
26/06/2012,127.197
25/06/2012,127.133
22/06/2012,123.276
21/06/2012,122.237
20/06/2012,119.993
19/06/2012,116.255
18/06/2012,116.498
15/06/2012,117.913
14/06/2012,129.866
13/06/2012,131.358
12/06/2012,134.025
11/06/2012,136.17
08/06/2012,138.675
07/06/2012,137.513
06/06/2012,140.843
05/06/2012,146.158
04/06/2012,148.478
01/06/2012,144.983
31/05/2012,140.328
30/05/2012,141.65
29/05/2012,138.88
28/05/2012,138.735
25/05/2012,141.988
24/05/2012,141.993
23/05/2012,141.993
22/05/2012,139.5
21/05/2012,146.003
18/05/2012,144.969
17/05/2012,142.31
16/05/2012,142.82
15/05/2012,137.668
14/05/2012,131.8
11/05/2012,126.955
10/05/2012,125.825
09/05/2012,127.483
08/05/2012,123.273
07/05/2012,123.184
04/05/2012,120.498
03/05/2012,120.168
02/05/2012,119.747
01/05/2012,120.358
30/04/2012,120.665
27/04/2012,122.335
26/04/2012,120.165
25/04/2012,120.526
24/04/2012,122.005
23/04/2012,124.944
20/04/2012,122.505
19/04/2012,119.675
18/04/2012,121.17
17/04/2012,124.835
16/04/2012,127.418
12/04/2012,126.335
11/04/2012,130.0
10/04/2012,126.985
02/04/2012,121.884
30/03/2012,123.224
29/03/2012,123.66
28/03/2012,119.165
27/03/2012,116.495
26/03/2012,118.02
23/03/2012,119.828
22/03/2012,119.5
20/03/2012,112.83
16/03/2012,111.675
15/03/2012,113.855
14/03/2012,120.165
13/03/2012,128.723
12/03/2012,130.733
09/03/2012,129.559
08/03/2012,129.29
07/03/2012,136.779
06/03/2012,138.941
24/02/2012,141.897
19/01/2012,156.855
18/01/2012,160.139
17/01/2012,163.657
16/01/2012,167.748
13/01/2012,162.611
12/01/2012,169.256
11/01/2012,169.805
10/01/2012,171.829
09/01/2012,164.727
06/01/2012,164.246
05/01/2012,160.659
20/12/2011,170.043
19/12/2011,169.38
16/12/2011,158.332
15/12/2011,159.609
14/12/2011,155.925
13/12/2011,154.453
12/12/2011,153.691
09/12/2011,150.753
08/12/2011,148.091
07/12/2011,143.4
06/12/2011,146.171
05/12/2011,145.727
02/12/2011,148.713
01/12/2011,152.343
30/11/2011,156.264
29/11/2011,160.478
28/11/2011,159.267
25/11/2011,177.114
24/11/2011,177.386
23/11/2011,175.747
22/11/2011,168.805
21/11/2011,165.668
18/11/2011,163.965
17/11/2011,157.578
16/11/2011,154.554
15/11/2011,154.756
14/11/2011,149.729
11/11/2011,154.118
10/11/2011,164.182
09/11/2011,144.943
08/11/2011,148.42
07/11/2011,148.032
04/11/2011,155.524
03/11/2011,165.595
02/11/2011,163.677
01/11/2011,162.318
31/10/2011,136.37
28/10/2011,125.382
27/10/2011,132.503
26/10/2011,160.276
25/10/2011,148.811
24/10/2011,149.272
21/10/2011,155.239
20/10/2011,155.837
19/10/2011,150.512
18/10/2011,155.671
17/10/2011,160.675
14/10/2011,155.221
13/10/2011,168.473
12/10/2011,179.149
11/10/2011,179.593
10/10/2011,185.89
07/10/2011,193.876
06/10/2011,201.476
05/10/2011,215.863
04/10/2011,222.307
03/10/2011,220.377
30/09/2011,215.242
29/09/2011,186.11
28/09/2011,181.162
27/09/2011,174.693
26/09/2011,191.245
23/09/2011,187.635
22/09/2011,189.877
21/09/2011,164.981
20/09/2011,154.623
19/09/2011,151.849
16/09/2011,147.874
15/09/2011,155.214
14/09/2011,153.363
13/09/2011,151.601
12/09/2011,154.022
09/09/2011,139.96
08/09/2011,136.495
07/09/2011,134.945
06/09/2011,138.993
05/09/2011,138.648
02/09/2011,134.686
01/09/2011,130.43
31/08/2011,130.352
30/08/2011,135.438
29/08/2011,138.874
26/08/2011,141.271
25/08/2011,138.225
24/08/2011,142.529
23/08/2011,137.323
22/08/2011,134.382
19/08/2011,133.673
18/08/2011,129.643
17/08/2011,129.533
16/08/2011,132.531
15/08/2011,132.363
12/08/2011,139.994
11/08/2011,133.078
10/08/2011,126.79
09/08/2011,122.511
08/08/2011,121.963
05/08/2011,113.71
04/08/2011,110.99
03/08/2011,105.16
02/08/2011,104.686
01/08/2011,101.838
29/07/2011,102.998
28/07/2011,102.687
27/07/2011,102.951
26/07/2011,103.222
25/07/2011,104.232
22/07/2011,101.747
21/07/2011,103.946
20/07/2011,105.471
19/07/2011,106.656
18/07/2011,108.483
15/07/2011,105.833
14/07/2011,103.167
13/07/2011,103.833
12/07/2011,107.727
11/07/2011,106.665
08/07/2011,100.28
07/07/2011,100.838
06/07/2011,101.668
05/07/2011,98.722
04/07/2011,100.57
01/07/2011,101.321
30/06/2011,102.859
29/06/2011,105.432
28/06/2011,105.765
27/06/2011,105.241
24/06/2011,103.438
23/06/2011,104.679
22/06/2011,103.663
21/06/2011,100.758
20/06/2011,101.751
17/06/2011,96.054
16/06/2011,98.792
15/06/2011,98.724
14/06/2011,98.253
13/06/2011,99.182
10/06/2011,99.078
09/06/2011,98.631
08/06/2011,98.0
07/06/2011,97.713
06/06/2011,98.583
03/06/2011,98.833
02/06/2011,96.281
01/06/2011,96.247
31/05/2011,96.274
30/05/2011,98.335
27/05/2011,98.345
26/05/2011,97.833
25/05/2011,97.938
24/05/2011,97.668
23/05/2011,98.5
20/05/2011,95.025
19/05/2011,94.606
18/05/2011,96.224
17/05/2011,98.121
16/05/2011,97.922
13/05/2011,97.0
12/05/2011,97.546
11/05/2011,96.827
10/05/2011,96.954
09/05/2011,97.165
06/05/2011,97.191
05/05/2011,98.188
04/05/2011,97.685
03/05/2011,96.561
02/05/2011,95.343
29/04/2011,95.755
28/04/2011,96.97
27/04/2011,97.375
26/04/2011,97.465
25/04/2011,97.63
22/04/2011,98.0
21/04/2011,98.129
20/04/2011,98.774
19/04/2011,99.892
18/04/2011,100.658
15/04/2011,99.312
14/04/2011,99.585
13/04/2011,99.235
12/04/2011,99.804
11/04/2011,97.165
08/04/2011,96.543
07/04/2011,96.0
06/04/2011,95.551
05/04/2011,95.0
04/04/2011,95.073
01/04/2011,99.382
31/03/2011,101.079
30/03/2011,100.343
29/03/2011,102.55
28/03/2011,102.976
25/03/2011,104.965
24/03/2011,107.034
23/03/2011,106.335
22/03/2011,104.498
21/03/2011,103.333
18/03/2011,102.602
17/03/2011,105.049
16/03/2011,104.016
15/03/2011,109.338
14/03/2011,101.833
11/03/2011,102.0
10/03/2011,99.213
09/03/2011,98.103
08/03/2011,99.972
07/03/2011,101.274
04/03/2011,100.325
03/03/2011,100.514
02/03/2011,101.663
01/03/2011,100.743
28/02/2011,101.924
25/02/2011,99.651
24/02/2011,103.404
23/02/2011,101.155
22/02/2011,101.265
21/02/2011,98.5
18/02/2011,97.267
17/02/2011,97.0
16/02/2011,100.048
15/02/2011,100.301
14/02/2011,100.306
11/02/2011,101.544
10/02/2011,102.387
09/02/2011,97.793
08/02/2011,97.05
07/02/2011,97.116
04/02/2011,97.488
03/02/2011,98.491
02/02/2011,97.159
01/02/2011,98.541
31/01/2011,103.204
28/01/2011,102.349
27/01/2011,98.968
26/01/2011,98.983
25/01/2011,98.78
24/01/2011,99.341
21/01/2011,101.035
20/01/2011,99.968
19/01/2011,97.858
18/01/2011,98.157
17/01/2011,98.052
14/01/2011,97.893
13/01/2011,97.294
12/01/2011,97.761
11/01/2011,101.214
10/01/2011,103.179
07/01/2011,97.912
06/01/2011,94.174
05/01/2011,93.349
04/01/2011,90.347
03/01/2011,93.163
31/12/2010,95.649
30/12/2010,96.185
29/12/2010,96.608
28/12/2010,96.65
27/12/2010,96.168
24/12/2010,96.177
23/12/2010,96.22
22/12/2010,97.491
21/12/2010,97.978
20/12/2010,99.491
17/12/2010,92.795
16/12/2010,91.736
15/12/2010,91.045
14/12/2010,90.585
13/12/2010,93.737
10/12/2010,96.858
09/12/2010,99.002
08/12/2010,101.318
07/12/2010,102.322
06/12/2010,108.182
03/12/2010,106.486
02/12/2010,108.869
01/12/2010,110.371
30/11/2010,121.498
29/11/2010,113.586
26/11/2010,112.06
25/11/2010,99.852
24/11/2010,102.434
23/11/2010,100.614
22/11/2010,85.968
19/11/2010,87.777
18/11/2010,86.701
17/11/2010,90.579
16/11/2010,91.422
15/11/2010,89.775
12/11/2010,87.934
11/11/2010,82.522
10/11/2010,80.989
09/11/2010,77.785
08/11/2010,76.281
05/11/2010,74.043
04/11/2010,76.55
03/11/2010,78.873
02/11/2010,80.419
01/11/2010,80.487
29/10/2010,82.202
28/10/2010,78.899
27/10/2010,80.149
26/10/2010,76.077
25/10/2010,75.634
22/10/2010,78.853
21/10/2010,78.04
20/10/2010,82.172
19/10/2010,82.341
18/10/2010,83.727
15/10/2010,82.082
14/10/2010,78.49
13/10/2010,78.864
12/10/2010,84.689
11/10/2010,81.468
08/10/2010,86.092
07/10/2010,86.186
06/10/2010,88.356
05/10/2010,95.563
04/10/2010,97.558
01/10/2010,99.45
30/09/2010,100.831
29/09/2010,100.715
28/09/2010,103.418
27/09/2010,102.104
24/09/2010,104.786
23/09/2010,105.977
22/09/2010,104.89
21/09/2010,105.832
20/09/2010,105.941
17/09/2010,104.322
16/09/2010,105.956
15/09/2010,106.121
14/09/2010,105.868
13/09/2010,103.281
10/09/2010,108.715
09/09/2010,112.65
08/09/2010,115.058
07/09/2010,112.102
06/09/2010,106.444
03/09/2010,110.77
02/09/2010,115.578
01/09/2010,119.205
31/08/2010,123.72
30/08/2010,118.513
27/08/2010,123.441
26/08/2010,119.937
25/08/2010,119.679
24/08/2010,117.204
23/08/2010,111.32
20/08/2010,111.955
19/08/2010,109.316
18/08/2010,110.029
17/08/2010,110.904
16/08/2010,112.335
13/08/2010,108.899
12/08/2010,112.291
11/08/2010,106.52
10/08/2010,105.616
09/08/2010,102.009
06/08/2010,104.795
05/08/2010,104.75
04/08/2010,102.899
03/08/2010,98.06
02/08/2010,98.93
30/07/2010,105.548
29/07/2010,100.191
28/07/2010,100.38
27/07/2010,96.37
26/07/2010,106.075
23/07/2010,105.183
22/07/2010,109.756
21/07/2010,111.625
20/07/2010,114.545
19/07/2010,114.779
16/07/2010,114.811
15/07/2010,111.807
14/07/2010,110.272
13/07/2010,114.48
12/07/2010,116.951
09/07/2010,115.812
08/07/2010,119.772
07/07/2010,127.055
06/07/2010,124.956
05/07/2010,123.982
02/07/2010,129.312
01/07/2010,130.425
30/06/2010,131.68
29/06/2010,132.255
28/06/2010,117.672
25/06/2010,127.134
24/06/2010,119.147
23/06/2010,115.851
22/06/2010,111.69
21/06/2010,109.254
18/06/2010,118.017
17/06/2010,121.613
16/06/2010,124.099
15/06/2010,129.013
14/06/2010,133.071
11/06/2010,140.63
10/06/2010,142.99
09/06/2010,144.787
08/06/2010,144.007
07/06/2010,144.826
04/06/2010,134.494
03/06/2010,134.971
02/06/2010,142.024
01/06/2010,147.554
31/05/2010,134.709
28/05/2010,137.793
27/05/2010,132.145
26/05/2010,153.044
25/05/2010,166.85
24/05/2010,141.974
21/05/2010,135.373
20/05/2010,133.321
19/05/2010,119.86
18/05/2010,108.791
17/05/2010,113.718
14/05/2010,102.409
13/05/2010,93.998
12/05/2010,96.904
11/05/2010,99.843
10/05/2010,97.245
07/05/2010,127.269
06/05/2010,110.64
05/05/2010,100.721
04/05/2010,94.475
03/05/2010,90.52
30/04/2010,88.292
29/04/2010,86.804
28/04/2010,92.163
27/04/2010,88.999
26/04/2010,83.355
23/04/2010,82.299
22/04/2010,78.484
21/04/2010,77.695
20/04/2010,76.962
19/04/2010,79.385
16/04/2010,75.613
15/04/2010,74.262
14/04/2010,75.119
13/04/2010,79.562
12/04/2010,80.246
09/04/2010,81.548
08/04/2010,81.473
07/04/2010,78.468
06/04/2010,78.052
05/04/2010,78.819
02/04/2010,79.386
01/04/2010,79.386
31/03/2010,79.893
30/03/2010,79.194
29/03/2010,84.333
26/03/2010,82.262
25/03/2010,78.047
24/03/2010,77.826
23/03/2010,77.666
22/03/2010,83.415
19/03/2010,75.95
18/03/2010,74.649
17/03/2010,74.117
16/03/2010,75.337
15/03/2010,76.685
12/03/2010,75.328
11/03/2010,77.299
10/03/2010,76.987
09/03/2010,82.479
08/03/2010,80.496
05/03/2010,86.026
04/03/2010,96.479
03/03/2010,97.46
02/03/2010,101.903
01/03/2010,102.545
26/02/2010,107.227
25/02/2010,108.814
24/02/2010,105.028
23/02/2010,104.883
22/02/2010,104.282
19/02/2010,107.726
18/02/2010,108.982
17/02/2010,110.577
16/02/2010,113.673
15/02/2010,110.952
12/02/2010,110.965
11/02/2010,110.637
10/02/2010,114.853
09/02/2010,118.31
08/02/2010,121.673
05/02/2010,122.728
04/02/2010,112.689
03/02/2010,107.904
02/02/2010,109.331
01/02/2010,110.348
29/01/2010,105.614
28/01/2010,104.242
27/01/2010,105.874
26/01/2010,105.641
25/01/2010,104.239
22/01/2010,105.365
21/01/2010,95.263
20/01/2010,89.379
19/01/2010,89.824
18/01/2010,88.613
15/01/2010,83.446
14/01/2010,82.9
13/01/2010,80.982
12/01/2010,78.534
11/01/2010,77.144
08/01/2010,81.722
07/01/2010,81.89
06/01/2010,83.36
05/01/2010,86.654
04/01/2010,89.125
01/01/2010,87.175
31/12/2009,87.162
30/12/2009,87.6
29/12/2009,88.19
28/12/2009,87.898
25/12/2009,86.399
24/12/2009,88.228
23/12/2009,86.184
22/12/2009,88.107
21/12/2009,86.646
18/12/2009,88.6
17/12/2009,85.798
16/12/2009,85.916
15/12/2009,85.852
14/12/2009,86.996
11/12/2009,89.928
10/12/2009,89.501
09/12/2009,89.707
08/12/2009,89.172
07/12/2009,90.536
04/12/2009,92.789
03/12/2009,97.08
02/12/2009,100.443
01/12/2009,103.466
30/11/2009,106.237
27/11/2009,112.492
26/11/2009,104.881
25/11/2009,96.168
24/11/2009,93.676
23/11/2009,104.566
20/11/2009,99.741
19/11/2009,98.356
18/11/2009,92.635
17/11/2009,98.333
16/11/2009,98.928
13/11/2009,102.493
12/11/2009,106.972
11/11/2009,97.872
10/11/2009,100.0
09/11/2009,100.672
06/11/2009,105.453
05/11/2009,106.803
04/11/2009,106.025
03/11/2009,100.812
02/11/2009,97.332
30/10/2009,95.253
29/10/2009,100.903
28/10/2009,98.842
27/10/2009,92.95
26/10/2009,92.029
23/10/2009,91.93
22/10/2009,96.397
21/10/2009,91.544
20/10/2009,90.469
19/10/2009,89.523
16/10/2009,87.825
15/10/2009,87.746
14/10/2009,91.744
13/10/2009,92.736
12/10/2009,93.147
09/10/2009,93.389
08/10/2009,92.006
07/10/2009,100.838
06/10/2009,104.86
05/10/2009,109.452
02/10/2009,110.936
01/10/2009,106.862
30/09/2009,103.456
29/09/2009,106.853
28/09/2009,110.483
25/09/2009,106.658
24/09/2009,104.96
23/09/2009,105.046
22/09/2009,110.65
21/09/2009,109.222
18/09/2009,109.39
17/09/2009,106.468
16/09/2009,117.452
15/09/2009,122.224
14/09/2009,125.163
11/09/2009,122.458
10/09/2009,124.08
09/09/2009,135.715
08/09/2009,134.364
07/09/2009,138.858
04/09/2009,140.059
03/09/2009,141.51
02/09/2009,145.69
01/09/2009,140.725
31/08/2009,136.806
28/08/2009,133.141
27/08/2009,133.213
26/08/2009,136.038
25/08/2009,135.903
24/08/2009,132.417
21/08/2009,143.717
20/08/2009,146.217
19/08/2009,146.717
18/08/2009,144.286
17/08/2009,148.501
14/08/2009,136.163
13/08/2009,140.863
12/08/2009,145.923
11/08/2009,127.958
10/08/2009,125.618
07/08/2009,126.826
06/08/2009,124.976
05/08/2009,121.849
04/08/2009,119.405
03/08/2009,123.717
31/07/2009,128.267
30/07/2009,131.202
29/07/2009,136.951
28/07/2009,132.306
27/07/2009,141.103
24/07/2009,144.153
23/07/2009,144.207
22/07/2009,153.911
21/07/2009,154.077
20/07/2009,170.756
17/07/2009,176.225
16/07/2009,178.096
15/07/2009,181.132
14/07/2009,192.129
13/07/2009,196.022
10/07/2009,185.59
09/07/2009,188.45
08/07/2009,195.625
07/07/2009,186.287
06/07/2009,183.447
03/07/2009,184.451
02/07/2009,178.074
01/07/2009,181.533
30/06/2009,183.984
29/06/2009,190.175
26/06/2009,188.134
25/06/2009,193.71
24/06/2009,201.995
23/06/2009,211.34
22/06/2009,201.364
19/06/2009,197.096
18/06/2009,200.662
17/06/2009,201.244
16/06/2009,182.368
15/06/2009,174.534
12/06/2009,160.931
11/06/2009,161.962
10/06/2009,151.082
09/06/2009,155.302
08/06/2009,147.011
05/06/2009,135.511
04/06/2009,139.954
03/06/2009,137.411
02/06/2009,137.68
01/06/2009,148.35
29/05/2009,166.411
28/05/2009,163.403
27/05/2009,152.538
26/05/2009,146.318
25/05/2009,147.937
22/05/2009,150.124
21/05/2009,161.99
20/05/2009,152.728
19/05/2009,169.906
18/05/2009,181.55
15/05/2009,184.175
14/05/2009,185.617
13/05/2009,171.795
12/05/2009,179.769
11/05/2009,175.277
08/05/2009,167.488
07/05/2009,176.7
06/05/2009,206.35
05/05/2009,216.712
04/05/2009,233.35
01/05/2009,255.434
30/04/2009,256.086
29/04/2009,277.815
28/04/2009,301.681
27/04/2009,287.006
24/04/2009,282.546
23/04/2009,293.314
22/04/2009,299.341
21/04/2009,295.417
20/04/2009,281.458
17/04/2009,274.688
16/04/2009,277.038
15/04/2009,283.35
14/04/2009,299.214
13/04/2009,300.695
10/04/2009,303.698
09/04/2009,303.711
08/04/2009,318.043
07/04/2009,312.486
06/04/2009,298.35
03/04/2009,305.183
02/04/2009,305.01
01/04/2009,323.582
31/03/2009,332.584
30/03/2009,343.598
27/03/2009,329.885
26/03/2009,339.77
25/03/2009,355.367
24/03/2009,362.641
23/03/2009,378.9
20/03/2009,379.163
19/03/2009,376.903
18/03/2009,381.016
17/03/2009,381.959
16/03/2009,394.086
13/03/2009,421.561
12/03/2009,429.048
11/03/2009,438.098
10/03/2009,449.225
09/03/2009,455.848
06/03/2009,455.261
05/03/2009,455.825
04/03/2009,455.409
03/03/2009,460.418
02/03/2009,459.975
27/02/2009,432.475
26/02/2009,430.135
25/02/2009,431.297
24/02/2009,447.464
23/02/2009,436.006
20/02/2009,450.297
19/02/2009,427.776
18/02/2009,424.014
17/02/2009,412.066
16/02/2009,363.75
13/02/2009,350.886
12/02/2009,354.706
11/02/2009,344.6
10/02/2009,337.62
09/02/2009,329.353
06/02/2009,335.21
05/02/2009,334.704
04/02/2009,328.965
03/02/2009,336.803
02/02/2009,335.721
30/01/2009,328.865
29/01/2009,320.586
28/01/2009,326.898
27/01/2009,336.287
26/01/2009,336.287
23/01/2009,339.818
22/01/2009,324.876
21/01/2009,330.0
20/01/2009,316.675
19/01/2009,311.185
16/01/2009,319.596
15/01/2009,320.0
14/01/2009,298.077
13/01/2009,293.333
12/01/2009,272.937
09/01/2009,273.218
08/01/2009,278.193
07/01/2009,271.667
06/01/2009,288.333
05/01/2009,302.81
02/01/2009,335.455
01/01/2009,319.571
31/12/2008,332.971
30/12/2008,326.725
29/12/2008,336.94
26/12/2008,335.725
25/12/2008,335.725
24/12/2008,342.589
23/12/2008,343.681
22/12/2008,341.8
19/12/2008,348.4
18/12/2008,348.4
17/12/2008,363.4
16/12/2008,369.109
15/12/2008,374.802
12/12/2008,378.366
11/12/2008,363.053
10/12/2008,376.782
09/12/2008,393.532
08/12/2008,407.129
05/12/2008,406.922
04/12/2008,400.866
03/12/2008,397.145
02/12/2008,408.82
01/12/2008,382.079
28/11/2008,368.614
27/11/2008,366.436
26/11/2008,365.536
25/11/2008,375.0
24/11/2008,394.093
21/11/2008,430.025
20/11/2008,427.438
19/11/2008,398.589
18/11/2008,398.036
17/11/2008,371.518
14/11/2008,357.434
13/11/2008,369.661
12/11/2008,347.211
11/11/2008,312.236
10/11/2008,270.095
07/11/2008,300.0
06/11/2008,300.663
05/11/2008,285.605
04/11/2008,255.17
03/11/2008,311.926
31/10/2008,374.188
30/10/2008,391.713
29/10/2008,560.264
28/10/2008,586.58
27/10/2008,674.875
24/10/2008,667.961
23/10/2008,606.807
22/10/2008,473.526
21/10/2008,408.105
20/10/2008,394.95
17/10/2008,376.538
16/10/2008,368.325
15/10/2008,300.964
14/10/2008,270.724
13/10/2008,339.299
10/10/2008,344.756
09/10/2008,298.551
08/10/2008,311.044
07/10/2008,264.988
06/10/2008,266.506
03/10/2008,224.173
02/10/2008,195.625
01/10/2008,181.914
30/09/2008,179.934
29/09/2008,169.47
26/09/2008,156.234
25/09/2008,156.34
24/09/2008,156.13
23/09/2008,153.94
22/09/2008,150.256
19/09/2008,159.147
18/09/2008,177.881
17/09/2008,173.114
16/09/2008,175.784
15/09/2008,143.326
12/09/2008,135.538
11/09/2008,138.698
10/09/2008,135.726
09/09/2008,132.968
08/09/2008,123.495
05/09/2008,134.627
04/09/2008,126.917
03/09/2008,125.221
02/09/2008,122.566
01/09/2008,123.188
29/08/2008,115.665
28/08/2008,115.165
27/08/2008,114.995
26/08/2008,114.731
25/08/2008,109.896
22/08/2008,109.962
21/08/2008,107.787
20/08/2008,105.698
19/08/2008,104.033
18/08/2008,100.17
15/08/2008,100.335
14/08/2008,101.396
13/08/2008,101.665
12/08/2008,100.533
11/08/2008,102.604
08/08/2008,103.066
07/08/2008,100.995
06/08/2008,95.944
05/08/2008,96.109
04/08/2008,96.863
01/08/2008,91.061
31/07/2008,86.696
30/07/2008,86.401
29/07/2008,90.066
28/07/2008,90.099
25/07/2008,91.896
24/07/2008,90.757
23/07/2008,94.904
22/07/2008,108.604
21/07/2008,108.066
18/07/2008,114.871
17/07/2008,117.081
16/07/2008,118.906
15/07/2008,119.396
14/07/2008,113.424
11/07/2008,116.564
10/07/2008,120.904
09/07/2008,117.594
08/07/2008,127.444
07/07/2008,121.401
04/07/2008,114.234
03/07/2008,116.442
02/07/2008,104.683
01/07/2008,104.922
30/06/2008,103.853
27/06/2008,102.183
26/06/2008,98.061
25/06/2008,97.335
24/06/2008,100.094
23/06/2008,99.404
20/06/2008,98.165
19/06/2008,92.792
18/06/2008,89.886
17/06/2008,88.942
16/06/2008,93.038
13/06/2008,93.533
12/06/2008,93.602
11/06/2008,90.315
10/06/2008,91.782
09/06/2008,83.08
06/06/2008,79.387
05/06/2008,79.005
04/06/2008,76.808
03/06/2008,77.737
02/06/2008,76.706
30/05/2008,75.407
29/05/2008,74.876
28/05/2008,75.208
27/05/2008,76.737
26/05/2008,71.257
23/05/2008,67.526
22/05/2008,65.266
21/05/2008,60.561
20/05/2008,61.667
19/05/2008,61.667
16/05/2008,59.833
15/05/2008,42.5
14/05/2008,63.833
13/05/2008,63.163
12/05/2008,64.896
09/05/2008,65.097
08/05/2008,64.229
07/05/2008,62.8
06/05/2008,62.097
05/05/2008,63.505
02/05/2008,61.229
01/05/2008,64.16
30/04/2008,66.168
29/04/2008,60.861
28/04/2008,59.866
25/04/2008,62.894
24/04/2008,67.465
23/04/2008,67.599
22/04/2008,68.632
21/04/2008,68.762
18/04/2008,74.269
17/04/2008,76.797
16/04/2008,80.036
15/04/2008,81.767
14/04/2008,82.396
11/04/2008,78.757
10/04/2008,80.759
09/04/2008,75.995
08/04/2008,74.998
07/04/2008,74.949
04/04/2008,80.239
03/04/2008,81.67
02/04/2008,85.333
01/04/2008,91.675
31/03/2008,96.597
28/03/2008,98.094
27/03/2008,98.432
26/03/2008,97.201
25/03/2008,94.901
24/03/2008,109.348
21/03/2008,108.823
20/03/2008,108.79
19/03/2008,107.777
18/03/2008,113.173
17/03/2008,125.5
14/03/2008,112.234
13/03/2008,111.96
12/03/2008,100.483
11/03/2008,107.741
10/03/2008,105.899
07/03/2008,92.132
06/03/2008,89.008
05/03/2008,84.863
04/03/2008,84.767
03/03/2008,86.229
29/02/2008,84.201
28/02/2008,82.932
27/02/2008,79.825
26/02/2008,82.914
25/02/2008,84.439
22/02/2008,87.594
21/02/2008,86.066
20/02/2008,85.163
19/02/2008,84.67
18/02/2008,83.059
15/02/2008,83.163
14/02/2008,82.401
13/02/2008,83.193
12/02/2008,83.655
11/02/2008,85.5
08/02/2008,78.45
07/02/2008,78.318
06/02/2008,76.833
05/02/2008,76.107
04/02/2008,73.668
01/02/2008,75.934
31/01/2008,76.099
30/01/2008,75.571
29/01/2008,76.274
28/01/2008,77.401
25/01/2008,73.812
24/01/2008,75.833
23/01/2008,78.381
22/01/2008,79.546
21/01/2008,78.65
18/01/2008,75.056
17/01/2008,74.762
16/01/2008,73.254
15/01/2008,72.333
14/01/2008,65.667
11/01/2008,60.424
10/01/2008,59.094
09/01/2008,54.0
08/01/2008,52.871
07/01/2008,52.498
04/01/2008,41.667
03/01/2008,49.099
02/01/2008,46.163
01/01/2008,45.328
31/12/2007,45.328
28/12/2007,44.965
27/12/2007,45.493
21/12/2007,45.493
20/12/2007,46.231
19/12/2007,46.0
18/12/2007,46.231
17/12/2007,47.434
14/12/2007,44.736
13/12/2007,45.939
12/12/2007,46.901
11/12/2007,40.0
10/12/2007,40.689
07/12/2007,41.455
06/12/2007,41.917
05/12/2007,41.285
04/12/2007,41.45
03/12/2007,40.5
30/11/2007,39.889
29/11/2007,44.333
28/11/2007,56.338
27/11/2007,54.904
26/11/2007,57.5
23/11/2007,57.823
22/11/2007,55.559
21/11/2007,55.559
20/11/2007,48.967
19/11/2007,35.833
16/11/2007,36.0
15/11/2007,33.739
14/11/2007,32.5
13/11/2007,32.805
12/11/2007,31.8
09/11/2007,31.173
08/11/2007,31.0
07/11/2007,30.046
06/11/2007,28.833
05/11/2007,30.167
02/11/2007,28.333
01/11/2007,24.667
31/10/2007,25.16
30/10/2007,25.16
29/10/2007,24.632
26/10/2007,24.667
25/10/2007,24.731
24/10/2007,24.599
23/10/2007,24.434
22/10/2007,24.995
19/10/2007,23.333
18/10/2007,23.396
17/10/2007,22.599
16/10/2007,23.333
15/10/2007,22.667
12/10/2007,22.667
11/10/2007,22.401
10/10/2007,22.566
09/10/2007,24.036
08/10/2007,24.069
05/10/2007,24.734
04/10/2007,24.167
03/10/2007,24.734
02/10/2007,23.833
01/10/2007,23.564
28/09/2007,23.333
27/09/2007,23.099
26/09/2007,23.038
25/09/2007,23.741
24/09/2007,24.274
21/09/2007,27.939
20/09/2007,27.838
19/09/2007,28.373
18/09/2007,29.904
17/09/2007,31.5
14/09/2007,31.5
13/09/2007,32.667
12/09/2007,33.0
11/09/2007,32.333
10/09/2007,33.0
07/09/2007,32.302
06/09/2007,33.333
05/09/2007,33.0
04/09/2007,32.833
03/09/2007,34.0
31/08/2007,33.566
30/08/2007,34.0
29/08/2007,35.0
28/08/2007,34.0
27/08/2007,33.667
24/08/2007,36.5
23/08/2007,35.947
22/08/2007,36.5
21/08/2007,37.0
20/08/2007,36.741
17/08/2007,37.833
16/08/2007,32.498
15/08/2007,28.401
14/08/2007,26.764
13/08/2007,26.668
10/08/2007,27.757
09/08/2007,26.833
08/08/2007,27.357
07/08/2007,27.45
06/08/2007,29.0
03/08/2007,29.878
02/08/2007,31.529
01/08/2007,32.089
31/07/2007,31.4
30/07/2007,34.386
27/07/2007,29.233
26/07/2007,22.806
25/07/2007,21.0
24/07/2007,20.694
23/07/2007,17.967
20/07/2007,16.617
19/07/2007,16.633
18/07/2007,16.708
17/07/2007,16.257
16/07/2007,16.12
13/07/2007,16.643
12/07/2007,17.106
11/07/2007,16.814
10/07/2007,16.363
09/07/2007,16.5
06/07/2007,16.533
05/07/2007,16.5
04/07/2007,16.783
03/07/2007,16.9
02/07/2007,16.36
29/06/2007,16.844
28/06/2007,16.75
27/06/2007,17.088
26/06/2007,15.5
25/06/2007,15.0
22/06/2007,15.0
21/06/2007,14.975
20/06/2007,15.171
19/06/2007,14.775
18/06/2007,15.114
15/06/2007,15.929
14/06/2007,15.786
13/06/2007,15.863
12/06/2007,15.917
11/06/2007,16.1
08/06/2007,16.083
07/06/2007,15.85
06/06/2007,15.514
05/06/2007,15.467
04/06/2007,15.857
01/06/2007,15.9
31/05/2007,16.063
30/05/2007,16.017
29/05/2007,15.667
28/05/2007,15.16
25/05/2007,15.2
24/05/2007,15.02
23/05/2007,15.188
22/05/2007,15.167
21/05/2007,14.9
18/05/2007,14.957
17/05/2007,14.917
16/05/2007,14.944
15/05/2007,14.988
14/05/2007,14.971
11/05/2007,15.0
10/05/2007,14.838
09/05/2007,14.65
08/05/2007,14.613
07/05/2007,14.838
04/05/2007,14.867
03/05/2007,14.986
02/05/2007,14.533
01/05/2007,14.229
30/04/2007,14.3
27/04/2007,14.36
26/04/2007,13.75
25/04/2007,14.8
24/04/2007,15.738
23/04/2007,15.734
20/04/2007,16.087
19/04/2007,16.429
18/04/2007,16.063
17/04/2007,15.875
16/04/2007,16.214
13/04/2007,16.417
12/04/2007,16.644
11/04/2007,16.563
10/04/2007,16.848
09/04/2007,17.392
06/04/2007,17.487
05/04/2007,17.19
04/04/2007,17.126
03/04/2007,17.179
02/04/2007,17.196
30/03/2007,17.179
29/03/2007,17.203
28/03/2007,17.376
27/03/2007,17.12
26/03/2007,17.125
23/03/2007,17.286
22/03/2007,17.281
21/03/2007,17.292
20/03/2007,18.203
19/03/2007,18.012
16/03/2007,18.125
15/03/2007,18.25
14/03/2007,18.292
13/03/2007,18.142
12/03/2007,17.995
09/03/2007,18.133
08/03/2007,18.517
07/03/2007,18.601
06/03/2007,19.071
05/03/2007,19.792
02/03/2007,18.476
01/03/2007,18.072
28/02/2007,17.643
27/02/2007,17.099
26/02/2007,16.542
23/02/2007,16.5
22/02/2007,16.458
21/02/2007,16.542
20/02/2007,16.917
19/02/2007,17.235
16/02/2007,16.501
15/02/2007,17.36
14/02/2007,17.554
13/02/2007,18.22
12/02/2007,18.126
09/02/2007,18.397
08/02/2007,18.293
07/02/2007,18.357
06/02/2007,18.5
05/02/2007,18.736
02/02/2007,18.866
01/02/2007,18.771
31/01/2007,18.9
30/01/2007,18.73
29/01/2007,18.565
26/01/2007,18.647
25/01/2007,17.855
24/01/2007,18.143
23/01/2007,17.75
22/01/2007,17.823
19/01/2007,18.594
18/01/2007,18.397
17/01/2007,18.6
16/01/2007,19.804
15/01/2007,20.631
12/01/2007,20.953
11/01/2007,20.625
10/01/2007,20.719
09/01/2007,20.667
08/01/2007,19.583
05/01/2007,18.214
04/01/2007,17.583
03/01/2007,18.104
02/01/2007,18.875
01/01/2007,18.0
29/12/2006,17.67
28/12/2006,17.667
27/12/2006,17.667
26/12/2006,17.667
25/12/2006,17.625
22/12/2006,18.5
21/12/2006,18.375
20/12/2006,18.143
19/12/2006,17.85
18/12/2006,17.95
15/12/2006,17.95
14/12/2006,18.6
13/12/2006,18.0
12/12/2006,17.855
11/12/2006,18.173
08/12/2006,18.0
07/12/2006,18.9
06/12/2006,19.5
05/12/2006,19.9
04/12/2006,20.0
01/12/2006,20.8
30/11/2006,21.083
29/11/2006,21.5
28/11/2006,22.563
27/11/2006,22.667
24/11/2006,23.167
23/11/2006,23.167
22/11/2006,23.286
21/11/2006,23.429
20/11/2006,23.313
17/11/2006,23.25
16/11/2006,23.578
15/11/2006,23.594
14/11/2006,23.5
13/11/2006,23.196
10/11/2006,23.5
09/11/2006,23.429
08/11/2006,23.719
07/11/2006,25.125
06/11/2006,25.417
03/11/2006,25.25
02/11/2006,25.417
01/11/2006,25.95
31/10/2006,27.0
30/10/2006,27.461
27/10/2006,27.0
26/10/2006,27.357
25/10/2006,27.917
24/10/2006,28.25
23/10/2006,28.25
20/10/2006,28.4
19/10/2006,27.583
18/10/2006,27.583
17/10/2006,26.25
16/10/2006,26.357
13/10/2006,26.5
12/10/2006,26.0
11/10/2006,26.214
10/10/2006,27.5
09/10/2006,26.55
06/10/2006,24.1
05/10/2006,24.2
04/10/2006,23.6
03/10/2006,23.5
02/10/2006,23.8
29/09/2006,23.625
28/09/2006,23.5
27/09/2006,23.833
26/09/2006,24.063
25/09/2006,23.917
22/09/2006,23.75
21/09/2006,23.714
20/09/2006,24.0
19/09/2006,23.25
18/09/2006,22.938
15/09/2006,23.107
14/09/2006,23.321
13/09/2006,23.25
12/09/2006,23.75
11/09/2006,23.857
08/09/2006,23.5
07/09/2006,23.667
06/09/2006,23.583
05/09/2006,23.5
04/09/2006,24.0
01/09/2006,24.3
31/08/2006,24.8
30/08/2006,24.786
29/08/2006,24.583
28/08/2006,24.643
25/08/2006,24.667
24/08/2006,24.813
23/08/2006,25.083
22/08/2006,24.333
21/08/2006,24.2
18/08/2006,23.6
17/08/2006,23.6
16/08/2006,23.708
15/08/2006,23.708
14/08/2006,23.5
11/08/2006,23.5
10/08/2006,23.333
09/08/2006,23.333
08/08/2006,23.357
07/08/2006,23.417
04/08/2006,23.917
03/08/2006,23.571
02/08/2006,23.667
01/08/2006,23.571
31/07/2006,23.786
28/07/2006,23.643
27/07/2006,24.125
26/07/2006,24.5
25/07/2006,25.0
24/07/2006,25.222
21/07/2006,25.0
20/07/2006,25.125
19/07/2006,26.031
18/07/2006,26.107
17/07/2006,26.5
14/07/2006,26.8
13/07/2006,26.313
12/07/2006,26.0
11/07/2006,27.25
10/07/2006,27.2
07/07/2006,27.167
06/07/2006,27.25
05/07/2006,26.188
04/07/2006,25.5
03/07/2006,25.188
30/06/2006,25.188
29/06/2006,27.429
28/06/2006,27.55
27/06/2006,27.1
26/06/2006,26.857
23/06/2006,26.0
22/06/2006,25.071
21/06/2006,25.5
20/06/2006,25.7
19/06/2006,24.583
16/06/2006,24.0
15/06/2006,24.9
14/06/2006,25.571
13/06/2006,24.833
12/06/2006,24.357
09/06/2006,24.75
08/06/2006,23.875
07/06/2006,23.375
06/06/2006,23.8
05/06/2006,23.667
02/06/2006,23.8
01/06/2006,23.917
31/05/2006,24.063
30/05/2006,23.786
29/05/2006,23.833
26/05/2006,24.667
25/05/2006,24.813
24/05/2006,25.5
23/05/2006,24.167
22/05/2006,23.625
19/05/2006,22.889
18/05/2006,23.214
17/05/2006,22.6
16/05/2006,22.917
15/05/2006,22.917
12/05/2006,22.5
11/05/2006,22.458
10/05/2006,22.393
09/05/2006,22.75
08/05/2006,22.5
05/05/2006,22.9
04/05/2006,22.75
03/05/2006,22.6
02/05/2006,22.625
01/05/2006,22.7
28/04/2006,22.667
27/04/2006,22.5
26/04/2006,22.714
25/04/2006,23.444
24/04/2006,23.5
21/04/2006,23.417
20/04/2006,23.375
19/04/2006,23.55
18/04/2006,23.917
17/04/2006,24.25
14/04/2006,24.25
13/04/2006,24.1
12/04/2006,24.0
11/04/2006,23.625
10/04/2006,23.333
07/04/2006,23.143
06/04/2006,23.357
05/04/2006,23.7
04/04/2006,23.8
03/04/2006,23.861
31/03/2006,23.917
30/03/2006,24.0
29/03/2006,23.958
28/03/2006,24.0
27/03/2006,24.107
24/03/2006,23.4
23/03/2006,23.375
22/03/2006,23.571
21/03/2006,22.917
20/03/2006,22.708
17/03/2006,22.458
16/03/2006,22.688
15/03/2006,23.125
14/03/2006,23.393
13/03/2006,23.458
10/03/2006,23.458
09/03/2006,23.594
08/03/2006,23.208
07/03/2006,23.139
06/03/2006,23.083
03/03/2006,23.042
02/03/2006,23.05
01/03/2006,23.036
28/02/2006,23.042
27/02/2006,22.875
24/02/2006,22.583
23/02/2006,22.929
22/02/2006,22.893
21/02/2006,22.944
20/02/2006,22.95
17/02/2006,22.893
16/02/2006,23.031
15/02/2006,22.286
14/02/2006,23.375
13/02/2006,23.281
10/02/2006,23.35
09/02/2006,23.139
08/02/2006,22.969
07/02/2006,22.107
06/02/2006,22.063
03/02/2006,21.917
02/02/2006,22.0
01/02/2006,22.125
31/01/2006,22.083
30/01/2006,22.25
27/01/2006,22.688
26/01/2006,23.219
25/01/2006,23.821
24/01/2006,23.95
23/01/2006,24.208
20/01/2006,23.542
19/01/2006,24.25
18/01/2006,24.679
17/01/2006,23.964
16/01/2006,23.792
13/01/2006,23.625
12/01/2006,23.292
11/01/2006,23.438
10/01/2006,22.917
09/01/2006,22.917
06/01/2006,23.55
05/01/2006,23.179
04/01/2006,24.083
03/01/2006,24.55
02/01/2006,24.875
30/12/2005,25.083
29/12/2005,24.625
28/12/2005,24.875
27/12/2005,24.875
26/12/2005,24.875
23/12/2005,24.625
22/12/2005,24.625
21/12/2005,24.4
20/12/2005,24.6
19/12/2005,24.5
16/12/2005,24.6
15/12/2005,24.786
14/12/2005,24.784
13/12/2005,24.843
12/12/2005,24.699
09/12/2005,24.725
08/12/2005,24.056
07/12/2005,23.845
06/12/2005,23.687
05/12/2005,23.256
02/12/2005,23.469
01/12/2005,23.765
30/11/2005,23.964
29/11/2005,23.702
28/11/2005,23.94
25/11/2005,23.875
24/11/2005,24.417
23/11/2005,24.279
22/11/2005,24.519
21/11/2005,24.979
18/11/2005,26.135
17/11/2005,25.966
16/11/2005,25.911
15/11/2005,26.454
14/11/2005,27.037
11/11/2005,27.036
10/11/2005,27.386
09/11/2005,27.746
08/11/2005,28.602
07/11/2005,29.326
04/11/2005,29.359
03/11/2005,29.042
02/11/2005,29.37
01/11/2005,30.416
31/10/2005,29.831
28/10/2005,29.879
27/10/2005,29.552
26/10/2005,29.482
25/10/2005,30.039
24/10/2005,30.715
21/10/2005,31.025
20/10/2005,30.944
19/10/2005,30.858
18/10/2005,30.331
17/10/2005,31.328
14/10/2005,31.797
13/10/2005,31.5
12/10/2005,30.755
11/10/2005,30.754
10/10/2005,30.75
07/10/2005,30.641
06/10/2005,30.357
05/10/2005,29.78
04/10/2005,29.0
03/10/2005,29.036
30/09/2005,29.929
29/09/2005,30.083
28/09/2005,30.552
27/09/2005,31.169
26/09/2005,31.405
23/09/2005,31.8
22/09/2005,31.556
21/09/2005,32.083
20/09/2005,32.201
19/09/2005,33.688
16/09/2005,33.75
15/09/2005,34.847
14/09/2005,35.5
13/09/2005,34.681
12/09/2005,35.674
09/09/2005,36.607
08/09/2005,37.313
07/09/2005,37.969
06/09/2005,38.75
05/09/2005,38.8
02/09/2005,38.531
01/09/2005,38.542
31/08/2005,37.417
30/08/2005,38.143
29/08/2005,37.75
26/08/2005,37.5
25/08/2005,37.375
24/08/2005,36.714
23/08/2005,35.917
22/08/2005,35.8
19/08/2005,35.917
18/08/2005,35.929
17/08/2005,35.893
16/08/2005,35.75
15/08/2005,35.143
12/08/2005,35.1
11/08/2005,35.667
10/08/2005,36.0
09/08/2005,36.071
08/08/2005,35.321
05/08/2005,34.929
04/08/2005,34.929
03/08/2005,34.833
02/08/2005,35.4
01/08/2005,35.2
29/07/2005,35.286
28/07/2005,35.5
27/07/2005,35.75
26/07/2005,36.083
25/07/2005,35.9
22/07/2005,35.625
21/07/2005,36.3
20/07/2005,35.813
19/07/2005,36.05
18/07/2005,35.438
15/07/2005,35.821
14/07/2005,36.389
13/07/2005,36.429
12/07/2005,37.375
11/07/2005,37.75
08/07/2005,38.167
07/07/2005,37.5
06/07/2005,37.406
05/07/2005,38.571
04/07/2005,38.583
01/07/2005,39.357
30/06/2005,38.75
29/06/2005,39.5
28/06/2005,40.286
27/06/2005,40.357
24/06/2005,39.806
23/06/2005,38.969
22/06/2005,38.542
21/06/2005,38.708
20/06/2005,38.143
17/06/2005,37.643
16/06/2005,37.143
15/06/2005,38.389
14/06/2005,40.278
13/06/2005,41.167
10/06/2005,41.167
09/06/2005,41.3
08/06/2005,41.75
07/06/2005,41.938
06/06/2005,42.063
03/06/2005,40.6
02/06/2005,41.5
01/06/2005,40.833
31/05/2005,39.786
30/05/2005,41.5
27/05/2005,40.774
26/05/2005,41.7
25/05/2005,41.563
24/05/2005,41.85
23/05/2005,42.857
20/05/2005,42.25
19/05/2005,43.607
18/05/2005,46.536
17/05/2005,43.611
16/05/2005,44.0
13/05/2005,42.417
12/05/2005,39.643
11/05/2005,39.563
10/05/2005,35.714
09/05/2005,35.0
06/05/2005,33.571
05/05/2005,32.75
04/05/2005,33.469
03/05/2005,34.7
02/05/2005,35.875
29/04/2005,35.357
28/04/2005,35.563
27/04/2005,35.406
26/04/2005,36.667
25/04/2005,37.071
22/04/2005,36.5
21/04/2005,38.375
20/04/2005,38.536
19/04/2005,40.344
18/04/2005,41.889
15/04/2005,39.375
14/04/2005,36.5
13/04/2005,35.719
12/04/2005,36.531
11/04/2005,37.825
08/04/2005,36.389
07/04/2005,35.85
06/04/2005,37.975
05/04/2005,39.167
04/04/2005,39.278
01/04/2005,38.15
31/03/2005,39.857
30/03/2005,40.0
29/03/2005,40.571
28/03/2005,39.125
25/03/2005,40.125
24/03/2005,40.0
23/03/2005,40.375
22/03/2005,35.0
21/03/2005,33.333
18/03/2005,33.656
17/03/2005,36.357
16/03/2005,34.556
15/03/2005,32.25
14/03/2005,31.111
11/03/2005,29.429
10/03/2005,28.8
09/03/2005,28.25
08/03/2005,28.625
07/03/2005,28.9
04/03/2005,29.857
03/03/2005,29.917
02/03/2005,30.656
01/03/2005,30.714
28/02/2005,30.938
25/02/2005,31.714
24/02/2005,32.571
23/02/2005,32.722
22/02/2005,31.833
21/02/2005,31.781
18/02/2005,31.071
17/02/2005,30.821
16/02/2005,30.286
15/02/2005,30.571
14/02/2005,30.417
11/02/2005,29.429
10/02/2005,29.083
09/02/2005,28.357
08/02/2005,29.071
07/02/2005,28.714
04/02/2005,29.0
03/02/2005,29.719
02/02/2005,30.344
01/02/2005,31.8
31/01/2005,32.15
28/01/2005,32.167
27/01/2005,32.0
26/01/2005,32.667
25/01/2005,32.667
24/01/2005,33.25
21/01/2005,33.5
20/01/2005,33.125
19/01/2005,33.0
18/01/2005,33.0
17/01/2005,33.25
14/01/2005,33.083
13/01/2005,33.125
12/01/2005,33.333
11/01/2005,33.583
10/01/2005,33.0
07/01/2005,32.6
06/01/2005,31.75
05/01/2005,31.625
04/01/2005,31.85
03/01/2005,32.5
31/12/2004,32.0
30/12/2004,32.25
29/12/2004,32.667
28/12/2004,32.333
27/12/2004,32.0
24/12/2004,31.875
23/12/2004,32.167
22/12/2004,31.75
21/12/2004,31.8
20/12/2004,31.5
17/12/2004,31.5
16/12/2004,32.25
15/12/2004,32.75
14/12/2004,32.5
13/12/2004,33.5
10/12/2004,33.042
09/12/2004,32.2
08/12/2004,31.438
07/12/2004,30.563
06/12/2004,29.375
03/12/2004,29.571
02/12/2004,29.333
01/12/2004,29.75
30/11/2004,30.0
29/11/2004,31.25
26/11/2004,30.0
25/11/2004,28.833
24/11/2004,27.417
23/11/2004,27.125
22/11/2004,27.083
19/11/2004,24.9
18/11/2004,23.167
17/11/2004,27.625
16/11/2004,24.688
15/11/2004,24.55
12/11/2004,24.417
11/11/2004,25.429
10/11/2004,26.0
09/11/2004,28.25
08/11/2004,28.333
05/11/2004,28.5
04/11/2004,27.5
03/11/2004,27.6
02/11/2004,29.667
01/11/2004,31.333
29/10/2004,32.0
28/10/2004,33.333
27/10/2004,35.5
26/10/2004,36.0
25/10/2004,36.375
22/10/2004,36.625
21/10/2004,36.0
20/10/2004,36.833
19/10/2004,36.75
18/10/2004,36.3
15/10/2004,36.5
14/10/2004,36.2
13/10/2004,36.667
12/10/2004,37.0
11/10/2004,37.167
08/10/2004,37.125
07/10/2004,36.833
06/10/2004,36.333
05/10/2004,36.167
04/10/2004,37.833
01/10/2004,38.75
30/09/2004,39.0
29/09/2004,40.0
28/09/2004,40.3
27/09/2004,38.7
24/09/2004,37.125
23/09/2004,36.833
22/09/2004,36.833
21/09/2004,36.25
20/09/2004,36.3
17/09/2004,36.188
16/09/2004,36.25
15/09/2004,35.7
14/09/2004,36.5
13/09/2004,37.286
10/09/2004,36.0
09/09/2004,35.833
08/09/2004,35.8
07/09/2004,35.5
06/09/2004,36.3
03/09/2004,38.4
02/09/2004,40.3
01/09/2004,39.4
31/08/2004,38.85
30/08/2004,38.25
27/08/2004,38.75
26/08/2004,39.4
25/08/2004,40.7
24/08/2004,42.083
23/08/2004,42.9
20/08/2004,44.3
19/08/2004,44.65
18/08/2004,45.813
17/08/2004,46.2
16/08/2004,47.2
13/08/2004,47.4
12/08/2004,47.75
11/08/2004,48.25
10/08/2004,48.35
09/08/2004,48.438
06/08/2004,47.688
05/08/2004,48.6
04/08/2004,48.417
03/08/2004,49.15
02/08/2004,49.15
30/07/2004,49.65
29/07/2004,49.25
28/07/2004,51.2
27/07/2004,51.875
26/07/2004,51.5
23/07/2004,52.0
22/07/2004,52.0
21/07/2004,51.75
20/07/2004,51.833
19/07/2004,53.1
16/07/2004,53.5
15/07/2004,53.625
14/07/2004,53.5
13/07/2004,53.833
12/07/2004,54.375
09/07/2004,53.875
08/07/2004,52.667
07/07/2004,52.333
06/07/2004,52.25
05/07/2004,52.125
02/07/2004,53.063
01/07/2004,54.5
30/06/2004,54.375
29/06/2004,54.1
28/06/2004,53.875
25/06/2004,57.375
24/06/2004,58.0
23/06/2004,57.75
22/06/2004,58.0
21/06/2004,57.75
18/06/2004,57.813
17/06/2004,58.4
16/06/2004,59.55
15/06/2004,59.7
14/06/2004,58.7
11/06/2004,59.0
10/06/2004,58.667
09/06/2004,58.333
08/06/2004,59.9
07/06/2004,61.0
04/06/2004,61.667
03/06/2004,61.0
02/06/2004,61.0
01/06/2004,61.0
31/05/2004,61.0
28/05/2004,62.8
27/05/2004,63.3
26/05/2004,63.5
25/05/2004,63.75
24/05/2004,64.75
21/05/2004,64.3
20/05/2004,64.125
19/05/2004,63.9
18/05/2004,65.792
17/05/2004,67.3
14/05/2004,67.5
13/05/2004,67.583
12/05/2004,65.25
11/05/2004,73.2
10/05/2004,70.1
07/05/2004,68.083
06/05/2004,66.0
05/05/2004,66.8
04/05/2004,64.875
03/05/2004,63.375
30/04/2004,64.417
29/04/2004,61.6
28/04/2004,57.8
27/04/2004,55.563
26/04/2004,54.625
23/04/2004,54.5
22/04/2004,55.1
21/04/2004,57.333
20/04/2004,56.333
19/04/2004,56.167
16/04/2004,56.125
15/04/2004,54.625
14/04/2004,53.9
13/04/2004,53.417
12/04/2004,52.5
08/04/2004,52.5
07/04/2004,55.0
06/04/2004,52.5
05/04/2004,53.667
02/04/2004,53.0
01/04/2004,52.917
31/03/2004,52.917
30/03/2004,53.0
29/03/2004,54.071
26/03/2004,55.75
25/03/2004,55.5
24/03/2004,55.813
23/03/2004,56.7
22/03/2004,55.667
19/03/2004,57.375
18/03/2004,56.167
17/03/2004,60.417
16/03/2004,62.35
15/03/2004,60.0
12/03/2004,63.333
11/03/2004,54.438
10/03/2004,54.05
09/03/2004,53.0
08/03/2004,52.7
05/03/2004,52.5
04/03/2004,52.1
03/03/2004,53.1
02/03/2004,52.813
01/03/2004,52.5
27/02/2004,53.167
26/02/2004,55.4
25/02/2004,57.083
24/02/2004,56.125
23/02/2004,56.6
20/02/2004,53.625
19/02/2004,54.5
18/02/2004,55.75
17/02/2004,55.563
16/02/2004,56.5
13/02/2004,58.5
12/02/2004,60.667
11/02/2004,60.125
10/02/2004,61.625
09/02/2004,66.333
06/02/2004,67.0
05/02/2004,65.667
04/02/2004,66.667
03/02/2004,66.5
02/02/2004,61.5
30/01/2004,60.5
29/01/2004,57.0
28/01/2004,57.8
27/01/2004,59.5
26/01/2004,59.6
23/01/2004,54.75
22/01/2004,54.75
21/01/2004,55.125
20/01/2004,53.75
19/01/2004,51.75
16/01/2004,52.125
15/01/2004,53.5
14/01/2004,49.25
13/01/2004,48.5
12/01/2004,46.417
09/01/2004,44.667
08/01/2004,44.8
07/01/2004,44.3
06/01/2004,45.6
05/01/2004,48.6
02/01/2004,50.333
