countryname,bankname,date,lt_borrow,st_borrow,tot_asset,cash_and_st_investments,net_income,net_rev,prof_margin,equity_book,bonds,total_liab
russia,sberbank,2006-05-27,,,,,19939.0,,,,,
russia,sberbank,2006-08-27,,,,,19939.0,,,,,
russia,sberbank,2006-11-27,,,,,19939.0,,,,,
russia,sberbank,2007-02-27,,,,,19939.0,,,,,
russia,sberbank,2007-05-27,305052.0,3066265.0,3936856.0,405159.0,26777.0,107352.0,0.24943177584022655,565539.0,305052.0,3371317.0
russia,sberbank,2007-08-27,285347.0,3419520.0,4282732.0,392964.0,21214.0,122231.0,0.17355662638774125,577865.0,285347.0,3704867.0
russia,sberbank,2007-11-27,419777.0,3499977.0,4520466.0,295329.0,21931.0,128221.0,0.17104062517060387,600712.0,419777.0,3919754.0
russia,sberbank,2008-02-27,300916.0,3990695.0,4928808.0,299021.0,36567.0,173691.0,0.21052904295559355,637197.0,300916.0,4291611.0
russia,sberbank,2008-05-27,282882.0,4282096.0,5231818.0,350791.0,31112.0,157368.0,0.1977022012099029,666840.0,282882.0,4564978.0
russia,sberbank,2008-08-27,313896.0,4599198.0,5604258.0,304554.0,35900.0,167414.0,0.21443845795453187,691164.0,313896.0,4913094.0
russia,sberbank,2008-11-27,302864.0,4805051.0,5814330.0,258026.0,23230.0,172007.0,0.13505264320638113,706415.0,302864.0,5107915.0
russia,sberbank,2009-02-27,834203.0,5152117.0,6736482.0,811392.0,7504.0,207463.0,0.036170305066445585,750162.0,834203.0,5986320.0
russia,sberbank,2009-05-27,845442.0,5181127.0,6767825.0,677149.0,583.0,225352.0,0.0025870637935318966,741256.0,845442.0,6026569.0
russia,sberbank,2009-08-27,845811.0,4985194.0,6581124.0,549965.0,5427.0,245204.0,0.022132591637983066,750119.0,845811.0,5831005.0
russia,sberbank,2009-11-27,817832.0,5119697.0,6707774.0,583310.0,4246.0,245598.0,0.017288414400768736,770245.0,817832.0,5937529.0
russia,sberbank,2010-02-27,758873.0,5567257.0,7105066.0,766093.0,14140.0,251171.0,0.05629630809289289,778936.0,758873.0,6326130.0
russia,sberbank,2010-05-27,772725.0,5676815.0,7300880.0,575591.0,43441.0,251049.0,0.17303793283382926,851340.0,772725.0,6449540.0
russia,sberbank,2010-08-27,595561.0,6116973.0,7579390.0,589633.0,20748.0,229280.0,0.09049197487787858,866856.0,595561.0,6712534.0
russia,sberbank,2010-11-27,659780.0,6453750.0,8028724.0,648697.0,45752.0,240634.0,0.1901310704223011,915194.0,659780.0,7113530.0
russia,sberbank,2011-02-27,693704.0,6947656.0,8628527.0,770133.0,72190.0,260154.0,0.2774894869961638,987167.0,693704.0,7641360.0
russia,sberbank,2011-05-27,723206.0,6895535.0,8696311.0,736333.0,86802.0,239961.0,0.3617337817395327,1077570.0,723206.0,7618741.0
russia,sberbank,2011-08-27,760832.0,7185197.0,9078889.0,970007.0,89650.0,260087.0,0.34469235294343814,1132860.0,760832.0,7946029.0
russia,sberbank,2011-11-27,830045.0,7535338.0,9545511.0,737511.0,79823.0,263359.0,0.3030957742093492,1180128.0,830045.0,8365383.0
russia,sberbank,2012-02-27,816245.0,8750883.0,10835099.0,726770.0,59920.0,283332.0,0.2114833481569325,1267971.0,816245.0,9567128.0
russia,sberbank,2012-05-27,928500.0,9336100.0,11641900.0,1039300.0,92200.0,305300.0,0.3019980347199476,1377300.0,928500.0,10264600.0
russia,sberbank,2012-08-27,1076900.0,9941500.0,12433800.0,1058500.0,83400.0,332900.0,0.2505256833884049,1415400.0,1076900.0,11018400.0
russia,sberbank,2012-11-27,1312400.0,10919400.0,13755500.0,995600.0,87700.0,354500.0,0.24739069111424541,1523700.0,1312400.0,12231800.0
russia,sberbank,2013-02-27,1529500.0,11944100.0,15097400.0,1502000.0,85500.0,443500.0,0.1927846674182638,1623800.0,1529500.0,13473600.0
russia,sberbank,2013-05-27,1661600.0,11746400.0,15115600.0,1453300.0,88600.0,408500.0,0.21689106487148102,1707600.0,1661600.0,13408000.0
russia,sberbank,2013-08-27,1805200.0,12630800.0,16142500.0,1395800.0,86500.0,431800.0,0.2003242241778601,1706500.0,1805200.0,14436000.0
russia,sberbank,2013-11-27,1814600.0,13075300.0,16689400.0,1387700.0,94600.0,462000.0,0.20476190476190476,1799500.0,1814600.0,14889900.0
russia,sberbank,2014-02-27,1730300.0,14598600.0,18210300.0,1578500.0,94100.0,493800.0,0.19056298096395302,1881400.0,1730300.0,16328900.0
russia,sberbank,2014-05-27,1973900.0,15210000.0,19109600.0,1753700.0,73400.0,490600.0,0.14961271911944557,1925700.0,1973900.0,17183900.0
russia,sberbank,2014-08-27,2100700.0,15347800.0,19399900.0,1640500.0,97600.0,550600.0,0.1772611696331275,1951400.0,2100700.0,17448500.0
russia,sberbank,2014-11-27,2236900.0,16428200.0,20678900.0,1830600.0,71300.0,551200.0,0.12935413642960814,2013800.0,2236900.0,18665100.0
russia,sberbank,2015-02-27,2593400.0,20587300.0,25200800.0,2674500.0,49900.0,624500.0,0.0799039231385108,2020100.0,2593400.0,23180700.0
russia,sberbank,2015-05-27,2656700.0,19492300.0,24245900.0,2285900.0,30600.0,686700.0,0.04456094364351245,2096900.0,2656700.0,22149000.0
russia,sberbank,2015-08-27,2458900.0,19039900.0,23657000.0,2348700.0,54200.0,672300.0,0.08061877138182359,2158200.0,2458900.0,21498800.0
russia,sberbank,2015-11-27,2499500.0,21192200.0,25934400.0,2883700.0,65400.0,708700.0,0.09228164244391139,2242700.0,2499500.0,23691700.0
russia,sberbank,2016-02-27,2583000.0,22376700.0,27334700.0,2721500.0,73100.0,756900.0,0.09657814770775532,2375000.0,2583000.0,24959700.0
russia,sberbank,2016-05-27,2466800.0,21605200.0,26571700.0,2634500.0,118000.0,704600.0,0.16747090547828555,2499700.0,2466800.0,24072000.0
russia,sberbank,2016-08-27,2401300.0,20788400.0,25794000.0,2363100.0,144600.0,720200.0,0.20077756178839212,2604300.0,2401300.0,23189700.0
russia,sberbank,2016-11-27,2335300.0,20553800.0,25617700.0,2756600.0,137100.0,718700.0,0.19076109642409908,2728600.0,2335300.0,22889100.0
russia,sberbank,2017-02-27,2162300.0,20384600.0,25368500.0,2962800.0,140800.0,724300.0,0.19439458787795114,2821600.0,2162300.0,22546900.0
russia,sberbank,2017-05-27,1920700.0,19775800.0,24655400.0,2555600.0,167800.0,697000.0,0.24074605451936873,2958900.0,1920700.0,21696500.0
russia,sberbank,2017-08-27,1942200.0,20772100.0,25754700.0,2398000.0,185800.0,692400.0,0.2683419988445985,3040400.0,1942200.0,22714300.0
russia,sberbank,2017-11-27,1923100.0,21030100.0,26220200.0,2589200.0,222400.0,704600.0,0.3156400794777178,3267000.0,1923100.0,22953200.0
russia,sberbank,2018-02-27,1898200.0,21778000.0,27112200.0,2756500.0,174400.0,703800.0,0.24779766979255471,3436000.0,1898200.0,23676200.0
russia,sberbank,2018-05-27,1924200.0,21759300.0,27267000.0,2530800.0,212000.0,679200.0,0.3121319199057715,3583500.0,1924200.0,23683500.0
russia,sberbank,2018-08-27,1685200.0,23611700.0,28786300.0,2259800.0,215400.0,670700.0,0.321157000149098,3489400.0,1685200.0,25296900.0
russia,sberbank,2018-11-27,1657300.0,23929900.0,29247900.0,2390700.0,228200.0,724500.0,0.314975845410628,3660700.0,1657300.0,25587200.0
russia,sberbank,2019-02-27,1607400.0,25734300.0,31197500.0,2320900.0,177300.0,752800.0,0.23552072263549415,3855800.0,1607400.0,27341700.0
russia,sberbank,2019-05-27,1484300.0,25785900.0,31328700.0,2493600.0,227000.0,736300.0,0.30829824799674044,4058500.0,1484300.0,27270200.0
russia,sberbank,2019-08-27,1410300.0,26168500.0,31561900.0,2563300.0,250100.0,792000.0,0.3157828282828283,3983100.0,1410300.0,27578800.0
russia,sberbank,2019-11-27,1480600.0,24519500.0,30254200.0,2879700.0,155900.0,800200.0,0.19482629342664334,4254100.0,1480600.0,26000100.0
russia,sberbank,2020-02-27,1453500.0,24019500.0,29959700.0,2318700.0,211900.0,854500.0,0.24798127559976593,4486700.0,1453500.0,25473000.0
russia,sberbank,2020-05-27,1590300.0,25879000.0,32068900.0,2639900.0,120200.0,764900.0,0.15714472480062752,4599600.0,1590300.0,27469300.0
russia,sberbank,2020-08-27,1566900.0,25988900.0,32383400.0,2814200.0,167000.0,778100.0,0.2146253694897828,4827600.0,1566900.0,27555800.0
russia,sberbank,2020-11-27,1484300.0,28790500.0,35123800.0,2656200.0,272100.0,853500.0,0.318804920913884,4849000.0,1484300.0,30274800.0
russia,sberbank,2021-02-27,1456800.0,29512700.0,36016000.0,2656400.0,201800.0,847000.0,0.23825265643447463,5046500.0,1456800.0,30969500.0
russia,sberbank,2021-05-27,1556100.0,30683100.0,37500400.0,3058700.0,304900.0,898000.0,0.339532293986637,5261200.0,1556100.0,32239200.0
russia,sberbank,2021-08-27,1616100.0,31176700.0,37936400.0,2553100.0,325900.0,951700.0,0.3424398444888095,5143600.0,1616100.0,32792800.0
russia,sberbank,2021-11-27,1621000.0,32486700.0,39584000.0,2941900.0,349300.0,1000700.0,0.3490556610372739,5476300.0,1621000.0,34107700.0
russia,sberbank,2022-02-27,1616820.0,33904180.0,41165500.0,2683100.0,270600.0,1070400.0,0.2528026905829596,5644500.0,1616820.0,35521000.0
russia,sberbank,2022-05-27,1616820.0,33904180.0,41165500.0,2683100.0,270600.0,1070400.0,0.2528026905829596,5644500.0,1616820.0,35521000.0
russia,sberbank,2022-08-27,1616820.0,33904180.0,41165500.0,2683100.0,270600.0,1070400.0,0.2528026905829596,5644500.0,1616820.0,35521000.0
russia,sberbank,2022-11-27,1616820.0,33904180.0,41165500.0,2683100.0,270600.0,1070400.0,0.2528026905829596,5644500.0,1616820.0,35521000.0
russia,sberbank,2023-02-27,1616820.0,33904180.0,41165500.0,2683100.0,270600.0,1070400.0,0.2528026905829596,5644500.0,1616820.0,35521000.0
russia,sberbank,2023-05-27,1235700.0,36477900.0,43827100.0,1865500.0,358900.0,1216300.0,0.2950752281509496,6113500.0,1235700.0,37713600.0
russia,sberbank,2023-08-27,1213400.0,39013700.0,46143700.0,1958100.0,381400.0,1349400.0,0.2826441381354676,5916600.0,1213400.0,40227100.0
russia,sberbank,2023-11-27,1209200.0,41857400.0,49267100.0,1358900.0,411700.0,1426100.0,0.2886894327186032,6200500.0,1209200.0,43066600.0
russia,sberbank,2024-02-27,1065200.0,44657600.0,52307200.0,2463700.0,359800.0,1404100.0,0.2562495548750089,6584400.0,1065200.0,45722800.0
russia,sberbank,2024-05-27,1033500.0,45167400.0,53105000.0,2319600.0,397600.0,1821300.0,0.21830560588590567,6904100.0,1033500.0,46200900.0
russia,sberbank,2024-08-27,1015300.0,47997000.0,55427600.0,2524800.0,418700.0,1956900.0,0.2139608564566406,6415300.0,1015300.0,49012300.0
russia,sberbank,2024-11-27,1035300.0,51216900.0,59002000.0,2701600.0,411700.0,2209100.0,0.18636548820786747,6749800.0,1035300.0,52252200.0
russia,sberbank,2025-02-27,1503500.0,52178100.0,60855100.0,2404300.0,353600.0,3212900.0,0.11005633539792711,7173500.0,1503500.0,53681600.0
russia,sberbank,2025-05-27,889800.0,51590500.0,60107400.0,2999700.0,436000.0,2801100.0,0.15565313626789476,7627100.0,889800.0,52480300.0
russia,sberbank,2025-08-27,1012200.0,53040900.0,61468600.0,2922500.0,422600.0,2876600.0,0.14690954599179587,7415500.0,1012200.0,54053100.0
russia,sberbank,2025-11-27,1083300.0,55523100.0,64473800.0,3203300.0,449800.0,2843700.0,0.15817420965643353,7867400.0,1083300.0,56606400.0
russia,sberbank,2026-02-27,1425300.0,59042700.0,68814500.0,4002800.0,399000.0,2900500.0,0.1375624892259955,8346500.0,1425300.0,60468000.0
russia,sberbank,2026-05-27,1398600.0,58770000.0,69034700.0,3005900.0,508500.0,2801400.0,0.18151638466481046,8866100.0,1398600.0,60168600.0
russia,sberbank,2026-08-27,1354300.0,59255400.0,69141500.0,1892300.0,511600.0,2644300.0,0.19347275271338352,8531800.0,1354300.0,60609700.0
russia,vtb,2007-05-27,476809.2,795980.5,1458293.41,108139.08,5733.8461,34560.8886,0.16590563299347574,185503.71,476809.2,1272789.7
russia,vtb,2007-08-27,490527.1062,822668.5115999999,1704937.6242,110473.5114,6618.6943,39220.9346,0.16875411989799957,391742.0064,490527.1062,1313195.6178
russia,vtb,2007-11-27,472965.1635,979018.7320000001,1847353.0175,110211.755,14149.1687,50452.6214,0.2804446688274556,395369.122,472965.1635,1451983.8955
russia,vtb,2008-02-27,562674.4728,1312611.4256000002,2281867.2382,147469.203,11116.6399,55361.3596,0.2008014250430367,406581.3398,562674.4728,1875285.8984
russia,vtb,2008-05-27,592507.706,1333265.6063999997,2331359.9228,149001.5416,2738.7247,47600.489,0.05753564212334038,405586.6104,592507.706,1925773.3123999997
russia,vtb,2008-08-27,767437.6164,1381167.1544999997,2551727.7282,136204.4565,13064.8757,73097.1528,0.17873303130898419,403122.9573,767437.6164,2148604.7709
russia,vtb,2008-11-27,777768.156,1723778.034,2902805.136,171245.58,-8965.5464,59551.6373,-0.15055079602320184,401258.946,777768.156,2501546.19
russia,vtb,2009-02-27,1636412.834,1671431.5687999998,3700283.5744,424017.7788,-2159.7102,103201.3435,-0.020927151980342194,392439.1716,1636412.834,3307844.4028
russia,vtb,2009-05-27,1665600.0,1765600.0,3812700.0,365900.0,-21400.0,104400.0,-0.2049808429118774,381500.0,1665600.0,3431200.0
russia,vtb,2009-08-27,1331400.0,1943200.0,3637300.0,331100.0,-12400.0,110200.0,-0.11252268602540835,362700.0,1331400.0,3274600.0
russia,vtb,2009-11-27,1188800.0,1864800.0,3583800.0,187300.0,-15000.0,84400.0,-0.17772511848341233,530200.0,1188800.0,3053600.0
russia,vtb,2010-02-27,1151900.0,1954000.0,3610800.0,282700.0,-14600.0,94900.0,-0.15384615384615385,504900.0,1151900.0,3105900.0
russia,vtb,2010-05-27,882200.0,1959300.0,3362000.0,191600.0,15300.0,101500.0,0.15073891625615762,520500.0,882200.0,2841500.0
russia,vtb,2010-08-27,952700.0,2151000.0,3627800.0,185600.0,11600.0,91700.0,0.12649945474372956,524100.0,952700.0,3103700.0
russia,vtb,2010-11-27,869200.0,2338700.0,3753300.0,208900.0,14700.0,94100.0,0.15621679064824653,545400.0,869200.0,3207900.0
russia,vtb,2011-02-27,984300.0,2728400.0,4290900.0,301900.0,16600.0,105200.0,0.15779467680608364,578200.0,984300.0,3712700.0
russia,vtb,2011-05-27,953400.0,2894300.0,4448400.0,280500.0,26000.0,114600.0,0.2268760907504363,600700.0,953400.0,3847700.0
russia,vtb,2011-08-27,953400.0,2894300.0,4448400.0,280500.0,27400.0,124900.0,0.21937550040032025,600700.0,953400.0,3847700.0
russia,vtb,2011-11-27,1322000.0,4389900.0,6337000.0,378500.0,20400.0,99700.0,0.2046138415245737,625100.0,1322000.0,5711900.0
russia,vtb,2012-02-27,1640200.0,4524300.0,6789600.0,478900.0,15600.0,146900.0,0.10619469026548672,625100.0,1640200.0,6164500.0
russia,vtb,2012-05-27,1617800.0,4202700.0,6450500.0,390300.0,22700.0,174600.0,0.1300114547537228,630000.0,1617800.0,5820500.0
russia,vtb,2012-08-27,1917500.0,4311100.0,6858000.0,416500.0,10100.0,150900.0,0.06693174287607687,629400.0,1917500.0,6228600.0
russia,vtb,2012-11-27,2023800.0,4476700.0,7184700.0,630100.0,23400.0,187000.0,0.12513368983957218,684200.0,2023800.0,6500500.0
russia,vtb,2013-02-27,1986500.0,4663100.0,7415700.0,632800.0,29600.0,207600.0,0.14258188824662812,766100.0,1986500.0,6649600.0
russia,vtb,2013-05-27,2104500.0,4715000.0,7602800.0,650400.0,15300.0,183000.0,0.08360655737704918,783300.0,2104500.0,6819500.0
russia,vtb,2013-08-27,2005800.0,5473100.0,8355800.0,696800.0,12600.0,195600.0,0.06441717791411043,876900.0,2005800.0,7478900.0
russia,vtb,2013-11-27,2163700.0,5427800.0,8486500.0,416600.0,17900.0,203000.0,0.08817733990147783,895000.0,2163700.0,7591500.0
russia,vtb,2014-02-27,2515100.0,5306300.0,8768500.0,413000.0,55700.0,281700.0,0.1977280795172169,947100.0,2515100.0,7821400.0
russia,vtb,2014-05-27,2579500.0,5870400.0,9402300.0,642200.0,2400.0,207500.0,0.011566265060240964,952400.0,2579500.0,8449900.0
russia,vtb,2014-08-27,2815300.0,6006000.0,9755300.0,705800.0,1900.0,241400.0,0.007870753935376968,934000.0,2815300.0,8821300.0
russia,vtb,2014-11-27,2620000.0,6383900.0,10135200.0,517600.0,1800.0,261700.0,0.006878104700038212,1131300.0,2620000.0,9003900.0
russia,vtb,2015-02-27,3915800.0,7144000.0,12190800.0,780700.0,-2000.0,377700.0,-0.0052952078369075985,1131000.0,3915800.0,11059800.0
russia,vtb,2015-05-27,3453700.0,7871400.0,12438900.0,763500.0,-14300.0,327500.0,-0.04366412213740458,1113800.0,3453700.0,11325100.0
russia,vtb,2015-08-27,3195600.0,7460400.0,11742900.0,717700.0,2500.0,298700.0,0.008369601606963508,1086900.0,3195600.0,10656000.0
russia,vtb,2015-11-27,2483900.0,8885900.0,12791500.0,679300.0,7600.0,324500.0,0.02342064714946071,1421700.0,2483900.0,11369800.0
russia,vtb,2016-02-27,3007800.0,9180000.0,13641900.0,641500.0,14900.0,349300.0,0.042656742055539654,1454100.0,3007800.0,12187800.0
russia,vtb,2016-05-27,2326100.0,9026300.0,12801200.0,987800.0,1700.0,318500.0,0.005337519623233909,1448800.0,2326100.0,11352400.0
russia,vtb,2016-08-27,1583600.0,9352300.0,12333500.0,640500.0,16000.0,312800.0,0.05115089514066496,1397600.0,1583600.0,10935900.0
russia,vtb,2016-11-27,1638400.0,9298700.0,12359200.0,600600.0,19300.0,308800.0,0.0625,1422100.0,1638400.0,10937100.0
russia,vtb,2017-02-27,1495000.0,9680300.0,12588200.0,548000.0,15300.0,357800.0,0.04276131917272219,1412900.0,1495000.0,11175300.0
russia,vtb,2017-05-27,1191200.0,9833000.0,12457200.0,739700.0,28100.0,320800.0,0.08759351620947631,1433000.0,1191200.0,11024200.0
russia,vtb,2017-08-27,892900.0,10283700.0,12608900.0,556700.0,31000.0,332300.0,0.09328919650917845,1432300.0,892900.0,11176600.0
russia,vtb,2017-11-27,867700.0,10576000.0,12893700.0,594700.0,17800.0,317200.0,0.056116015132408575,1450000.0,867700.0,11443700.0
russia,vtb,2018-02-27,820400.0,10709200.0,13009300.0,870900.0,43400.0,390800.0,0.11105424769703173,1479700.0,820400.0,11529600.0
russia,vtb,2018-05-27,787900.0,10852500.0,13109400.0,639900.0,55600.0,307700.0,0.18069548261293467,1469000.0,787900.0,11640400.0
russia,vtb,2018-08-27,743600.0,11500100.0,13683300.0,970200.0,43900.0,322100.0,0.13629307668425955,1439600.0,743600.0,12243700.0
russia,vtb,2018-11-27,1127400.0,11477200.0,14068000.0,841900.0,40500.0,338200.0,0.11975162625665287,1463400.0,1127400.0,12604600.0
russia,vtb,2019-02-27,801900.0,12435700.0,14760600.0,1046800.0,41900.0,395000.0,0.10607594936708861,1523000.0,801900.0,13237600.0
russia,vtb,2019-05-27,814600.0,12480600.0,14841800.0,925700.0,46600.0,330800.0,0.14087061668681983,1546600.0,814600.0,13295200.0
russia,vtb,2019-08-27,848200.0,12666500.0,15055300.0,1033700.0,30900.0,330400.0,0.09352300242130751,1540600.0,848200.0,13514700.0
russia,vtb,2019-11-27,837600.0,13192500.0,15624600.0,1126100.0,50900.0,372000.0,0.13682795698924732,1594500.0,837600.0,14030100.0
russia,vtb,2020-02-27,960400.0,12902400.0,15516100.0,1462100.0,73600.0,415800.0,0.177008177008177,1653300.0,960400.0,13862800.0
russia,vtb,2020-05-27,1254800.0,13605600.0,16588700.0,1359900.0,45200.0,386900.0,0.11682605324373223,1728300.0,1254800.0,14860400.0
russia,vtb,2020-08-27,951100.0,13686500.0,16346900.0,1558500.0,2700.0,304200.0,0.008875739644970414,1709300.0,951100.0,14637600.0
russia,vtb,2020-11-27,1003000.0,14699300.0,17425700.0,1251400.0,17400.0,353300.0,0.049249929238607416,1723400.0,1003000.0,15702300.0
russia,vtb,2021-02-27,1623000.0,14796600.0,18142200.0,1366700.0,15300.0,377200.0,0.040562036055143164,1722600.0,1623000.0,16419600.0
russia,vtb,2021-05-27,982700.0,15736400.0,18588400.0,1497200.0,85100.0,339100.0,0.25095841934532587,1869300.0,982700.0,16719100.0
russia,vtb,2021-08-27,1020300.0,16634800.0,19649300.0,1458400.0,84600.0,365700.0,0.23133716160787532,1994200.0,1020300.0,17655100.0
russia,vtb,2021-11-27,929000.0,17569500.0,20592400.0,1499100.0,87200.0,383300.0,0.22749804330811374,2093900.0,929000.0,18498500.0
russia,vtb,2022-02-27,918000.0,17719300.0,20859300.0,1339000.0,68400.0,418900.0,0.16328479350680353,2222000.0,918000.0,18637300.0
russia,vtb,2022-05-27,918000.0,17719300.0,20859300.0,1339000.0,68400.0,418900.0,0.16328479350680353,2222000.0,918000.0,18637300.0
russia,vtb,2022-08-27,918000.0,17719300.0,20859300.0,1339000.0,68400.0,418900.0,0.16328479350680353,2222000.0,918000.0,18637300.0
russia,vtb,2022-11-27,918000.0,17719300.0,20859300.0,1339000.0,68400.0,418900.0,0.16328479350680353,2222000.0,918000.0,18637300.0
russia,vtb,2023-02-27,918000.0,17719300.0,20859300.0,1339000.0,68400.0,418900.0,0.16328479350680353,2222000.0,918000.0,18637300.0
russia,vtb,2023-05-27,918000.0,17719300.0,20859300.0,1339000.0,68400.0,418900.0,0.16328479350680353,2222000.0,918000.0,18637300.0
russia,vtb,2023-08-27,1387600.0,23244300.0,26677000.0,1253000.0,140400.0,648300.0,0.21656640444238778,2045100.0,1387600.0,24631900.0
russia,vtb,2023-11-27,1842500.0,24222600.0,28207400.0,1261500.0,83700.0,691400.0,0.12105872143477003,2142300.0,1842500.0,26065100.0
russia,vtb,2024-02-27,2590200.0,24627700.0,29382200.0,1265000.0,52300.0,901900.0,0.05798869054218871,2164300.0,2590200.0,27217900.0
russia,vtb,2024-05-27,2948900.0,25892600.0,31123500.0,1685600.0,118200.0,1034900.0,0.11421393371340226,2282000.0,2948900.0,28841500.0
russia,vtb,2024-08-27,2685000.0,26207800.0,31325200.0,1204700.0,150100.0,1094000.0,0.13720292504570383,2432400.0,2685000.0,28892800.0
russia,vtb,2024-11-27,473200.0,30693500.0,33668500.0,1854900.0,92900.0,1189000.0,0.07813288477712363,2501800.0,473200.0,31166700.0
russia,vtb,2025-02-27,1946500.0,31434400.0,36070200.0,2122200.0,174100.0,1449900.0,0.12007724670666943,2689300.0,1946500.0,33380900.0
russia,vtb,2025-05-27,2059600.0,30865700.0,35728000.0,2063000.0,136600.0,1644400.0,0.08306981269764048,2802700.0,2059600.0,32925300.0
russia,vtb,2025-08-27,971400.0,32092800.0,35707900.0,1805000.0,134600.0,1488000.0,0.09045698924731183,2643700.0,971400.0,33064200.0
russia,vtb,2025-11-27,1178300.0,31868700.0,35881000.0,1700700.0,95400.0,1398900.0,0.06819644006004719,2834000.0,1178300.0,33047000.0
russia,vtb,2026-02-27,2710400.0,31443100.0,36884300.0,2002800.0,116900.0,1429600.0,0.0817711247901511,2730800.0,2710400.0,34153500.0
russia,vtb,2026-05-27,3045400.0,32101900.0,38018300.0,2006500.0,128000.0,1353900.0,0.09454169436442869,2871000.0,3045400.0,35147300.0
russia,vtb,2026-08-27,3089800.0,32595700.0,38506800.0,1969100.0,88100.0,1282200.0,0.06871002963656216,2821300.0,3089800.0,35685500.0
