countryname,quarter,JLoss,n_banks,below_min_banks
brazil,2004Q1,12.458586231492921,5,False
brazil,2004Q2,10.980182162399245,5,False
brazil,2004Q3,9.934697716837421,5,False
brazil,2004Q4,9.252013678771862,5,False
brazil,2005Q1,10.36392339121768,5,False
brazil,2005Q2,9.551398952316232,5,False
brazil,2005Q3,9.628749151627972,5,False
brazil,2005Q4,9.443074797574418,5,False
brazil,2006Q1,10.579359780561036,5,False
brazil,2006Q2,11.396107126691074,5,False
brazil,2006Q3,9.278162145032283,5,False
brazil,2006Q4,9.230958490049062,5,False
brazil,2007Q1,9.324797503665316,5,False
brazil,2007Q2,8.694597354548225,6,False
brazil,2007Q3,9.742177066754348,6,False
brazil,2007Q4,10.846896067575036,6,False
brazil,2008Q1,10.002196270375872,6,False
brazil,2008Q2,10.348756847943752,8,False
brazil,2008Q3,12.527607298331988,8,False
brazil,2008Q4,22.38382698037986,8,False
brazil,2009Q1,21.08334143655025,8,False
brazil,2009Q2,11.408854336825684,8,False
brazil,2009Q3,10.097223354997775,8,False
brazil,2009Q4,9.853403546511213,8,False
brazil,2010Q1,9.186797620234833,8,False
brazil,2010Q2,9.587522937775152,8,False
brazil,2010Q3,9.458603662839401,8,False
brazil,2010Q4,6.830297274751198,8,False
brazil,2011Q1,9.289755708540147,8,False
brazil,2011Q2,8.730050792012355,8,False
brazil,2011Q3,11.827601138996734,8,False
brazil,2011Q4,10.610610527083285,8,False
brazil,2012Q1,9.826817619326219,8,False
brazil,2012Q2,12.173851128581848,8,False
brazil,2012Q3,10.761476048398755,8,False
brazil,2012Q4,10.343443517951275,8,False
brazil,2013Q1,9.92729723011463,8,False
brazil,2013Q2,11.213728976279109,8,False
brazil,2013Q3,11.109344916464739,8,False
brazil,2013Q4,10.441922114583358,8,False
brazil,2014Q1,13.549074332664857,8,False
brazil,2014Q2,12.727945144672942,8,False
brazil,2014Q3,12.801290753218046,8,False
brazil,2014Q4,16.77018961493296,8,False
brazil,2015Q1,13.043900571150452,8,False
brazil,2015Q2,12.219473578648032,8,False
brazil,2015Q3,18.015741333665012,8,False
brazil,2015Q4,20.763590488363114,8,False
brazil,2016Q1,17.672793377664327,8,False
brazil,2016Q2,16.37598370399242,8,False
brazil,2016Q3,12.814216428161934,9,False
brazil,2016Q4,12.640804532594366,8,False
brazil,2017Q1,10.585885702743978,9,False
brazil,2017Q2,13.141790720407204,9,False
brazil,2017Q3,9.405900210053328,9,False
brazil,2017Q4,10.193747416513961,9,False
brazil,2018Q1,9.498392930243957,9,False
brazil,2018Q2,11.977768372066325,10,False
brazil,2018Q3,11.180165852697124,9,False
brazil,2018Q4,10.491094415790442,9,False
brazil,2019Q1,9.699279057557503,9,False
brazil,2019Q2,8.712562142209302,9,False
brazil,2019Q3,9.618829179375087,10,False
brazil,2019Q4,7.941734054517485,11,False
brazil,2020Q1,20.062566306396995,11,False
brazil,2020Q2,16.012354953808927,11,False
brazil,2020Q3,11.294152356160836,11,False
brazil,2020Q4,11.032995613091297,11,False
brazil,2021Q1,12.229147461255277,11,False
brazil,2021Q2,9.8649273504885,11,False
brazil,2021Q3,11.680437859184067,11,False
brazil,2021Q4,15.41204779605361,11,False
brazil,2022Q1,10.967531347726462,11,False
brazil,2022Q2,11.848891123205634,11,False
brazil,2022Q3,10.517127785771585,11,False
brazil,2022Q4,13.865747291928935,11,False
brazil,2023Q1,11.788797090802783,11,False
brazil,2023Q2,9.598961533754572,11,False
brazil,2023Q3,8.9886312809746,11,False
brazil,2023Q4,9.080072263021846,11,False
brazil,2024Q1,9.926472530900801,11,False
brazil,2024Q2,7.066262235460593,11,False
brazil,2024Q3,9.13800969579794,11,False
brazil,2024Q4,10.139257376040948,11,False
brazil,2025Q1,10.101229635756997,11,False
brazil,2025Q2,11.552338182967596,11,False
brazil,2025Q3,10.978471723211054,11,False
brazil,2025Q4,10.409893325232003,11,False
brazil,2026Q1,10.97816182381285,11,False
brazil,2026Q2,11.500144558342365,10,False
brazil,2026Q3,11.360164515677939,10,False
chile,2004Q1,8.310436884266649,4,False
chile,2004Q2,5.117799003228686,4,False
chile,2004Q3,1.9325442702800195,4,False
chile,2004Q4,2.0661658420212996,4,False
chile,2005Q1,3.930441438167734,4,False
chile,2005Q2,3.122112532706119,4,False
chile,2005Q3,3.66364300292324,4,False
chile,2005Q4,5.866687632686546,4,False
chile,2006Q1,3.6147943246577983,4,False
chile,2006Q2,7.091425183852675,4,False
chile,2006Q3,2.937619870622439,4,False
chile,2006Q4,3.537303543891657,4,False
chile,2007Q1,5.294617175432407,4,False
chile,2007Q2,9.120916671312532,4,False
chile,2007Q3,3.059804480066915,4,False
chile,2007Q4,4.281396646529626,4,False
chile,2008Q1,9.470927306180249,4,False
chile,2008Q2,6.164233242211748,4,False
chile,2008Q3,9.610221740091635,4,False
chile,2008Q4,13.56250563095311,4,False
chile,2009Q1,9.59767997569988,4,False
chile,2009Q2,8.874081872837998,4,False
chile,2009Q3,5.239699251690081,4,False
chile,2009Q4,6.115150471567602,4,False
chile,2010Q1,6.429178740732716,4,False
chile,2010Q2,4.603264093969373,4,False
chile,2010Q3,7.034429686092983,4,False
chile,2010Q4,2.663769570709072,4,False
chile,2011Q1,5.356055493559777,4,False
chile,2011Q2,3.0485443815356925,4,False
chile,2011Q3,9.264686462477615,4,False
chile,2011Q4,9.2425051678929,4,False
chile,2012Q1,3.0288166728658203,4,False
chile,2012Q2,4.075259824586996,4,False
chile,2012Q3,2.8427961200123617,4,False
chile,2012Q4,2.1172375802356487,4,False
chile,2013Q1,5.913344932165426,4,False
chile,2013Q2,4.437989775123496,4,False
chile,2013Q3,7.235570360117277,4,False
chile,2013Q4,7.818608777893371,4,False
chile,2014Q1,6.9749117711112945,4,False
chile,2014Q2,2.377686573306353,4,False
chile,2014Q3,1.4336230326752135,4,False
chile,2014Q4,2.519011205753771,4,False
chile,2015Q1,5.140091307153569,4,False
chile,2015Q2,5.792103320503885,4,False
chile,2015Q3,4.000118370177942,4,False
chile,2015Q4,3.906672540625453,4,False
chile,2016Q1,7.57728271356632,4,False
chile,2016Q2,11.815883336747227,4,False
chile,2016Q3,2.002487400827139,4,False
chile,2016Q4,3.3754943761692235,4,False
chile,2017Q1,2.5226667201921797,4,False
chile,2017Q2,3.208733466713665,4,False
chile,2017Q3,2.5560473973999653,4,False
chile,2017Q4,8.473665579692563,4,False
chile,2018Q1,4.172629760585677,4,False
chile,2018Q2,1.8613460444059764,4,False
chile,2018Q3,3.1202786018902113,4,False
chile,2018Q4,6.215277287258241,4,False
chile,2019Q1,3.8208143976960907,4,False
chile,2019Q2,3.331706508665433,4,False
chile,2019Q3,2.7424425456624744,4,False
chile,2019Q4,11.02745664883196,4,False
chile,2020Q1,18.472987722724437,4,False
chile,2020Q2,16.276048114373026,4,False
chile,2020Q3,15.969371243645535,4,False
chile,2020Q4,14.618770866171747,4,False
chile,2021Q1,12.042493229546977,4,False
chile,2021Q2,14.98036187339785,4,False
chile,2021Q3,14.457639282160121,4,False
chile,2021Q4,17.61677116061379,4,False
chile,2022Q1,11.69659707292998,4,False
chile,2022Q2,11.40823051284636,4,False
chile,2022Q3,11.933090020327398,4,False
chile,2022Q4,11.079646367672758,4,False
chile,2023Q1,10.717843297128208,4,False
chile,2023Q2,9.948591738882714,4,False
chile,2023Q3,12.290534242235129,4,False
chile,2023Q4,10.032010351290156,4,False
chile,2024Q1,9.324351981559873,4,False
chile,2024Q2,11.078752468153205,4,False
chile,2024Q3,8.552741298779166,4,False
chile,2024Q4,7.174486092475881,4,False
chile,2025Q1,5.155977012500121,4,False
chile,2025Q2,9.183035970821477,4,False
chile,2025Q3,6.494010004443738,4,False
chile,2025Q4,5.513314423452795,4,False
chile,2026Q1,9.424922640216638,4,False
chile,2026Q2,9.429745990853657,4,False
chile,2026Q3,3.044094521707241,4,False
china,2006Q3,4.803009500260178,1,True
china,2006Q4,9.421383718714958,2,True
china,2007Q1,9.534646906610417,3,False
china,2007Q2,9.15571337339689,3,False
china,2007Q3,9.636470397748688,3,False
china,2007Q4,9.88476892527071,6,False
china,2008Q1,11.384084268216775,6,False
china,2008Q2,9.67962073055469,6,False
china,2008Q3,12.063875501051855,6,False
china,2008Q4,15.543215491335014,6,False
china,2009Q1,10.763967833944124,6,False
china,2009Q2,9.553936315335616,6,False
china,2009Q3,9.627322830636997,6,False
china,2009Q4,7.058428285554539,7,False
china,2010Q1,5.603086243144479,7,False
china,2010Q2,6.9310801371428985,7,False
china,2010Q3,2.118410207499302,8,False
china,2010Q4,6.668108426958456,8,False
china,2011Q1,2.1435347636781272,8,False
china,2011Q2,3.1008541041506117,8,False
china,2011Q3,9.732119691809109,8,False
china,2011Q4,8.882642096705725,8,False
china,2012Q1,3.3883264904032586,8,False
china,2012Q2,5.624901055971619,8,False
china,2012Q3,6.315741756917037,8,False
china,2012Q4,3.278325790998359,8,False
china,2013Q1,11.89930912143001,8,False
china,2013Q2,9.00478010813989,8,False
china,2013Q3,9.363042305411419,8,False
china,2013Q4,6.109279587581048,9,False
china,2014Q1,6.530295638275151,9,False
china,2014Q2,5.576583547528868,9,False
china,2014Q3,6.649676255465297,9,False
china,2014Q4,11.725827162601448,9,False
china,2015Q1,10.358570101790248,9,False
china,2015Q2,10.935540202903734,9,False
china,2015Q3,14.442814362668505,9,False
china,2015Q4,8.272375132266026,9,False
china,2016Q1,10.472782368858063,9,False
china,2016Q2,6.97814207915024,9,False
china,2016Q3,6.540861251350645,9,False
china,2016Q4,8.472277996114912,10,False
china,2017Q1,5.29109302059795,10,False
china,2017Q2,6.759888703635926,10,False
china,2017Q3,8.238628743754393,10,False
china,2017Q4,8.894297350883031,10,False
china,2018Q1,11.359445842999548,10,False
china,2018Q2,10.363484246554867,10,False
china,2018Q3,11.364037126980113,10,False
china,2018Q4,11.675636466753362,10,False
china,2019Q1,11.26015806764175,10,False
china,2019Q2,10.954406417574523,10,False
china,2019Q3,11.508618398200126,10,False
china,2019Q4,8.086369932343093,10,False
china,2020Q1,13.951405495551823,10,False
china,2020Q2,13.26709680701364,10,False
china,2020Q3,20.580669109026577,10,False
china,2020Q4,15.286615187083845,10,False
china,2021Q1,13.28324598757572,10,False
china,2021Q2,15.427417231864217,10,False
china,2021Q3,18.264878615526897,10,False
china,2021Q4,15.693516092351404,10,False
china,2022Q1,16.084175537089425,10,False
china,2022Q2,19.69720393062555,10,False
china,2022Q3,34.917631423048675,10,False
china,2022Q4,31.184518515640967,10,False
china,2023Q1,27.2565260481406,10,False
china,2023Q2,29.84113110763639,10,False
china,2023Q3,35.484083488873715,10,False
china,2023Q4,32.776509996851644,10,False
china,2024Q1,30.262973640983244,10,False
china,2024Q2,23.799625908683282,10,False
china,2024Q3,24.06938283949341,10,False
china,2024Q4,19.778498935974444,10,False
china,2025Q1,18.83193913336237,10,False
china,2025Q2,15.782738072917125,10,False
china,2025Q3,16.091077279892144,10,False
china,2025Q4,14.21710849832668,10,False
china,2026Q1,14.82950334446242,10,False
china,2026Q2,17.74972621662587,10,False
china,2026Q3,15.239441201651182,10,False
colombia,2005Q1,9.196224321700914,1,True
colombia,2005Q2,7.631161175350402,1,True
colombia,2005Q3,9.542120555344873,1,True
colombia,2005Q4,11.246293262913504,1,True
colombia,2006Q1,9.09305878789041,1,True
colombia,2006Q2,16.68797272368874,1,True
colombia,2006Q3,9.166486373630732,1,True
colombia,2006Q4,18.25512135966756,1,True
colombia,2007Q1,9.014813564562894,1,True
colombia,2007Q2,13.439544458871936,1,True
colombia,2007Q3,9.006163404666433,1,True
colombia,2007Q4,9.000390575964014,1,True
colombia,2008Q1,9.454587487040962,1,True
colombia,2008Q2,9.060162497769209,1,True
colombia,2008Q3,9.410224746618598,1,True
colombia,2008Q4,14.993810755850966,1,True
colombia,2009Q1,9.132650570310314,1,True
colombia,2009Q2,9.044484500660191,1,True
colombia,2009Q3,9.008248795308349,1,True
colombia,2009Q4,9.001003932916271,1,True
colombia,2010Q1,9.000592532081763,1,True
colombia,2010Q2,9.001463056046083,1,True
colombia,2010Q3,9.008139968529273,2,True
colombia,2010Q4,14.026136436432852,3,False
colombia,2011Q1,7.263703436535338,3,False
colombia,2011Q2,9.20134209614445,3,False
colombia,2011Q3,9.069116343003577,3,False
colombia,2011Q4,9.084552313760131,3,False
colombia,2012Q1,9.014769073581117,3,False
colombia,2012Q2,5.735111330968437,3,False
colombia,2012Q3,7.886801776769432,3,False
colombia,2012Q4,4.086318345905678,3,False
colombia,2013Q1,2.9973488866688665,3,False
colombia,2013Q2,5.176981962563082,3,False
colombia,2013Q3,4.819300474345001,3,False
colombia,2013Q4,9.052690376905375,3,False
colombia,2014Q1,9.053737218926553,3,False
colombia,2014Q2,4.132889341061954,3,False
colombia,2014Q3,4.145140666620184,3,False
colombia,2014Q4,9.191519824970129,3,False
colombia,2015Q1,9.40095491435122,3,False
colombia,2015Q2,9.086452066142707,3,False
colombia,2015Q3,9.344123009516162,3,False
colombia,2015Q4,11.048800774775513,3,False
colombia,2016Q1,9.531142196411782,3,False
colombia,2016Q2,9.27295873936937,3,False
colombia,2016Q3,9.027775042203864,3,False
colombia,2016Q4,7.5454171492093085,3,False
colombia,2017Q1,8.071277034410107,3,False
colombia,2017Q2,8.030389017645552,3,False
colombia,2017Q3,9.09251531148227,3,False
colombia,2017Q4,9.04632814368083,3,False
colombia,2018Q1,9.09246621155383,3,False
colombia,2018Q2,9.046502781625307,3,False
colombia,2018Q3,9.066330520517731,3,False
colombia,2018Q4,9.778522084401814,3,False
colombia,2019Q1,9.100207450669844,3,False
colombia,2019Q2,9.204662277278526,3,False
colombia,2019Q3,9.075771086135783,3,False
colombia,2019Q4,9.062827482405924,3,False
colombia,2020Q1,19.732388512659348,3,False
colombia,2020Q2,16.92576906704649,3,False
colombia,2020Q3,12.122008750799202,3,False
colombia,2020Q4,10.860287164647966,3,False
colombia,2021Q1,10.615512300534082,3,False
colombia,2021Q2,10.455499167176585,3,False
colombia,2021Q3,9.511780660157173,3,False
colombia,2021Q4,10.683597586933521,3,False
colombia,2022Q1,12.96691953357606,3,False
colombia,2022Q2,13.89979923466472,3,False
colombia,2022Q3,14.61752952425458,3,False
colombia,2022Q4,12.12835029450444,3,False
colombia,2023Q1,14.185122497718382,3,False
colombia,2023Q2,16.610670362866124,3,False
colombia,2023Q3,17.37779012428616,3,False
colombia,2023Q4,14.32751212086914,3,False
colombia,2024Q1,15.416081540324296,3,False
colombia,2024Q2,12.035217665244353,3,False
colombia,2024Q3,10.847246544228389,3,False
colombia,2024Q4,11.067360259954185,3,False
colombia,2025Q1,11.385719224369314,3,False
colombia,2025Q2,23.55966732483222,3,False
colombia,2025Q3,9.32525032275215,3,False
colombia,2025Q4,9.792533366340708,3,False
colombia,2026Q1,12.812553238908665,3,False
colombia,2026Q2,12.287285067767492,3,False
colombia,2026Q3,9.488068586903651,3,False
indonesia,2004Q1,12.34085799559605,3,False
indonesia,2004Q2,12.961097898184365,4,False
indonesia,2004Q3,9.566487430225033,4,False
indonesia,2004Q4,9.708747950275233,4,False
indonesia,2005Q1,9.203348237164203,4,False
indonesia,2005Q2,9.906404566012943,4,False
indonesia,2005Q3,10.330077342828632,4,False
indonesia,2005Q4,9.70521090625528,4,False
indonesia,2006Q1,9.731623472569794,4,False
indonesia,2006Q2,12.16430571579987,4,False
indonesia,2006Q3,10.467760720276816,4,False
indonesia,2006Q4,9.963908382600605,4,False
indonesia,2007Q1,9.39380252905171,4,False
indonesia,2007Q2,9.65486307449711,4,False
indonesia,2007Q3,10.25291027157683,4,False
indonesia,2007Q4,9.579208199108198,4,False
indonesia,2008Q1,10.875409807330902,4,False
indonesia,2008Q2,10.527064263358783,4,False
indonesia,2008Q3,12.077032618893027,4,False
indonesia,2008Q4,24.315850488671323,4,False
indonesia,2009Q1,12.879998046556562,4,False
indonesia,2009Q2,13.417593974828735,4,False
indonesia,2009Q3,9.626123677973979,4,False
indonesia,2009Q4,7.780400252224859,4,False
indonesia,2010Q1,8.434353887751527,4,False
indonesia,2010Q2,9.6850915667247,4,False
indonesia,2010Q3,9.27419093679066,4,False
indonesia,2010Q4,10.287460567027338,4,False
indonesia,2011Q1,9.577637436219067,4,False
indonesia,2011Q2,5.317011969563772,4,False
indonesia,2011Q3,10.330574032626968,4,False
indonesia,2011Q4,9.674052698281956,4,False
indonesia,2012Q1,4.7591414987596785,4,False
indonesia,2012Q2,7.452260148205319,4,False
indonesia,2012Q3,6.297543537747881,4,False
indonesia,2012Q4,5.334408362694829,4,False
indonesia,2013Q1,6.041921077441559,4,False
indonesia,2013Q2,9.317291759094484,4,False
indonesia,2013Q3,11.40459342595922,4,False
indonesia,2013Q4,9.151596053746301,4,False
indonesia,2014Q1,9.36906654619029,4,False
indonesia,2014Q2,5.4957202841269,4,False
indonesia,2014Q3,3.69553314629422,4,False
indonesia,2014Q4,4.88353562550117,4,False
indonesia,2015Q1,2.9610623885152134,4,False
indonesia,2015Q2,8.299257767677178,4,False
indonesia,2015Q3,9.823481472999603,4,False
indonesia,2015Q4,9.578622309623249,4,False
indonesia,2016Q1,8.289126620096663,4,False
indonesia,2016Q2,8.257541577297575,4,False
indonesia,2016Q3,8.544628202641332,4,False
indonesia,2016Q4,7.267043348194252,4,False
indonesia,2017Q1,2.828940457425057,4,False
indonesia,2017Q2,3.837262166728265,4,False
indonesia,2017Q3,2.578834283322557,4,False
indonesia,2017Q4,3.6681533793110326,4,False
indonesia,2018Q1,5.559853780633559,4,False
indonesia,2018Q2,9.730389656649857,5,False
indonesia,2018Q3,9.441332559551874,5,False
indonesia,2018Q4,7.429341205523129,5,False
indonesia,2019Q1,5.74744511537093,5,False
indonesia,2019Q2,4.130588711708906,5,False
indonesia,2019Q3,3.9442776473689904,5,False
indonesia,2019Q4,5.137081059604204,5,False
indonesia,2020Q1,14.362100813087576,5,False
indonesia,2020Q2,13.052683200774117,5,False
indonesia,2020Q3,10.054806072230589,5,False
indonesia,2020Q4,9.49136239284952,5,False
indonesia,2021Q1,10.531308228320071,5,False
indonesia,2021Q2,8.207481898292912,5,False
indonesia,2021Q3,9.301081024800087,5,False
indonesia,2021Q4,6.826396402037654,5,False
indonesia,2022Q1,4.080470160635476,5,False
indonesia,2022Q2,9.195017631497626,5,False
indonesia,2022Q3,6.196062969133607,5,False
indonesia,2022Q4,5.517578908104135,5,False
indonesia,2023Q1,8.291441686686168,5,False
indonesia,2023Q2,2.072010717027307,5,False
indonesia,2023Q3,2.6587206929403875,5,False
indonesia,2023Q4,3.7106272827317275,5,False
indonesia,2024Q1,3.657674279443349,5,False
indonesia,2024Q2,9.375123839515684,5,False
indonesia,2024Q3,5.395116169937607,5,False
indonesia,2024Q4,8.577000850609743,5,False
indonesia,2025Q1,10.497730919886623,5,False
indonesia,2025Q2,9.54296348569909,5,False
indonesia,2025Q3,8.725556309439654,5,False
indonesia,2025Q4,7.355683064850365,5,False
indonesia,2026Q1,9.196058689333347,5,False
indonesia,2026Q2,10.978252464186106,5,False
indonesia,2026Q3,5.237495238370569,5,False
malaysia,2004Q1,9.727950631009861,6,False
malaysia,2004Q2,10.82727177338708,6,False
malaysia,2004Q3,10.206205904845744,6,False
malaysia,2004Q4,7.356174129593988,6,False
malaysia,2005Q1,8.144618332918688,6,False
malaysia,2005Q2,9.920675645337191,6,False
malaysia,2005Q3,8.9183930047872,6,False
malaysia,2005Q4,9.833441305841639,6,False
malaysia,2006Q1,9.431761073470366,6,False
malaysia,2006Q2,9.37451183266069,6,False
malaysia,2006Q3,6.725819079210541,6,False
malaysia,2006Q4,8.514572184758343,6,False
malaysia,2007Q1,9.975619132157378,6,False
malaysia,2007Q2,6.904383302211194,6,False
malaysia,2007Q3,10.004327994687785,6,False
malaysia,2007Q4,5.7442383385870155,6,False
malaysia,2008Q1,10.406757428279239,6,False
malaysia,2008Q2,5.563614609042542,6,False
malaysia,2008Q3,9.945345088423156,6,False
malaysia,2008Q4,12.789376026059802,6,False
malaysia,2009Q1,13.898909882917545,6,False
malaysia,2009Q2,9.713828591721358,6,False
malaysia,2009Q3,4.593908394402056,6,False
malaysia,2009Q4,2.4160371416974122,6,False
malaysia,2010Q1,2.0328117648675703,6,False
malaysia,2010Q2,1.9413633190716908,6,False
malaysia,2010Q3,1.8899486196634372,6,False
malaysia,2010Q4,1.5079720796904883,6,False
malaysia,2011Q1,1.5048592242454046,6,False
malaysia,2011Q2,2.196977293696477,6,False
malaysia,2011Q3,4.8473640775317595,6,False
malaysia,2011Q4,4.4072088702399475,6,False
malaysia,2012Q1,1.5032025642615297,6,False
malaysia,2012Q2,1.535037866852091,6,False
malaysia,2012Q3,1.5763725681616338,6,False
malaysia,2012Q4,2.5528319011663165,6,False
malaysia,2013Q1,1.536636941666785,6,False
malaysia,2013Q2,3.969613950354258,6,False
malaysia,2013Q3,3.133834237687173,6,False
malaysia,2013Q4,1.549967442672638,6,False
malaysia,2014Q1,1.6039686352850615,6,False
malaysia,2014Q2,2.273060518925592,6,False
malaysia,2014Q3,1.6252193285850411,6,False
malaysia,2014Q4,5.710361252436331,6,False
malaysia,2015Q1,8.80516375160523,6,False
malaysia,2015Q2,3.7569950274803583,6,False
malaysia,2015Q3,9.656579175343625,6,False
malaysia,2015Q4,8.173696824698917,6,False
malaysia,2016Q1,8.098844526498082,6,False
malaysia,2016Q2,10.498847507068064,6,False
malaysia,2016Q3,4.382693656202799,6,False
malaysia,2016Q4,4.2657435158733135,6,False
malaysia,2017Q1,3.582978483042579,6,False
malaysia,2017Q2,2.5891903901818654,6,False
malaysia,2017Q3,3.9360807450268473,6,False
malaysia,2017Q4,2.4372869280863303,6,False
malaysia,2018Q1,2.7565611655143707,6,False
malaysia,2018Q2,9.194931821344975,6,False
malaysia,2018Q3,4.108426042262538,6,False
malaysia,2018Q4,5.133509962281114,6,False
malaysia,2019Q1,2.517455841262342,6,False
malaysia,2019Q2,1.6882271836390619,6,False
malaysia,2019Q3,2.398569382411211,6,False
malaysia,2019Q4,3.146451626716194,6,False
malaysia,2020Q1,12.702610215945677,6,False
malaysia,2020Q2,10.520930785033809,6,False
malaysia,2020Q3,9.824427957065007,6,False
malaysia,2020Q4,10.91864969961148,6,False
malaysia,2021Q1,9.835879493036142,6,False
malaysia,2021Q2,7.139012275252032,6,False
malaysia,2021Q3,4.33535428546239,6,False
malaysia,2021Q4,4.928569257576,6,False
malaysia,2022Q1,9.346157215410162,6,False
malaysia,2022Q2,3.337166464886534,6,False
malaysia,2022Q3,2.7168442088034426,6,False
malaysia,2022Q4,4.9640061308687145,6,False
malaysia,2023Q1,3.241163642306133,6,False
malaysia,2023Q2,2.660375117443405,6,False
malaysia,2023Q3,2.8244128698409026,6,False
malaysia,2023Q4,1.6100015577922453,6,False
malaysia,2024Q1,1.9807325749280196,6,False
malaysia,2024Q2,1.627455700112498,6,False
malaysia,2024Q3,6.228623196829838,6,False
malaysia,2024Q4,1.7241180859110958,6,False
malaysia,2025Q1,6.712498754270881,6,False
malaysia,2025Q2,9.295569888201378,6,False
malaysia,2025Q3,3.280277982279719,6,False
malaysia,2025Q4,2.947224136041347,6,False
malaysia,2026Q1,5.738124441980658,6,False
malaysia,2026Q2,4.668641549067443,6,False
malaysia,2026Q3,1.5391557848291941,6,False
mexico,2004Q1,9.254703255533975,2,True
mexico,2004Q2,10.002627254691332,2,True
mexico,2004Q3,9.049944046988672,2,True
mexico,2004Q4,9.027050704438977,2,True
mexico,2005Q1,8.725024258134107,2,True
mexico,2005Q2,9.026968957653141,2,True
mexico,2005Q3,9.407391581557915,2,True
mexico,2005Q4,9.028557275555718,2,True
mexico,2006Q1,9.481333860085138,2,True
mexico,2006Q2,9.425840719077339,3,False
mexico,2006Q3,9.171024480804467,3,False
mexico,2006Q4,9.907620710697232,3,False
mexico,2007Q1,9.18118643079046,2,True
mexico,2007Q2,12.101485653801234,3,False
mexico,2007Q3,10.363501055599553,3,False
mexico,2007Q4,9.279295354635527,3,False
mexico,2008Q1,9.47200645520207,2,True
mexico,2008Q2,5.8971397711791695,3,False
mexico,2008Q3,9.945448042843445,3,False
mexico,2008Q4,16.153824665629664,3,False
mexico,2009Q1,20.76460274128073,2,True
mexico,2009Q2,12.594542346310284,3,False
mexico,2009Q3,10.058762030012419,3,False
mexico,2009Q4,9.98345855875682,3,False
mexico,2010Q1,9.061928393503875,3,False
mexico,2010Q2,9.265959976073537,3,False
mexico,2010Q3,5.022503903811246,3,False
mexico,2010Q4,9.003127264269647,2,True
mexico,2011Q1,8.44974374133953,3,False
mexico,2011Q2,9.397919963818206,3,False
mexico,2011Q3,11.228254135432913,4,False
mexico,2011Q4,10.09521600167139,4,False
mexico,2012Q1,9.026321134587592,3,False
mexico,2012Q2,9.232396698762814,4,False
mexico,2012Q3,20.359246380783777,4,False
mexico,2012Q4,5.9061423661608865,4,False
mexico,2013Q1,9.086968891522444,4,False
mexico,2013Q2,9.677567806887065,4,False
mexico,2013Q3,11.202513911117261,4,False
mexico,2013Q4,6.702527746191304,4,False
mexico,2014Q1,9.17489401379209,4,False
mexico,2014Q2,5.3095959214756,4,False
mexico,2014Q3,4.719736271141912,4,False
mexico,2014Q4,9.06846206670114,4,False
mexico,2015Q1,8.840667059449506,4,False
mexico,2015Q2,5.122843679504983,4,False
mexico,2015Q3,7.571794059755105,4,False
mexico,2015Q4,8.691054225565123,4,False
mexico,2016Q1,9.061990545935368,4,False
mexico,2016Q2,8.05624376074865,4,False
mexico,2016Q3,7.1197394998054255,4,False
mexico,2016Q4,9.322731791121885,4,False
mexico,2017Q1,6.591526386682676,4,False
mexico,2017Q2,4.863384289979387,5,False
mexico,2017Q3,3.4999583699281147,5,False
mexico,2017Q4,9.107222804340992,5,False
mexico,2018Q1,9.306292878802557,5,False
mexico,2018Q2,9.071635779512922,5,False
mexico,2018Q3,9.081472787434537,5,False
mexico,2018Q4,11.26972565188781,5,False
mexico,2019Q1,9.1089580475458,5,False
mexico,2019Q2,9.109937296869042,5,False
mexico,2019Q3,9.122092196249966,5,False
mexico,2019Q4,9.21851241617019,5,False
mexico,2020Q1,15.984841131866304,5,False
mexico,2020Q2,16.104000224145874,5,False
mexico,2020Q3,13.758282009101114,5,False
mexico,2020Q4,12.509062645380771,5,False
mexico,2021Q1,11.514472025876952,5,False
mexico,2021Q2,9.217607771443681,5,False
mexico,2021Q3,7.978335273919888,5,False
mexico,2021Q4,9.357170497412676,5,False
mexico,2022Q1,9.441413292768248,5,False
mexico,2022Q2,9.675249357739942,5,False
mexico,2022Q3,9.895484297249832,5,False
mexico,2022Q4,9.388623877653767,5,False
mexico,2023Q1,9.276158462529414,5,False
mexico,2023Q2,9.567000698284268,5,False
mexico,2023Q3,9.012773570850994,4,False
mexico,2023Q4,9.083923574205047,4,False
mexico,2024Q1,9.024273573874082,4,False
mexico,2024Q2,9.969149561691603,4,False
mexico,2024Q3,9.124004536995512,4,False
mexico,2024Q4,9.307918142712852,4,False
mexico,2025Q1,9.086643467499643,4,False
mexico,2025Q2,9.875676764496465,4,False
mexico,2025Q3,9.028068950301403,4,False
mexico,2025Q4,9.039658237430265,4,False
mexico,2026Q1,9.217998282846784,4,False
mexico,2026Q2,9.065297889273863,4,False
mexico,2026Q3,6.177944245988335,4,False
peru,2004Q1,4.803009499867744,1,True
peru,2004Q2,9.001457284534071,1,True
peru,2004Q3,4.803009823202134,1,True
peru,2004Q4,4.80300949979724,1,True
peru,2005Q1,4.8030094997987565,1,True
peru,2005Q2,9.275880450981504,3,False
peru,2005Q3,9.63760169719581,3,False
peru,2005Q4,9.606873666229912,3,False
peru,2006Q1,9.02716401561225,3,False
peru,2006Q2,8.010706712917449,3,False
peru,2006Q3,9.126705947692946,3,False
peru,2006Q4,6.43186000969932,3,False
peru,2007Q1,4.254771654077075,3,False
peru,2007Q2,10.289730629397399,3,False
peru,2007Q3,9.027716851110394,3,False
peru,2007Q4,5.955999031282439,3,False
peru,2008Q1,4.9385414934626075,3,False
peru,2008Q2,6.39817895985406,3,False
peru,2008Q3,9.277293883382871,3,False
peru,2008Q4,10.15388261583575,2,True
peru,2009Q1,3.061077256888057,3,False
peru,2009Q2,6.888828265808563,3,False
peru,2009Q3,16.481502327497587,3,False
peru,2009Q4,7.463548300355753,3,False
peru,2010Q1,6.921160646307979,3,False
peru,2010Q2,9.558612384638947,3,False
peru,2010Q3,2.909991248160111,3,False
peru,2010Q4,3.158588090759716,3,False
peru,2011Q1,6.604463803496135,3,False
peru,2011Q2,10.122249677409147,3,False
peru,2011Q3,8.026207457901103,3,False
peru,2011Q4,5.271085622805208,3,False
peru,2012Q1,4.583421621459518,3,False
peru,2012Q2,11.711627333871913,3,False
peru,2012Q3,2.570048865517063,3,False
peru,2012Q4,2.5976783116490423,3,False
peru,2013Q1,6.930822849041157,3,False
peru,2013Q2,4.903635454320881,3,False
peru,2013Q3,4.2236135826679035,3,False
peru,2013Q4,3.4003150922666965,3,False
peru,2014Q1,2.7387167248893975,3,False
peru,2014Q2,5.14789679902717,3,False
peru,2014Q3,2.6687310008765404,3,False
peru,2014Q4,2.6320567903511605,3,False
peru,2015Q1,2.9801285714874366,3,False
peru,2015Q2,9.914562766765785,3,False
peru,2015Q3,9.85064650135583,3,False
peru,2015Q4,9.086388327485832,3,False
peru,2016Q1,9.392285467095181,3,False
peru,2016Q2,9.869834137684217,3,False
peru,2016Q3,4.872700748882495,3,False
peru,2016Q4,4.828720597794127,3,False
peru,2017Q1,4.5490884092352655,3,False
peru,2017Q2,8.363061552889757,3,False
peru,2017Q3,3.8853075073273424,3,False
peru,2017Q4,2.595220217199655,3,False
peru,2018Q1,2.57510471363994,3,False
peru,2018Q2,8.164122908299035,3,False
peru,2018Q3,2.546251947303213,3,False
peru,2018Q4,2.9975098786322705,3,False
peru,2019Q1,3.2748825572552858,3,False
peru,2019Q2,4.157254999203805,3,False
peru,2019Q3,3.67150634686452,3,False
peru,2019Q4,3.5170562487834527,3,False
peru,2020Q1,9.322192077748374,3,False
peru,2020Q2,4.954652508604754,3,False
peru,2020Q3,5.790835015476692,3,False
peru,2020Q4,9.24689079431259,3,False
peru,2021Q1,5.600434031411144,3,False
peru,2021Q2,15.517223167414828,3,False
peru,2021Q3,11.748738701945513,3,False
peru,2021Q4,9.236551064902162,3,False
peru,2022Q1,10.235059533355898,3,False
peru,2022Q2,10.175031462247103,3,False
peru,2022Q3,9.815526860485337,3,False
peru,2022Q4,6.6712119021004,3,False
peru,2023Q1,9.04761610853293,3,False
peru,2023Q2,9.5342798685157,3,False
peru,2023Q3,9.12570023176646,3,False
peru,2023Q4,9.020794065803338,3,False
peru,2024Q1,5.231985693619925,3,False
peru,2024Q2,9.893926538947259,3,False
peru,2024Q3,7.966524322237259,3,False
peru,2024Q4,8.421806418251073,3,False
peru,2025Q1,5.064533758042099,3,False
peru,2025Q2,9.234074597500287,3,False
peru,2025Q3,9.272924054453537,3,False
peru,2025Q4,2.9822920546163934,3,False
peru,2026Q1,7.246709638237573,3,False
peru,2026Q2,9.427360547650672,3,False
peru,2026Q3,4.094325251960165,3,False
philippines,2004Q1,9.327092723535166,3,False
philippines,2004Q2,9.17558415306651,4,False
philippines,2004Q3,9.486135384762862,4,False
philippines,2004Q4,9.408955363989763,4,False
philippines,2005Q1,9.651520314277818,4,False
philippines,2005Q2,10.124735712905329,5,False
philippines,2005Q3,9.74368129780656,5,False
philippines,2005Q4,9.31646126645331,5,False
philippines,2006Q1,9.72669712332507,5,False
philippines,2006Q2,10.624615631983445,5,False
philippines,2006Q3,9.348313154494969,5,False
philippines,2006Q4,10.45093953637666,5,False
philippines,2007Q1,10.554270915775009,5,False
philippines,2007Q2,13.033165547819074,5,False
philippines,2007Q3,9.847139309139918,5,False
philippines,2007Q4,9.711804777253704,5,False
philippines,2008Q1,10.83979046062659,5,False
philippines,2008Q2,10.12552718157004,5,False
philippines,2008Q3,12.951832804985548,5,False
philippines,2008Q4,18.159437613833447,5,False
philippines,2009Q1,12.904464012042958,5,False
philippines,2009Q2,12.922173016379782,5,False
philippines,2009Q3,9.548581743657396,5,False
philippines,2009Q4,9.554401705618258,5,False
philippines,2010Q1,9.434834781030359,5,False
philippines,2010Q2,9.478608146847172,5,False
philippines,2010Q3,8.964352449851356,5,False
philippines,2010Q4,9.311901627015688,5,False
philippines,2011Q1,8.5297252838161,5,False
philippines,2011Q2,5.5070780014234995,5,False
philippines,2011Q3,9.51220789889925,5,False
philippines,2011Q4,8.142573176778583,5,False
philippines,2012Q1,6.915730328670141,5,False
philippines,2012Q2,10.5236876173764,5,False
philippines,2012Q3,3.6530679086370936,5,False
philippines,2012Q4,4.393814051635979,5,False
philippines,2013Q1,8.009481437116323,5,False
philippines,2013Q2,9.392706772212833,5,False
philippines,2013Q3,9.356601090683691,5,False
philippines,2013Q4,7.525219089264545,5,False
philippines,2014Q1,5.505317907652072,5,False
philippines,2014Q2,3.7733993448853296,5,False
philippines,2014Q3,1.5506864505149391,5,False
philippines,2014Q4,5.75105395270914,5,False
philippines,2015Q1,8.740591123417742,5,False
philippines,2015Q2,4.0357531182145685,5,False
philippines,2015Q3,5.284862407464562,5,False
philippines,2015Q4,6.827179104014867,5,False
philippines,2016Q1,9.156601431523004,5,False
philippines,2016Q2,6.6692191525261935,5,False
philippines,2016Q3,5.013475839404019,5,False
philippines,2016Q4,8.312412209443075,5,False
philippines,2017Q1,9.280411557563713,5,False
philippines,2017Q2,6.840052274239127,5,False
philippines,2017Q3,3.143543200264064,5,False
philippines,2017Q4,5.963849316888446,5,False
philippines,2018Q1,10.093761126095375,5,False
philippines,2018Q2,8.897410571689493,5,False
philippines,2018Q3,9.236807235100903,5,False
philippines,2018Q4,9.15257897783463,5,False
philippines,2019Q1,7.015033971433647,5,False
philippines,2019Q2,4.47305656298336,5,False
philippines,2019Q3,7.626569226469944,5,False
philippines,2019Q4,7.026335669301911,5,False
philippines,2020Q1,17.150045854857897,5,False
philippines,2020Q2,12.643221647521349,5,False
philippines,2020Q3,9.652178714464537,5,False
philippines,2020Q4,9.464957337600755,5,False
philippines,2021Q1,10.093027053052149,5,False
philippines,2021Q2,6.998145120523668,5,False
philippines,2021Q3,9.19275811879131,5,False
philippines,2021Q4,9.27516884237658,5,False
philippines,2022Q1,9.478282404438385,5,False
philippines,2022Q2,9.57895076997704,5,False
philippines,2022Q3,9.88910552592677,5,False
philippines,2022Q4,10.754289578023007,5,False
philippines,2023Q1,9.537491429389116,5,False
philippines,2023Q2,7.049261813565431,5,False
philippines,2023Q3,9.090078648257055,5,False
philippines,2023Q4,6.28540915083753,5,False
philippines,2024Q1,9.175575166184837,5,False
philippines,2024Q2,9.472922638592138,5,False
philippines,2024Q3,9.698391969001573,5,False
philippines,2024Q4,9.675971056401423,5,False
philippines,2025Q1,11.136586737507244,5,False
philippines,2025Q2,10.197131958883888,5,False
philippines,2025Q3,10.131718116610323,5,False
philippines,2025Q4,10.100697090963942,5,False
philippines,2026Q1,10.512469742633247,5,False
philippines,2026Q2,11.354434608519162,5,False
philippines,2026Q3,5.720018966038903,5,False
southafrica,2004Q1,9.04403163527952,3,False
southafrica,2004Q2,13.0450012270243,5,False
southafrica,2004Q3,9.165985649343222,4,False
southafrica,2004Q4,9.16590420860214,5,False
southafrica,2005Q1,8.587563919844717,5,False
southafrica,2005Q2,9.072208324403132,4,False
southafrica,2005Q3,9.297079931901587,3,False
southafrica,2005Q4,9.137511335913786,4,False
southafrica,2006Q1,9.56064679390689,5,False
southafrica,2006Q2,11.043831270280823,4,False
southafrica,2006Q3,9.86015335017655,3,False
southafrica,2006Q4,8.6221800478041,4,False
southafrica,2007Q1,9.214781291411173,5,False
southafrica,2007Q2,8.050115000441275,6,False
southafrica,2007Q3,10.047333911271124,4,False
southafrica,2007Q4,9.43142768489404,3,False
southafrica,2008Q1,11.803437367155322,5,False
southafrica,2008Q2,9.940421289258905,6,False
southafrica,2008Q3,13.80797102200508,5,False
southafrica,2008Q4,16.176382000695302,5,False
southafrica,2009Q1,17.379286303812428,6,False
southafrica,2009Q2,10.897339218728096,6,False
southafrica,2009Q3,9.33942102134705,5,False
southafrica,2009Q4,8.443160383090005,5,False
southafrica,2010Q1,5.649048625008321,6,False
southafrica,2010Q2,9.760575042042735,6,False
southafrica,2010Q3,8.281440279809726,5,False
southafrica,2010Q4,5.398224372619488,5,False
southafrica,2011Q1,5.6283021699225335,6,False
southafrica,2011Q2,5.522267032727643,6,False
southafrica,2011Q3,9.56792963433334,5,False
southafrica,2011Q4,8.129356611556474,5,False
southafrica,2012Q1,3.3716847830053513,6,False
southafrica,2012Q2,6.491611045701094,6,False
southafrica,2012Q3,7.765144376967231,5,False
southafrica,2012Q4,4.275305347139322,5,False
southafrica,2013Q1,4.588414890386409,6,False
southafrica,2013Q2,9.103223652029564,6,False
southafrica,2013Q3,9.529572627843063,5,False
southafrica,2013Q4,5.595954191463247,5,False
southafrica,2014Q1,9.078847407376186,6,False
southafrica,2014Q2,3.5220018074469834,6,False
southafrica,2014Q3,3.808821556072275,5,False
southafrica,2014Q4,8.35125534062171,5,False
southafrica,2015Q1,9.152386022995843,6,False
southafrica,2015Q2,3.891654709371791,6,False
southafrica,2015Q3,9.254700669090418,5,False
southafrica,2015Q4,11.61535055080634,5,False
southafrica,2016Q1,11.438924356526947,6,False
southafrica,2016Q2,9.679519483525484,6,False
southafrica,2016Q3,9.590738751996728,6,False
southafrica,2016Q4,9.156525186004428,6,False
southafrica,2017Q1,9.147951696995129,6,False
southafrica,2017Q2,8.585497367915034,6,False
southafrica,2017Q3,5.163723314557935,6,False
southafrica,2017Q4,9.364237943575972,6,False
southafrica,2018Q1,9.364163779961514,6,False
southafrica,2018Q2,9.42538237292,6,False
southafrica,2018Q3,9.286689066540696,6,False
southafrica,2018Q4,9.439013971083801,6,False
southafrica,2019Q1,7.93401339378655,6,False
southafrica,2019Q2,9.18431296128396,6,False
southafrica,2019Q3,9.195345359594844,6,False
southafrica,2019Q4,8.232101201934674,6,False
southafrica,2020Q1,22.778962002117108,6,False
southafrica,2020Q2,21.317760952764004,6,False
southafrica,2020Q3,17.276946903056384,6,False
southafrica,2020Q4,14.619989912614194,6,False
southafrica,2021Q1,11.27974960391572,6,False
southafrica,2021Q2,9.85062759556307,6,False
southafrica,2021Q3,9.957923170558116,6,False
southafrica,2021Q4,9.900461388487702,6,False
southafrica,2022Q1,9.551152126389585,6,False
southafrica,2022Q2,9.965271011295254,6,False
southafrica,2022Q3,9.56668670487435,6,False
southafrica,2022Q4,9.59297452084678,6,False
southafrica,2023Q1,9.263837055362565,6,False
southafrica,2023Q2,9.19339672622738,6,False
southafrica,2023Q3,9.312846642755758,6,False
southafrica,2023Q4,9.358030770333446,6,False
southafrica,2024Q1,8.094789468831943,6,False
southafrica,2024Q2,10.146282535549632,6,False
southafrica,2024Q3,8.382351322493268,6,False
southafrica,2024Q4,5.501562413122584,6,False
southafrica,2025Q1,6.957229154190339,6,False
southafrica,2025Q2,10.782201494484937,6,False
southafrica,2025Q3,7.770334387339309,6,False
southafrica,2025Q4,4.957768332471131,6,False
southafrica,2026Q1,8.913299208787269,6,False
southafrica,2026Q2,9.438959257929397,4,False
southafrica,2026Q3,5.028181565567585,3,False
turkey,2004Q1,12.188895120625729,4,False
turkey,2004Q2,10.64167469483807,5,False
turkey,2004Q3,9.592133872925018,5,False
turkey,2004Q4,9.663725444055443,5,False
turkey,2005Q1,10.501039040185574,5,False
turkey,2005Q2,9.52104992272535,6,False
turkey,2005Q3,9.525191682651192,6,False
turkey,2005Q4,10.843578459015795,7,False
turkey,2006Q1,9.775107360764402,7,False
turkey,2006Q2,12.237526747698437,7,False
turkey,2006Q3,10.310595680664983,7,False
turkey,2006Q4,11.699522927651625,7,False
turkey,2007Q1,10.082292948002552,7,False
turkey,2007Q2,9.38028686999199,8,False
turkey,2007Q3,11.38885340349863,8,False
turkey,2007Q4,9.807198739395446,8,False
turkey,2008Q1,12.934470200569153,8,False
turkey,2008Q2,11.688982916410206,8,False
turkey,2008Q3,15.949984715339971,8,False
turkey,2008Q4,20.03461224490302,8,False
turkey,2009Q1,13.792990813400577,8,False
turkey,2009Q2,12.124352921534905,8,False
turkey,2009Q3,10.054584729724851,8,False
turkey,2009Q4,10.098648687803855,8,False
turkey,2010Q1,9.442781226305568,8,False
turkey,2010Q2,9.906691627332401,8,False
turkey,2010Q3,5.1318110206102885,8,False
turkey,2010Q4,8.779295358005895,8,False
turkey,2011Q1,9.451511358076054,8,False
turkey,2011Q2,7.7488689412135185,8,False
turkey,2011Q3,11.072939390589948,8,False
turkey,2011Q4,11.092940066114457,8,False
turkey,2012Q1,10.06629156583035,8,False
turkey,2012Q2,8.149615021513416,8,False
turkey,2012Q3,5.833321637986254,8,False
turkey,2012Q4,4.194699559886888,8,False
turkey,2013Q1,8.255422692495083,8,False
turkey,2013Q2,11.444732327736556,8,False
turkey,2013Q3,10.940034995830748,8,False
turkey,2013Q4,10.433436172848777,8,False
turkey,2014Q1,10.92212290547067,8,False
turkey,2014Q2,9.171213502480986,8,False
turkey,2014Q3,8.356709478351744,8,False
turkey,2014Q4,9.772945953881136,8,False
turkey,2015Q1,10.46621030993295,8,False
turkey,2015Q2,10.520073287223308,8,False
turkey,2015Q3,10.630718413461251,8,False
turkey,2015Q4,12.798427332137434,8,False
turkey,2016Q1,10.166737272846659,8,False
turkey,2016Q2,10.923005440397892,8,False
turkey,2016Q3,12.110893480169414,8,False
turkey,2016Q4,9.741386174246026,8,False
turkey,2017Q1,11.325915855710704,8,False
turkey,2017Q2,8.149642490693735,8,False
turkey,2017Q3,10.124596589238513,8,False
turkey,2017Q4,12.302729653055993,8,False
turkey,2018Q1,13.247112984700443,8,False
turkey,2018Q2,18.467945378821163,8,False
turkey,2018Q3,25.673748050795147,8,False
turkey,2018Q4,27.131851256564453,8,False
turkey,2019Q1,24.215759279962914,8,False
turkey,2019Q2,23.74499591818095,8,False
turkey,2019Q3,22.77155632697402,8,False
turkey,2019Q4,21.135214528302996,8,False
turkey,2020Q1,29.199005999349207,8,False
turkey,2020Q2,22.61330718626367,8,False
turkey,2020Q3,27.049900143917224,8,False
turkey,2020Q4,28.276969924439037,8,False
turkey,2021Q1,34.827747577195474,8,False
turkey,2021Q2,33.6425611560954,8,False
turkey,2021Q3,33.572587871384464,8,False
turkey,2021Q4,31.158728145779172,8,False
turkey,2022Q1,29.484453633364936,8,False
turkey,2022Q2,30.29565431638009,8,False
turkey,2022Q3,27.062291389530927,8,False
turkey,2022Q4,18.289546509402875,8,False
turkey,2023Q1,23.039160426584836,8,False
turkey,2023Q2,19.960348162129904,8,False
turkey,2023Q3,15.26819093282443,8,False
turkey,2023Q4,16.872487218594138,8,False
turkey,2024Q1,21.018608971771965,8,False
turkey,2024Q2,13.830195962286277,8,False
turkey,2024Q3,13.247285128223144,8,False
turkey,2024Q4,14.818597286651451,8,False
turkey,2025Q1,15.253002809495444,8,False
turkey,2025Q2,12.657386871202513,8,False
turkey,2025Q3,13.312502398109203,8,False
turkey,2025Q4,12.882605537312319,8,False
turkey,2026Q1,14.95409466162142,8,False
turkey,2026Q2,14.217642917204431,8,False
turkey,2026Q3,11.699895675344871,8,False
hungary,2004Q1,9.134983105025949,1,True
hungary,2004Q2,9.283151294340371,2,True
hungary,2004Q3,9.017778679242657,2,True
hungary,2004Q4,9.030525724633284,2,True
hungary,2005Q1,9.222446877597175,2,True
hungary,2005Q2,9.051621845520822,2,True
hungary,2005Q3,9.038227375305372,2,True
hungary,2005Q4,9.161213927891454,2,True
hungary,2006Q1,9.052436305523603,2,True
hungary,2006Q2,10.00243821451545,2,True
hungary,2006Q3,9.423862862773737,2,True
hungary,2006Q4,9.033388138023838,2,True
hungary,2007Q1,9.010550276537659,2,True
hungary,2007Q2,9.004335157109974,2,True
hungary,2007Q3,9.085684806602133,2,True
hungary,2007Q4,9.137525183537308,2,True
hungary,2008Q1,10.538461901790825,2,True
hungary,2008Q2,9.169681266326872,2,True
hungary,2008Q3,11.708010388816671,2,True
hungary,2008Q4,28.670991477508483,2,True
hungary,2009Q1,24.06664574324075,2,True
hungary,2009Q2,17.414676896492573,2,True
hungary,2009Q3,11.82378215662458,2,True
hungary,2009Q4,10.224438346303971,2,True
hungary,2010Q1,9.369546360425174,2,True
hungary,2010Q2,13.737432661467869,2,True
hungary,2010Q3,9.949086756998552,2,True
hungary,2010Q4,9.278306281466374,2,True
hungary,2011Q1,9.081425646271015,2,True
hungary,2011Q2,9.07405285210379,2,True
hungary,2011Q3,18.20806145330589,2,True
hungary,2011Q4,16.80010797446912,2,True
hungary,2012Q1,11.506843688908964,2,True
hungary,2012Q2,11.740451623609168,2,True
hungary,2012Q3,10.253640235323635,2,True
hungary,2012Q4,10.989501637237446,2,True
hungary,2013Q1,10.163582104403517,2,True
hungary,2013Q2,9.883136827489414,2,True
hungary,2013Q3,11.155924639382102,2,True
hungary,2013Q4,9.787470335831403,2,True
hungary,2014Q1,10.392068280265006,2,True
hungary,2014Q2,9.082682205132276,2,True
hungary,2014Q3,9.440238419577613,2,True
hungary,2014Q4,9.448642688326059,2,True
hungary,2015Q1,9.68319865871665,2,True
hungary,2015Q2,9.225097693267713,2,True
hungary,2015Q3,9.22261328715845,2,True
hungary,2015Q4,9.028241909105912,2,True
hungary,2016Q1,9.056734865699166,2,True
hungary,2016Q2,9.814110524654042,2,True
hungary,2016Q3,9.091734464296692,2,True
hungary,2016Q4,6.265058090224972,2,True
hungary,2017Q1,9.056695151410228,2,True
hungary,2017Q2,9.032399631360251,2,True
hungary,2017Q3,7.640407027804226,2,True
hungary,2017Q4,6.5659953607876504,2,True
hungary,2018Q1,9.033686129504042,2,True
hungary,2018Q2,9.25063589583792,2,True
hungary,2018Q3,9.14076757403514,2,True
hungary,2018Q4,9.149753041339714,2,True
hungary,2019Q1,7.4193707865604575,2,True
hungary,2019Q2,7.085563552003433,2,True
hungary,2019Q3,8.600189237657045,2,True
hungary,2019Q4,9.03834816834917,2,True
hungary,2020Q1,16.13342154927437,2,True
hungary,2020Q2,11.198794091459568,2,True
hungary,2020Q3,9.487842599670333,2,True
hungary,2020Q4,9.32089908935798,2,True
hungary,2021Q1,9.017722186420158,2,True
hungary,2021Q2,9.01246971698108,2,True
hungary,2021Q3,9.00575337427054,2,True
hungary,2021Q4,9.268832197262942,2,True
hungary,2022Q1,20.16224630083118,2,True
hungary,2022Q2,13.867695567913758,2,True
hungary,2022Q3,12.512920566894588,2,True
hungary,2022Q4,10.529272301296706,2,True
hungary,2023Q1,10.11315740705512,2,True
hungary,2023Q2,9.308106987831634,2,True
hungary,2023Q3,9.166705360498803,2,True
hungary,2023Q4,9.3150400987213,2,True
hungary,2024Q1,9.0123748893696,2,True
hungary,2024Q2,9.010684418081503,2,True
hungary,2024Q3,9.129746380677217,2,True
hungary,2024Q4,9.001445897294483,2,True
hungary,2025Q1,9.112012069549127,2,True
hungary,2025Q2,9.21900938196782,2,True
hungary,2025Q3,8.016756818550709,2,True
hungary,2025Q4,5.791580255565138,2,True
hungary,2026Q1,9.229334882553754,2,True
hungary,2026Q2,9.348637606626944,2,True
hungary,2026Q3,6.024660064533017,2,True
poland,2004Q1,9.692002911356841,6,False
poland,2004Q2,9.951271615601927,6,False
poland,2004Q3,3.6987317562790487,6,False
poland,2004Q4,17.521858394982246,7,False
poland,2005Q1,5.208238728568586,7,False
poland,2005Q2,3.5133583434212645,7,False
poland,2005Q3,4.761952452587613,7,False
poland,2005Q4,4.9229145594575705,7,False
poland,2006Q1,7.444906690476837,7,False
poland,2006Q2,9.50683050318912,7,False
poland,2006Q3,6.85968566137432,7,False
poland,2006Q4,7.6875550205334315,7,False
poland,2007Q1,8.047249635221368,7,False
poland,2007Q2,6.042894136664584,7,False
poland,2007Q3,9.317110248639377,7,False
poland,2007Q4,11.455913661522246,7,False
poland,2008Q1,10.591741281346723,7,False
poland,2008Q2,7.649171569669875,7,False
poland,2008Q3,10.628413669128054,7,False
poland,2008Q4,16.803353081495707,7,False
poland,2009Q1,21.821256896557284,7,False
poland,2009Q2,15.34459761399676,7,False
poland,2009Q3,13.001321441349495,7,False
poland,2009Q4,10.504860249893595,7,False
poland,2010Q1,9.919678692442291,7,False
poland,2010Q2,10.892147536012757,7,False
poland,2010Q3,4.68541265300209,7,False
poland,2010Q4,4.363155328500846,7,False
poland,2011Q1,3.785575141866898,7,False
poland,2011Q2,2.247146252277279,7,False
poland,2011Q3,12.02376394602183,7,False
poland,2011Q4,9.918826184101198,7,False
poland,2012Q1,6.095320186281476,7,False
poland,2012Q2,8.296793776990604,7,False
poland,2012Q3,5.43421808185786,7,False
poland,2012Q4,2.6994344359593856,8,False
poland,2013Q1,4.626089548080083,8,False
poland,2013Q2,5.2458617081684595,8,False
poland,2013Q3,7.604035597901653,8,False
poland,2013Q4,5.932517027286417,8,False
poland,2014Q1,5.236350248332531,8,False
poland,2014Q2,3.1901387231916587,8,False
poland,2014Q3,3.6976490641892994,8,False
poland,2014Q4,2.6784452811356454,8,False
poland,2015Q1,6.96372661534211,8,False
poland,2015Q2,5.439988475699278,8,False
poland,2015Q3,9.726195280378164,8,False
poland,2015Q4,7.769332743641114,8,False
poland,2016Q1,9.886437206290518,8,False
poland,2016Q2,10.314937003093956,8,False
poland,2016Q3,9.583564864077369,8,False
poland,2016Q4,6.574988796943059,8,False
poland,2017Q1,9.585083681223214,8,False
poland,2017Q2,8.391717086467086,8,False
poland,2017Q3,3.7376043074895215,8,False
poland,2017Q4,4.624400138318335,8,False
poland,2018Q1,6.438495677298988,8,False
poland,2018Q2,6.323159235764866,8,False
poland,2018Q3,7.6065856577287745,8,False
poland,2018Q4,8.264066765021946,8,False
poland,2019Q1,3.624351443708386,8,False
poland,2019Q2,3.7513288213372946,8,False
poland,2019Q3,9.959472280063567,8,False
poland,2019Q4,9.647860317882827,8,False
poland,2020Q1,20.24002919428367,8,False
poland,2020Q2,18.049798613848267,8,False
poland,2020Q3,17.42977705510184,8,False
poland,2020Q4,18.306206479317005,8,False
poland,2021Q1,13.97465093606126,8,False
poland,2021Q2,11.088079288047494,8,False
poland,2021Q3,10.077693175429934,8,False
poland,2021Q4,10.601853876197179,8,False
poland,2022Q1,16.294151166530437,8,False
poland,2022Q2,15.176394589833835,8,False
poland,2022Q3,18.950307406940713,8,False
poland,2022Q4,12.929769809014587,8,False
poland,2023Q1,12.527514208033132,8,False
poland,2023Q2,10.870195051947867,8,False
poland,2023Q3,10.175703164092049,8,False
poland,2023Q4,10.223971578984132,8,False
poland,2024Q1,7.840347949974815,8,False
poland,2024Q2,9.176643396745078,8,False
poland,2024Q3,9.590421997927072,8,False
poland,2024Q4,9.622745471149111,8,False
poland,2025Q1,9.56752467725546,8,False
poland,2025Q2,10.968752317574312,8,False
poland,2025Q3,9.725687035059805,8,False
poland,2025Q4,3.737321553110553,8,False
poland,2026Q1,7.347153311549758,8,False
poland,2026Q2,8.014883757907704,8,False
poland,2026Q3,2.9500733291517025,8,False
pakistan,2006Q2,11.612034313430673,4,False
pakistan,2006Q3,9.653299412544827,5,False
pakistan,2006Q4,9.727544792950297,5,False
pakistan,2007Q1,10.006822295874986,5,False
pakistan,2007Q2,7.6565241381668265,5,False
pakistan,2007Q3,9.500386009482535,5,False
pakistan,2007Q4,9.48232388938606,5,False
pakistan,2008Q1,8.859393302873633,5,False
pakistan,2008Q2,11.657423162154057,6,False
pakistan,2008Q3,12.772984485904988,6,False
pakistan,2008Q4,21.3328310498499,6,False
pakistan,2009Q1,20.613341890342443,6,False
pakistan,2009Q2,16.434388052806042,6,False
pakistan,2009Q3,11.829562124530703,6,False
pakistan,2009Q4,11.337949833423872,6,False
pakistan,2010Q1,10.59730763271603,6,False
pakistan,2010Q2,12.153895936482098,6,False
pakistan,2010Q3,12.84678171158303,6,False
pakistan,2010Q4,10.898432454929077,6,False
pakistan,2011Q1,12.567069778189524,6,False
pakistan,2011Q2,11.390377435718603,6,False
pakistan,2011Q3,12.738489036672165,6,False
pakistan,2011Q4,12.13018237966768,6,False
pakistan,2012Q1,12.124229986818703,6,False
pakistan,2012Q2,10.8854790863241,6,False
pakistan,2012Q3,9.059526449279927,6,False
pakistan,2012Q4,7.112874479022321,6,False
pakistan,2013Q1,11.798989795688534,6,False
pakistan,2013Q2,10.633101348960944,6,False
pakistan,2013Q3,11.969261275439752,6,False
pakistan,2013Q4,8.31734935566094,6,False
pakistan,2014Q1,8.554650495640532,6,False
pakistan,2014Q2,8.97831961139639,6,False
pakistan,2014Q3,6.586491604900826,6,False
pakistan,2014Q4,4.24224879025546,6,False
pakistan,2015Q1,10.740854798431268,6,False
pakistan,2015Q2,9.950465743554147,6,False
pakistan,2015Q3,9.67203240164911,6,False
pakistan,2015Q4,6.730252187575538,6,False
pakistan,2016Q1,10.854612553800107,6,False
pakistan,2016Q2,9.629751010259657,6,False
pakistan,2016Q3,6.71239259273113,6,False
pakistan,2016Q4,5.84048411596401,6,False
pakistan,2017Q1,7.645666728991071,6,False
pakistan,2017Q2,10.787869472239388,6,False
pakistan,2017Q3,12.833678389819271,6,False
pakistan,2017Q4,11.113807741597572,6,False
pakistan,2018Q1,11.847426129532405,6,False
pakistan,2018Q2,10.478652011706037,6,False
pakistan,2018Q3,12.46121440114592,6,False
pakistan,2018Q4,15.996715319617332,6,False
pakistan,2019Q1,18.264522916369323,6,False
pakistan,2019Q2,16.68873864377606,6,False
pakistan,2019Q3,21.17924660790974,6,False
pakistan,2019Q4,16.981016366177403,6,False
pakistan,2020Q1,27.077588993304058,6,False
pakistan,2020Q2,24.00219054294242,6,False
pakistan,2020Q3,19.843084160535124,6,False
pakistan,2020Q4,16.42311807743671,6,False
pakistan,2021Q1,22.859922625157928,6,False
pakistan,2021Q2,20.904728623883553,6,False
pakistan,2021Q3,23.67271841310829,6,False
pakistan,2021Q4,24.601380662349996,6,False
pakistan,2022Q1,24.86269890478404,6,False
pakistan,2022Q2,32.197810801619575,6,False
pakistan,2022Q3,38.72562655944738,6,False
pakistan,2022Q4,34.19874007083305,5,False
pakistan,2023Q1,35.38797573148839,5,False
pakistan,2023Q2,36.26792158702106,5,False
pakistan,2023Q3,31.69719281273011,5,False
pakistan,2023Q4,33.796394391665004,6,False
pakistan,2024Q1,35.043794897534866,6,False
pakistan,2024Q2,28.89966352587682,6,False
pakistan,2024Q3,31.157230428621986,6,False
pakistan,2024Q4,26.12111187015215,6,False
pakistan,2025Q1,24.761080386683886,6,False
pakistan,2025Q2,30.73341197922283,6,False
pakistan,2025Q3,13.359222525334848,6,False
pakistan,2025Q4,10.761118226344927,6,False
pakistan,2026Q1,18.421474142244588,6,False
pakistan,2026Q2,14.544713501586124,6,False
pakistan,2026Q3,11.185585318812796,6,False
