date,country,GaR,prob_neg,ES,ER,mean,std,iqr_05_95,skew,kurt,GaR_st,mean_st,std_st,scale_st,alpha_st,nu_st,skew_st,sse_st,n_train,quarter
01/03/2010,BRAZIL,0.0676193313880661,0.0,0.0586223323229398,0.1302095417958655,0.0914581834031297,0.0126263992322076,0.0567137041211089,0.3046743201798393,2.263495882154737,0.0676413038715923,0.0934271326364028,0.0537782963995377,0.0119452941047163,0.8115803691959441,2.1,0.630162412348747,1.5165446608115986e-08,44,2010Q1
01/03/2011,BRAZIL,0.0309555306133264,0.0,0.0259321383086361,0.0973557628442138,0.0561329617089226,0.0123911102710894,0.0638239859541455,0.2378811421201654,1.467847861639778,0.0312776750222303,0.0585432875388583,0.0639062162664,0.0143365850817798,1.2597959331026964,2.1,0.7832398696987523,3.729045724667924e-06,64,2011Q1
01/03/2012,BRAZIL,-0.0009350359209211,0.0696966411808636,-0.0054586869632659,0.072031731860175,0.0227030573739973,0.0095767857562743,0.0723598395335275,0.5148778378721839,1.8897898718505968,,,,,,,,,84,2012Q1
01/03/2013,BRAZIL,0.0122624963777831,0.0,0.0116480570018287,0.083761544150497,0.0329679827634452,0.0087243835598936,0.0450231145459244,0.3488482986931346,2.2092885622682275,,,,,,,,,104,2013Q1
01/03/2014,BRAZIL,0.014333947389901,0.0,0.0112340285177266,0.0731883583093646,0.0356769730661013,0.0093331023038457,0.0395840578426115,0.4569824097976176,1.217686700930742,,,,,,,,,124,2014Q1
01/03/2015,BRAZIL,-0.0425369130055801,0.8756231025227806,-0.0473192638647265,0.0339067881941143,-0.0120388869234363,0.010041737440097,0.0572533396406194,-0.4490604494800982,1.4459455613376018,,,,,,,,,144,2015Q1
01/03/2016,BRAZIL,-0.0565230109491479,0.962829103494331,-0.0724675222846489,0.0156467984435291,-0.0397155597874873,0.0100297696238819,0.0400300273391505,-0.2802701556245286,1.1463773753220017,,,,,,,,,164,2016Q1
01/03/2017,BRAZIL,-0.0101328752826144,0.2373486191802717,-0.0140100038144698,0.0304245219377362,0.0073306878395456,0.0107722972817681,0.0402313083487324,0.1280677421909798,1.345077508835399,,,,,,,,,184,2017Q1
01/03/2018,BRAZIL,-0.0114903538119094,0.0973032250546978,-0.0169951482211931,0.0637760097684348,0.021018200009275,0.0119269417136637,0.0588329167072501,-0.0324114138136861,1.4340154136532428,,,,,,,,,204,2018Q1
01/03/2019,BRAZIL,-0.0094625860293867,0.1402861610439864,-0.010867741277995,0.0390288596054239,0.0124206718195889,0.0103403891322271,0.0403795352356767,-0.0724933368088058,1.4956920611734028,,,,,,,,,224,2019Q1
01/03/2020,BRAZIL,-0.0471121783793168,0.5880922173623867,-0.0690602982350901,0.0981546315445884,-0.0088068610200387,0.0354453645472036,0.0757679840645725,0.1569308694448955,0.5666440782948803,,,,,,,,,244,2020Q1
01/03/2021,BRAZIL,-0.0090468485135611,0.0878372707495577,-0.0129354978446017,0.0581158361878279,0.0210046147257259,0.0126038431195432,0.0558813935383148,0.1753378092642847,1.357410877715358,,,,,,,,,264,2021Q1
01/03/2022,BRAZIL,-0.0284520540122802,0.2961296803969805,-0.041901381099296,0.0672124876261863,0.0102117335085268,0.0186851748948669,0.0768979840938353,-0.0745376100069071,1.553523627341826,,,,,,,,,284,2022Q1
01/03/2023,BRAZIL,0.0024907996779302,0.0439301255468038,-0.0077680602751726,0.0946214647406367,0.0395270442818914,0.014521111347525,0.0723513930457293,0.0324946500906062,1.4416906338965865,,,,,,,,,304,2023Q1
01/03/2024,BRAZIL,0.0147404106115759,0.0,0.0087188724165453,0.0879937462543128,0.038088916827236,0.0091820243116345,0.0484167570487046,0.0833898755957407,1.2166000418849512,,,,,,,,,324,2024Q1
01/03/2025,BRAZIL,0.0023771480995301,0.0458630843068496,-0.0119883132480755,0.0884860275646287,0.0395055084587377,0.0127488796842096,0.0702046698891254,0.1329653569464634,1.556127261502252,,,,,,,,,344,2025Q1
01/03/2026,BRAZIL,-0.0235882911146177,0.1695978193028468,-0.042143791237474,0.0922189593268749,0.0206183245088489,0.0180914055179658,0.0935053415736426,0.0526061562935018,1.634677021007081,,,,,,,,,363,2026Q1
01/06/2010,BRAZIL,0.0138233706245375,0.0,0.0134385487654249,0.0771451611827594,0.0546000892968345,0.0168858984059716,0.0622434062692055,-0.2463072127514026,1.143816747697265,0.0132768335751166,0.0508782293385818,0.0690759309282539,0.0156437266438539,-2.071745613433952,2.100043483158442,-0.9005776830174885,5.3098454446204005e-06,49,2010Q2
01/06/2011,BRAZIL,0.0287761601309914,0.0,0.0266635047668038,0.0956104726991841,0.0505274138972251,0.0112466642626357,0.0636390765004611,0.4777251355922874,1.5969767622061026,0.0292687386879533,0.0545866911169039,0.0680765928298604,0.0154090801637926,2.0272353482124137,2.1,0.8968239231049273,9.819680620343006e-06,69,2011Q2
01/06/2012,BRAZIL,-0.0093988499414707,0.2197271671321384,-0.0220381543441249,0.0597214180688196,0.0108023078013197,0.0119930751946988,0.06839070967868,0.2205770409704061,1.5041220542540603,,,,,,,,,89,2012Q2
01/06/2013,BRAZIL,-0.0004642581574293,0.0602900407732079,-0.0018809438262568,0.0699072095954762,0.0306640032579575,0.0153388940168331,0.068232416465082,-0.0854128729698456,1.2252050014988494,,,,,,,,,109,2013Q2
01/06/2014,BRAZIL,-0.0231318075891143,0.2832536376442242,-0.0258139035216553,0.0542334531129512,0.0060999235543901,0.0091330743563492,0.0526295508001237,0.1754029630914045,1.6810376420813045,,,,,,,,,129,2014Q2
01/06/2015,BRAZIL,-0.0462311361015051,0.8712845247312038,-0.0513635875737818,0.0507816072352637,-0.012377298830262,0.0125958407476943,0.0729773879919277,-0.0681669048550578,1.4740231799755223,,,,,,,,,149,2015Q2
01/06/2016,BRAZIL,-0.0419053318107034,0.91682659688353,-0.0527958806909368,0.0227114086113069,-0.0209808147566749,0.0122406298386421,0.04714298218317,-0.2134328329900016,1.1789998211487638,,,,,,,,,169,2016Q2
01/06/2017,BRAZIL,-0.0045351620583104,0.1517999013333899,-0.008036881859627,0.0321778168361457,0.0106520279028523,0.0104611015945446,0.0336216215458727,-0.0748005710446826,1.2993152377671402,,,,,,,,,189,2017Q2
01/06/2018,BRAZIL,-0.0049796175350685,0.0965502594640562,-0.0115021694218307,0.0462082829931806,0.0162617186816529,0.0121348285277086,0.0429616123994583,0.0627688020452455,1.091912811959001,,,,,,,,,209,2018Q2
01/06/2019,BRAZIL,-0.0093799738085155,0.131477577421277,-0.0130486528804566,0.0466714299030701,0.0151314984415719,0.0103358129228202,0.0451700612633546,-0.0446624889650187,1.628054256612633,,,,,,,,,229,2019Q2
01/06/2020,BRAZIL,-0.1431987703049954,1.0,-0.2171745254542856,-0.0071260849344808,-0.0961616179474943,0.0171240165030588,0.0754375030502549,0.0793653826055256,1.6433143335449183,,,,,,,,,249,2020Q2
01/06/2021,BRAZIL,0.0686656410059039,0.0,0.0653990713211059,0.1308311091130972,0.1025035408326467,0.0099087007017351,0.0522200781401879,-0.4731556359597242,1.5497219972218828,,,,,,,,,269,2021Q2
01/06/2022,BRAZIL,-0.0334440079206739,0.1973234128983429,-0.0580525841508596,0.0734131341866028,0.021596660899663,0.0228617426082216,0.1006664841474825,-0.2306560168878508,1.784985605184209,,,,,,,,,289,2022Q2
01/06/2023,BRAZIL,0.0062701052639302,0.0,0.0003871561533486,0.0924645403021966,0.0351585045257064,0.0131232673281062,0.0576321342391605,0.0445695127939451,1.1506445975066744,,,,,,,,,309,2023Q2
01/06/2024,BRAZIL,-0.0056263897938722,0.0855259935418278,-0.0120868280247998,0.0793130618739835,0.0290205930592136,0.0149174853156191,0.0669009217280769,-0.112144439757066,1.3763921114126076,,,,,,,,,329,2024Q2
01/06/2025,BRAZIL,0.0048741738937501,0.0361030083497311,-0.0038942236422299,0.0806495264758924,0.0309417246104402,0.0107577925929708,0.0540101115980069,0.0858574872615915,1.1623435780715896,,,,,,,,,349,2025Q2
01/09/2010,BRAZIL,0.04996007966457,0.0,0.0264722581898923,0.1040684520915264,0.0715893377657252,0.0106430852507231,0.0538133364200763,0.3569530526737096,2.507294817451778,0.0501986164235844,0.0744383592486005,0.0505711119026134,0.0112332752344619,0.8127909477736577,2.100000000000068,0.6307286125448542,1.7939587691717888e-06,54,2010Q3
01/09/2011,BRAZIL,-0.0155343190907843,0.2036474604422136,-0.0461353683029256,0.0484979890178784,0.016979373363445,0.0132174876380533,0.0639949377962497,-0.654896106657205,2.1136421461917414,-0.0153351998609508,0.0174160443340977,0.0558260991199681,0.0122213716302306,-0.2803240919173428,2.1000000000000125,-0.2699192888852345,8.919093173514676e-07,74,2011Q3
01/09/2012,BRAZIL,0.0101417885991805,0.0,0.010123395096177,0.0816820502786365,0.032033568007178,0.0095516431304347,0.0692620196730981,0.3222721255689124,1.57683932030576,,,,,,,,,94,2012Q3
01/09/2013,BRAZIL,-0.0039924873381956,0.0785581028239098,-0.0045105181799699,0.0604954618397655,0.0242669550880618,0.0093854390748426,0.0476593696954665,0.2123430581270647,1.2645662878757835,,,,,,,,,114,2013Q3
01/09/2014,BRAZIL,-0.0307851583796118,0.4370243901729004,-0.0381168876630172,0.0530966104742639,0.0018814423829956,0.0114060051364462,0.0612997867242836,-0.1366171139533084,1.3870924169318284,,,,,,,,,134,2014Q3
01/09/2015,BRAZIL,-0.062195138037238,0.96436719396383,-0.081344251922223,0.0123525296323253,-0.0411549335291447,0.012353513089285,0.0455042298641871,-0.4032702720815349,1.492167730337106,,,,,,,,,154,2015Q3
01/09/2016,BRAZIL,-0.0329032653172826,0.9050397844919398,-0.0413619604668306,0.0293900999584716,-0.0130630516179827,0.0091206708595514,0.0444720435131747,0.0193953555802253,1.707357746739515,,,,,,,,,174,2016Q3
01/09/2017,BRAZIL,0.0052694124589058,0.0,0.0002144015125619,0.039168816965922,0.0195570896097612,0.0086998991475558,0.0296978085587528,0.0248101420604463,1.4524155988389074,,,,,,,,,194,2017Q3
01/09/2018,BRAZIL,0.0020792323003858,0.0357175926108362,-0.0015602667065591,0.041588402498171,0.0210222267796422,0.0101299312566744,0.0384331044796661,0.035310910223695,1.2426288264984788,,,,,,,,,214,2018Q3
01/09/2019,BRAZIL,-0.0115890532829594,0.136207410762976,-0.0159049489734894,0.0497285261372685,0.0146004833671785,0.010377504157478,0.0476651550822394,-0.0296775123916932,1.7374946299855272,,,,,,,,,234,2019Q3
01/09/2020,BRAZIL,-0.052171154027284,0.8447249992194594,-0.1173180565436261,0.0293247310643278,-0.0202610449527592,0.0110966444758268,0.0685937379530522,0.1249540573019805,2.454499355878445,,,,,,,,,254,2020Q3
01/09/2021,BRAZIL,-0.0040701905896662,0.0770602667755597,-0.0311518937553328,0.0920368200025277,0.0384153563150435,0.0155437227558002,0.0789771992572895,0.0113837046344595,1.5058927759346523,,,,,,,,,274,2021Q3
01/09/2022,BRAZIL,-0.0222129669733128,0.1165784154298393,-0.0530339240453347,0.0834825853731979,0.0331040249121193,0.0202844346043636,0.1004002969188764,-0.0898507897970985,1.8232372623075768,,,,,,,,,294,2022Q3
01/09/2023,BRAZIL,-0.001730572779449,0.0723367317902831,-0.0099554588852066,0.0836833567344844,0.0258168548922379,0.011982556899052,0.0587406630457269,0.1082227477865408,1.2397248088924486,,,,,,,,,314,2023Q3
01/09/2024,BRAZIL,0.0003532233171782,0.0489248920079534,-0.0078604473045469,0.0782311336378191,0.0282856314302031,0.0110978742635899,0.0575028438343576,0.1129549103086297,1.3719087846896627,,,,,,,,,334,2024Q3
01/09/2025,BRAZIL,0.0015988079577245,0.044805882081279,-0.006096473429525,0.0750193261693395,0.0250287502215739,0.0101376266955572,0.0484327577484633,0.1149032648700888,1.1437636361689747,,,,,,,,,354,2025Q3
01/12/2010,BRAZIL,0.0443947960015794,0.0,0.0325202368675042,0.1042711675764878,0.0659550076168997,0.0118857802169807,0.057055056904382,0.7348386382139208,2.462579563775188,0.0445586102709233,0.0694331416845875,0.0563774538758321,0.0126144292017489,1.1205567619493877,2.1,0.7461020771830054,9.05157976465084e-07,59,2010Q4
01/12/2011,BRAZIL,0.0040502807002569,0.040763172196385,-0.0069120344645656,0.0697532434449762,0.0267646318040752,0.0134705452652417,0.0638508096138289,0.189549817059429,1.497461918659789,,,,,,,,,79,2011Q4
01/12/2012,BRAZIL,0.0147215032106498,0.0,0.0146989297778126,0.0865120232682883,0.0359410791998404,0.009634109726196,0.063433917281132,0.4669490544547077,1.9158435250778765,,,,,,,,,99,2012Q4
01/12/2013,BRAZIL,0.0026900946811996,0.0,0.00056446820643,0.0646687101064435,0.0262452234695881,0.0070788195828253,0.0400763031718863,0.1360397531051134,1.3282204519119565,,,,,,,,,119,2013Q4
01/12/2014,BRAZIL,-0.0441529643693491,0.5933355894211639,-0.0484854717262977,0.0375813281269634,-0.0040683806384119,0.0118318462304659,0.0670602272678977,-0.309147618367233,1.294045269374868,,,,,,,,,139,2014Q4
01/12/2015,BRAZIL,-0.0669144371418081,0.9570189620990448,-0.0789551976430753,0.0261412371208639,-0.0407250863193353,0.0128527483860825,0.0567101122533244,-0.1879948582034309,1.386775512321559,,,,,,,,,159,2015Q4
01/12/2016,BRAZIL,-0.0329503407232081,0.9016560880316076,-0.03756881106257,0.0320367441506265,-0.012509689828865,0.0115844107972237,0.0438298346583067,-0.0473713533301274,1.4176015892188691,,,,,,,,,179,2016Q4
01/12/2017,BRAZIL,0.0072653726635917,0.0,0.0037027938486759,0.0466237280511675,0.0268378421179403,0.0095651499575313,0.0381584245582344,0.0901191345225472,1.480486761277408,,,,,,,,,199,2017Q4
01/12/2018,BRAZIL,-0.0233444285187488,0.13623955921719,-0.0286829997478553,0.0788686309785767,0.0191243503480867,0.0135039555540049,0.0732499762980681,-0.0475608433016714,1.530229444564688,,,,,,,,,219,2018Q4
01/12/2019,BRAZIL,-0.003234583920956,0.0700930916512551,-0.0070638744329406,0.0475656123362977,0.0194624460197331,0.0095915110087851,0.0431760572679303,-0.0029863105466457,1.7585034436943807,,,,,,,,,239,2019Q4
01/12/2020,BRAZIL,-0.0204108535510536,0.138964269178966,-0.0250587773389076,0.0519945066168258,0.0097059138302547,0.0083151945007032,0.0575214696580314,0.8082438321939521,2.075558854129152,,,,,,,,,259,2020Q4
01/12/2021,BRAZIL,-0.016775790466093,0.2072571328032354,-0.0275704228470547,0.0729562117383392,0.0148718615394565,0.0156791316575411,0.0647976255466417,-0.0011221019255871,1.369975832000374,,,,,,,,,279,2021Q4
01/12/2022,BRAZIL,-0.0140586907207361,0.1179175483356127,-0.0272044878459482,0.0808266759258868,0.0249268473123697,0.016238159002995,0.0772109938096487,0.0747578510415006,1.5768901943351794,,,,,,,,,299,2022Q4
01/12/2023,BRAZIL,0.0081364257667214,0.0,0.0033718787364235,0.0875778787509072,0.0286974425355405,0.0085475006345252,0.0477465476054762,0.0890804046778912,1.1874061492147403,,,,,,,,,319,2023Q4
01/12/2024,BRAZIL,-0.0016465771296676,0.0598345509441577,-0.0087472634415635,0.0891444800548791,0.0392968926022128,0.0163594888976437,0.0745212653177246,-0.1204235876427224,1.4703734587179198,,,,,,,,,339,2024Q4
01/12/2025,BRAZIL,0.0022005636793708,0.0399958633899161,-0.0032985707415664,0.0747191551750646,0.0247070003794277,0.0102649636538801,0.0460410917384113,0.0856857014399622,1.1464253397573616,,,,,,,,,359,2025Q4
01/03/2010,CHILE,0.026632298543548,0.0,0.0258646599398112,0.0924567719496407,0.0420674852583458,0.0112860853862407,0.0658244734060926,0.5397799671762097,1.4183297839902127,0.0256454517057115,0.0490541345763151,0.0795609624290531,0.0181772223491325,92348.9691205626,2.1,0.999999999941372,2.5565924623400143e-05,44,2010Q1
01/03/2011,CHILE,0.0630602249289498,0.0,0.0499924842589452,0.1217019128462232,0.0842954249680966,0.0101220414142316,0.0579984853811229,0.1729527402888566,1.5185500471022269,0.0635401801610404,0.0870958516220497,0.0605792515183185,0.0136766185788602,1.728850273125345,2.100000000020766,0.8656245039061767,8.45085152519812e-06,64,2011Q1
01/03/2012,CHILE,0.0402508514231742,0.0,0.0380056549698266,0.1059369037323451,0.060861066668655,0.0079221388636682,0.0652353696345572,0.6175544092142533,2.0890543358963587,,,,,,,,,84,2012Q1
01/03/2013,CHILE,0.033478271688812,0.0,0.0323505064022545,0.1068536846648851,0.0517348664558414,0.0075683111812222,0.0457842302062715,0.4298766086324792,2.7506338456728883,,,,,,,,,104,2013Q1
01/03/2014,CHILE,0.0130200958825847,0.0253373520597543,-0.0001780975090278,0.0717923737688606,0.0284111770921674,0.0080852288009676,0.0348135987205135,0.3036056695243558,1.5039353976011596,,,,,,,,,124,2014Q1
01/03/2015,CHILE,-0.0013326365569947,0.0526722379004296,-0.0052573050178701,0.0792435199513052,0.0300927882276522,0.0115347383433527,0.0608749124050738,-0.0268356209795825,1.3771617815935866,,,,,,,,,144,2015Q1
01/03/2016,CHILE,0.0078017365953751,0.0,0.0034223384983602,0.0788331573690226,0.0336454250717639,0.0097812722361427,0.0491571311671557,-0.1775880609086162,1.3798111847207235,,,,,,,,,164,2016Q1
01/03/2017,CHILE,-0.0121950618186506,0.3785956092429733,-0.0133769677029811,0.02607222234196,0.0033683063054638,0.0116116872452551,0.0373563975499174,-0.0127167575545283,1.102397545302208,,,,,,,,,184,2017Q1
01/03/2018,CHILE,0.012021535825521,0.0,0.0062818061936161,0.0879506880610085,0.0450638199372575,0.0116771685202867,0.0595466762503755,-0.0342002447586488,1.4783588129804366,,,,,,,,,204,2018Q1
01/03/2019,CHILE,-0.0012566491478256,0.0839087213432039,-0.0013602157511423,0.0444389295447362,0.0180560286934213,0.0104502291767314,0.0356061937666238,-0.2570981615180532,1.462929723994912,,,,,,,,,224,2019Q1
01/03/2020,CHILE,-0.048197637547844,0.5840368533937864,-0.0643399946766965,0.1005992988330531,-0.008640872746844,0.0355495643038687,0.0759864053364768,0.0604592710557523,0.597318164119965,,,,,,,,,244,2020Q1
01/03/2021,CHILE,-0.0088325805745135,0.104734448695321,-0.0156659907935412,0.0536252853225455,0.0181580392750504,0.0123801802826216,0.0537340878642081,0.3235388397837194,1.3557648221965977,,,,,,,,,264,2021Q1
01/03/2022,CHILE,0.0048278691604156,0.0425104709874277,-0.0112875272560723,0.1012886829765858,0.0463923684153144,0.0184993543543928,0.0781248048855158,-0.1335732758998157,1.5111174789515256,,,,,,,,,284,2022Q1
01/03/2023,CHILE,-0.0125892846901959,0.1848734058828772,-0.0169439279391449,0.0745971588850254,0.014841099715039,0.0146050627476856,0.0635837702097098,0.14524690838513,1.4592592668111477,,,,,,,,,304,2023Q1
01/03/2024,CHILE,-0.0014364821974248,0.0615948989423084,-0.0029208830331356,0.0680669032510103,0.0159925757518477,0.0110577101674172,0.0453028443195261,0.0437136391994908,1.2052038282131965,,,,,,,,,324,2024Q1
01/03/2025,CHILE,0.0017773664182727,0.0459169673968593,-0.0091052702823598,0.0828528879323151,0.0330015631937961,0.0128539696886526,0.0649384633093551,0.1583682848255442,1.5258906505666916,,,,,,,,,344,2025Q1
01/03/2026,CHILE,-0.0367378637163937,0.3948450872583638,-0.0487169681197202,0.0755581924126429,0.0055160073892265,0.0202822322104515,0.0925861074761222,0.0101665473691782,1.6624130263883974,,,,,,,,,363,2026Q1
01/06/2010,CHILE,-0.0019717419768626,0.1020704884789569,-0.0020480280801432,0.0535266569115846,0.0335530816805763,0.0182448286212883,0.0548160329664575,-0.4575636780868445,1.1318272288562057,0.0023356126664369,0.0301180818390529,0.016889301531143,0.0168906699143874,-0.0159630166391055,12572825.625367915,-0.0159609831965248,8.960081783334717e-05,49,2010Q2
01/06/2011,CHILE,0.0540651100507923,0.0,0.0426917792465874,0.1108632668563325,0.0696019537836838,0.0090978096255168,0.0491467273997242,0.4883904986496156,1.5861590164341988,0.0543298355733461,0.0728244620547545,0.0558523663076587,0.0127114502364998,3.380232607258997,2.1,0.9589178282592488,5.023088850516592e-06,69,2011Q2
01/06/2012,CHILE,0.043878713966869,0.0,0.0401972480514886,0.109618858918997,0.0650758945907392,0.0089580582957832,0.0646043635906372,0.2771603687160467,1.6900423980026615,,,,,,,,,89,2012Q2
01/06/2013,CHILE,0.0023311334361034,0.0,0.001053970963717,0.0793129369577463,0.0316700915377662,0.0142237852461545,0.0744559443423687,-0.1210218817033745,1.5402106974525402,,,,,,,,,109,2013Q2
01/06/2014,CHILE,0.0045515816551174,0.0,0.0035770024182137,0.0820938824755853,0.029604067174488,0.0091838997273922,0.0503169949874233,0.4185928348665423,1.742073915293159,,,,,,,,,129,2014Q2
01/06/2015,CHILE,-0.0077005057063339,0.0660673758787298,-0.0086879808862056,0.0781881514001909,0.0272343566555627,0.0126234897406272,0.068624140385975,0.0232961816013856,1.3661418408728556,,,,,,,,,149,2015Q2
01/06/2016,CHILE,-0.0060115668223912,0.1049215785601786,-0.0127888298661382,0.0651057387942314,0.0201071043426374,0.0116683614130969,0.0530634968060063,-0.1348813733069138,1.2951119331645156,,,,,,,,,169,2016Q2
01/06/2017,CHILE,-0.0020891395977428,0.1213483373699072,-0.002601878104628,0.0350334089784499,0.0133486941106651,0.0104341462884585,0.0357105482742495,-0.1577027780498703,1.351725516207522,,,,,,,,,189,2017Q2
01/06/2018,CHILE,0.0295240280684024,0.0,0.0191513449929379,0.0832538304778195,0.0523928209800997,0.0113634499655548,0.0456058777590012,0.1373495424783933,1.285298541936437,,,,,,,,,209,2018Q2
01/06/2019,CHILE,-0.0038935875941742,0.0880917747894593,-0.0041235239851556,0.0488182643083814,0.0179515706750728,0.0107756260292822,0.0395010898926178,-0.2466742852432023,1.5264113167607638,,,,,,,,,229,2019Q2
01/06/2020,CHILE,-0.1605230174139363,1.0,-0.2349579700118723,-0.0205517940324648,-0.113431582906305,0.0129398114167188,0.0707120422510519,0.0110023407920622,1.7471537082249684,,,,,,,,,249,2020Q2
01/06/2021,CHILE,0.0790498347934979,0.0,0.0782488810305596,0.1481316279254502,0.1209223499421325,0.0154141267131746,0.0643484910805441,-0.532929900422122,1.5136454246495472,,,,,,,,,269,2021Q2
01/06/2022,CHILE,0.0026072174477466,0.0478989911054998,-0.0284161810558447,0.0966884460119946,0.0430834591270538,0.0157201793011495,0.0804537404835513,0.062969091631248,1.5546199673426222,,,,,,,,,289,2022Q2
01/06/2023,CHILE,-0.0028390540206502,0.0799851740920876,-0.0038003929033052,0.0764300765718032,0.0146140814603782,0.0114601872172309,0.046110373055123,0.2916100263800503,1.0085324760300014,,,,,,,,,309,2023Q2
01/06/2024,CHILE,-0.0008144554724127,0.0578873635655649,-0.0052888266579479,0.0734058341835489,0.0224205158691112,0.0114658454846764,0.0538905690010964,0.0990227682101463,1.3381740156385715,,,,,,,,,329,2024Q2
01/06/2025,CHILE,0.0186833858652686,0.0,0.0100907696028833,0.0915522813089159,0.0417355620261709,0.0096883038754833,0.0503248811516447,0.1700097674217412,1.1267409607418504,,,,,,,,,349,2025Q2
01/09/2010,CHILE,0.046659155966225,0.0,0.0300647368546418,0.1021629869770519,0.0684460261929829,0.011691614320172,0.0537845302524351,0.3843786639881367,2.255464945330899,0.0467257298253664,0.071113112703231,0.0509541255284774,0.0113199117226637,0.8179386850178867,2.1,0.6331250516074962,1.419552305329451e-07,54,2010Q3
01/09/2011,CHILE,-0.0119456252358564,0.2001846572809596,-0.0356139734932111,0.0549282697448031,0.021374815320984,0.0151255715010516,0.0668212674359692,-0.5014073663863954,1.8894237425609155,-0.0119456253298947,0.0222702897141156,0.0402620650951849,0.0130682222259987,-0.2115641001981737,2.233536760291947,-0.2069826000564084,1.5878557600711667e-20,74,2011Q3
01/09/2012,CHILE,0.0517139397700096,0.0,0.0451550988246962,0.1153694223109706,0.0691662319692586,0.0088014202058225,0.0616704402790857,0.444213598217664,1.616100240723398,,,,,,,,,94,2012Q3
01/09/2013,CHILE,0.0113931771872509,0.0,0.0110877272097042,0.0836077351394957,0.0358742759873313,0.010460653260805,0.0546289469388686,0.1320316831229563,1.5406549132824725,,,,,,,,,114,2013Q3
01/09/2014,CHILE,-0.0112390892352492,0.0668180627755891,-0.0175149958213837,0.0770183707072285,0.0226182436448832,0.0116556924439367,0.0641836313290209,-0.0603586216141206,1.395014485148671,,,,,,,,,134,2014Q3
01/09/2015,CHILE,-0.0118658141757895,0.1023311460787298,-0.0181605351585507,0.0828858486261042,0.0264111626780516,0.014715960148849,0.0685986559163066,-0.0691315404908881,1.3736914734189924,,,,,,,,,154,2015Q3
01/09/2016,CHILE,0.0030687104671362,0.0318095615210358,-0.0011487668502535,0.0656633708695296,0.0257603534968858,0.0089725903219465,0.0472866042576644,0.0535788354095426,1.6031283901676088,,,,,,,,,174,2016Q3
01/09/2017,CHILE,0.0096206680790025,0.0,0.0090351060236103,0.0428027481759775,0.0236093631175895,0.0088157862550589,0.0301069381648747,-0.2125281538542876,1.4324303563720882,,,,,,,,,194,2017Q3
01/09/2018,CHILE,0.0105299086000373,0.0,0.0096480543300762,0.0450872388138725,0.0256357993268252,0.0107786500642834,0.033255932969069,-0.0906622331276426,1.067674348229277,,,,,,,,,214,2018Q3
01/09/2019,CHILE,0.0090687058952506,0.0,0.0064200250807038,0.0641407684029691,0.0323776141127239,0.0114432228232887,0.0429287557901925,0.0112473001091407,1.4670585488177024,,,,,,,,,234,2019Q3
01/09/2020,CHILE,-0.0936874480072964,1.0,-0.1762307985897337,-0.0113244494703892,-0.0582554784080871,0.012341293761937,0.0782543391859593,-0.0461185972424347,2.8754865234593177,,,,,,,,,254,2020Q3
01/09/2021,CHILE,0.0257918625054844,0.0,0.0066808277961353,0.1456828661285699,0.0991104366439518,0.0228091292143728,0.1128716049459762,-0.4366236866803376,1.6221213494059252,,,,,,,,,274,2021Q3
01/09/2022,CHILE,-0.0216742166822358,0.1429995729228541,-0.0512991286852266,0.0732966455697873,0.0172062163327486,0.0161296974311097,0.0819985287545835,0.196566267617041,1.7992891344868194,,,,,,,,,294,2022Q3
01/09/2023,CHILE,-0.0188791008397784,0.2867295674249724,-0.0221570577315772,0.0712965625375289,0.0113524801789334,0.0166994539806839,0.0661929663794918,-0.0259295809062302,1.389592407116027,,,,,,,,,314,2023Q3
01/09/2024,CHILE,0.0049225931631416,0.0277475063732967,-0.0006077905836426,0.0803586674342192,0.0298402057205201,0.0115050659330399,0.055153017302804,0.1030099454965763,1.344876776217289,,,,,,,,,334,2024Q3
01/09/2025,CHILE,0.0115658131770206,0.0,0.004807942760544,0.0803856299882254,0.0300773068129221,0.0091893825231301,0.0419457979403617,0.2094853646736608,1.0475490042925228,,,,,,,,,354,2025Q3
01/12/2010,CHILE,0.0523659755155891,0.0,0.0440005390049173,0.1130166711122287,0.0745084427845496,0.0125604431750589,0.0605377749222603,0.6915595966825064,2.318781811164024,0.0525584926540295,0.0784298744450263,0.0612342692255904,0.0137472047758192,1.3026713937300105,2.1,0.7932283117728209,1.2202656929517265e-06,59,2010Q4
01/12/2011,CHILE,0.034689958066382,0.0,0.0232555118558048,0.0988719965863371,0.0563402821647768,0.0133182972962992,0.0637711378533522,0.2456176612528921,1.56895115780916,,,,,,,,,79,2011Q4
01/12/2012,CHILE,0.0357880280248333,0.0,0.0348454440415178,0.1062803408742604,0.0587679766159067,0.009995493081037,0.0573765791113365,0.4028515633123774,1.8408252375975696,,,,,,,,,99,2012Q4
01/12/2013,CHILE,0.015903590695924,0.0,0.0143940074380286,0.0864774164888942,0.0368536465093677,0.0094871211863771,0.0444446439327161,0.1670957253044148,1.3537203984584711,,,,,,,,,119,2013Q4
01/12/2014,CHILE,-0.0185877549965473,0.095450771166008,-0.0194474941893844,0.0698833822493596,0.0208443000252956,0.0120228523568896,0.0697193606943919,-0.1276467802490996,1.224445209305132,,,,,,,,,139,2014Q4
01/12/2015,CHILE,-0.0079591488443033,0.0829274263172222,-0.0106183216019691,0.0756154789038758,0.0235827970466106,0.0118183617559463,0.0577914857808506,-0.1228138568498922,1.4564354376327195,,,,,,,,,159,2015Q4
01/12/2016,CHILE,-0.0037343910315668,0.1342706159568575,-0.0069314007226237,0.056008502426817,0.0147788183062988,0.0116902753754377,0.0406478965270769,-0.0126527525361184,1.310917531918954,,,,,,,,,179,2016Q4
01/12/2017,CHILE,0.0160665230623687,0.0,0.0153675628447701,0.0517403956594251,0.0328684251218441,0.0101233203886217,0.0348739598900888,-0.0829486878972186,1.3418191696354873,,,,,,,,,199,2017Q4
01/12/2018,CHILE,-0.00367478661421,0.0679345319409624,-0.0082936786434966,0.0958491245085128,0.0372018674956154,0.014082630262484,0.0709956655058465,-0.0775727487254472,1.4422817999787088,,,,,,,,,219,2018Q4
01/12/2019,CHILE,-0.0322989281262839,0.9649322485265224,-0.0351657318684186,0.0048668487605681,-0.0177032542298743,0.0127476917073293,0.0250805342847941,-0.2269629444454596,0.9261105635383976,,,,,,,,,239,2019Q4
01/12/2020,CHILE,-0.0154835307262678,0.1306736452244272,-0.036244920540067,0.0593116199607815,0.0153500302220856,0.0113686565662136,0.0615733776919625,0.4931173370076732,1.8310634672573565,,,,,,,,,259,2020Q4
01/12/2021,CHILE,0.001585689969659,0.0384394289724594,-0.0018434009590707,0.1128181441695429,0.0619373676353486,0.0269255382173857,0.0999307749734899,-0.5440160241626804,1.5370131543744745,,,,,,,,,279,2021Q4
01/12/2022,CHILE,-0.0201877563690378,0.5758607213146479,-0.0309230235016865,0.0642338950910968,0.002310524705917,0.0125178080469266,0.0594990862728009,0.4207385487680388,1.5145285762370797,,,,,,,,,299,2022Q4
01/12/2023,CHILE,-0.0072837702090293,0.1857446249698502,-0.0083767569286801,0.0754590846514932,0.0141474661320053,0.0127710491970865,0.0525573183081196,-0.0454029351420539,1.312166050554282,,,,,,,,,319,2023Q4
01/12/2024,CHILE,0.0135112423493451,0.0,0.0051558947550578,0.0909470512748272,0.0411140459007249,0.0112036957140138,0.0573379309995162,0.1240364435116815,1.391195258562525,,,,,,,,,339,2024Q4
01/12/2025,CHILE,0.0151761079246191,0.0,0.0094930530400014,0.0799485143210265,0.0296803497902089,0.0082569343581292,0.0351986971803511,0.2522781973571375,0.9083113265164152,,,,,,,,,359,2025Q4
01/03/2010,COLOMBIA,0.0458627017075521,0.0,0.0399294777409842,0.1108288297345416,0.0613639093609765,0.0108471832447149,0.0649661280269894,0.5855899662679445,1.5305242984954852,0.0445527592331388,0.0677040116352548,0.0786860129090093,0.017977323410208,96762.79161131062,2.1,0.9999999999465984,3.062297212636428e-05,44,2010Q1
01/03/2011,COLOMBIA,0.0454951798952746,0.0,0.0447179013371364,0.1214062567495551,0.0764190952743492,0.0142444720050441,0.0721711976907043,0.2110423772902352,1.4942748114949065,0.0458174267093331,0.078298251557914,0.0678761005081891,0.0150795212070561,0.8185408978971263,2.1,0.6334042185781253,3.3321484738407283e-06,64,2011Q1
01/03/2012,COLOMBIA,0.0649815748411078,0.0,0.059329461159612,0.1220550410392104,0.0787904037443095,0.0064910259056852,0.0563225632176618,0.7789908226172398,2.3344471719491446,,,,,,,,,84,2012Q1
01/03/2013,COLOMBIA,0.0221717007228853,0.0,0.0206669050866436,0.0986664404343446,0.037751638669321,0.0061910989386296,0.0479058899385066,0.497706001087467,3.6572318979275673,,,,,,,,,104,2013Q1
01/03/2014,COLOMBIA,0.0540106426563972,0.0,0.0458347343075512,0.1076897648279487,0.0722600979502845,0.0099797604973512,0.0385225110289872,0.6237351032412936,1.0809271657444763,,,,,,,,,124,2014Q1
01/03/2015,COLOMBIA,-0.0047437515265843,0.0601539586362534,-0.0171481010452879,0.0520986289823134,0.0200190628693157,0.0077649981891268,0.0449534488623778,-0.3470351596731713,1.907583680069158,,,,,,,,,144,2015Q1
01/03/2016,COLOMBIA,0.0010717046182954,0.0458146679369293,-0.0053298460958737,0.0724929052690426,0.0254725139564426,0.0097710610033717,0.0481069336577674,-0.2143932994870961,1.3874856079385052,,,,,,,,,164,2016Q1
01/03/2017,COLOMBIA,-0.0099623214968862,0.2751337654396205,-0.0099805348651583,0.0322097487648794,0.0074639331988982,0.0113209765967277,0.0403899590357613,0.013912013540272,1.3057760362434632,,,,,,,,,184,2017Q1
01/03/2018,COLOMBIA,-0.0131743316052857,0.1539153136214792,-0.0150348735356245,0.0558483280862084,0.0144234613598356,0.0128851807522743,0.0524095117388572,-0.2267398148604448,1.1744690558187192,,,,,,,,,204,2018Q1
01/03/2019,COLOMBIA,0.0152529580586673,0.0,0.0132132834983172,0.0661379733858567,0.0387959118975836,0.0102592471345666,0.0433156279646516,0.0086858433828195,1.5377078772786157,,,,,,,,,224,2019Q1
01/03/2020,COLOMBIA,-0.04987118782664,0.6329076205020822,-0.064034228643842,0.0878245628127337,-0.0130052712153438,0.0334388793698178,0.0710593192322413,0.0572601940713259,0.5943325812545761,,,,,,,,,244,2020Q1
01/03/2021,COLOMBIA,-0.0155716851610102,0.1499826833535493,-0.027798686489585,0.0546996144363925,0.0162321875098537,0.0159693921465893,0.0616560319159447,0.0265484059341108,1.367775000226602,,,,,,,,,264,2021Q1
01/03/2022,COLOMBIA,0.0186279666928787,0.0259166385537661,-0.0007090003813248,0.1148950750183855,0.0623427420142497,0.0176937397079129,0.077546138480132,-0.1863971425376893,1.4275807535217808,,,,,,,,,284,2022Q1
01/03/2023,COLOMBIA,0.0006183222388718,0.047813386003457,-0.0064510809553978,0.0901107638639128,0.0326207589080092,0.0145626195548208,0.0675683298164617,0.0877261273224865,1.4375042628075991,,,,,,,,,304,2023Q1
01/03/2024,COLOMBIA,-0.0089564169671073,0.2185314285953016,-0.0108634670157195,0.0639837235164607,0.0117146698409698,0.0128521084456465,0.0501236517545059,-0.0485405656446803,1.3053019944419162,,,,,,,,,324,2024Q1
01/03/2025,COLOMBIA,-0.0049402829019162,0.0839748631103688,-0.0142815824499356,0.0795883275195534,0.0295309463971593,0.0146353737102921,0.0693173630350882,0.054897556098013,1.5099529855139564,,,,,,,,,344,2025Q1
01/03/2026,COLOMBIA,-0.0216077047660161,0.164576065967072,-0.0364463584498603,0.0930723910347297,0.023702905683757,0.0197304685758448,0.0943963198223197,-0.012283859731662,1.6281099946563664,,,,,,,,,363,2026Q1
01/06/2010,COLOMBIA,0.0059989579976452,0.0,0.0024788819293955,0.0592330303059176,0.0354113089815435,0.0185297543578165,0.0520215622159499,-0.1414276953034913,1.1991113836194092,0.0075675079990567,0.0342221215976389,0.0162035931095687,0.0162040137302013,0.009023058892045,1041219336741.0692,0.0090226916056323,2.531414150354847e-05,49,2010Q2
01/06/2011,COLOMBIA,0.0543116980433574,0.0,0.0523494200354919,0.1216655320852215,0.0776331720854382,0.0095684796324898,0.0641215365076961,0.4434225071615141,1.8156054436682283,0.055056148817999,0.0811520462765702,0.0655440972918156,0.0147754793417038,1.5938173878467248,2.1000000000000982,0.8470740114611964,2.175860823122604e-05,69,2011Q2
01/06/2012,COLOMBIA,0.0338942276981109,0.0,0.0268568797693719,0.0968372032655624,0.0533056763055651,0.0098109957637403,0.0625208512875986,0.2301912039550835,1.617431305017466,,,,,,,,,89,2012Q2
01/06/2013,COLOMBIA,0.0272357435175241,0.0,0.0266561775329447,0.0917432667705907,0.0530381105817496,0.0142574694423025,0.0580131823759037,0.079006475037375,1.201819316104053,,,,,,,,,109,2013Q2
01/06/2014,COLOMBIA,0.0177740897324096,0.0,0.0144133299762963,0.0890823676659777,0.0418387821874426,0.0092259910349977,0.0482940112507889,0.535916628400888,1.665615315375626,,,,,,,,,129,2014Q2
01/06/2015,COLOMBIA,0.0031360806250124,0.0,0.0023165517921745,0.0738472588268116,0.0341650216492602,0.0114709236053733,0.058779005690246,0.0348511494776594,1.4223626553874376,,,,,,,,,149,2015Q2
01/06/2016,COLOMBIA,-0.0049031640610963,0.0808872582568904,-0.0096210286664675,0.0642875697970759,0.0216941884779092,0.011657520870837,0.0524959713728257,-0.110744775442087,1.250971206197793,,,,,,,,,169,2016Q2
01/06/2017,COLOMBIA,-0.0047622006239582,0.1434304617164388,-0.0062677654144601,0.0355813096467493,0.0122697697848377,0.0097615687109492,0.0401916606023697,-0.1445448223890385,1.611384624401221,,,,,,,,,189,2017Q2
01/06/2018,COLOMBIA,0.006343135127279,0.0,0.0014124988013416,0.05856355963883,0.0279098008161926,0.0120985833041961,0.0433391493653727,-0.0150704940306609,1.105124343330271,,,,,,,,,209,2018Q2
01/06/2019,COLOMBIA,0.0090132584328193,0.0,0.0052428596294997,0.0652966215857259,0.0336459636350133,0.0104218747774377,0.0454039458309261,-0.035940351239161,1.6138324927023326,,,,,,,,,229,2019Q2
01/06/2020,COLOMBIA,-0.2183124206798784,1.0,-0.3013925235216358,-0.0668541414493994,-0.1635100248760431,0.0174848015871188,0.0801389475542613,-0.1357630840988321,1.6706713422271189,,,,,,,,,249,2020Q2
01/06/2021,COLOMBIA,0.0757887697389086,0.0,0.0748816195317104,0.1469520851492874,0.1224900238000198,0.0190301781963457,0.0709951163654485,-0.5710167941348769,1.518524044974637,,,,,,,,,269,2021Q2
01/06/2022,COLOMBIA,0.0082497166816761,0.0421778851711455,-0.0181169273211845,0.1222129256943873,0.0760690108507009,0.0257073324152398,0.1134123122392347,-0.3487792228529068,1.744732473010177,,,,,,,,,289,2022Q2
01/06/2023,COLOMBIA,-0.0164051902048887,0.3425746704730577,-0.0186476594540517,0.0692249558972046,0.008729684396092,0.0165315211663542,0.0579943915875089,0.0100741570070218,1.3136432409755598,,,,,,,,,309,2023Q2
01/06/2024,COLOMBIA,-0.0057103066896588,0.094173788875634,-0.0095401736957293,0.0737570302534065,0.0228067155923849,0.0138287504558173,0.060648301105769,-0.0349960612036342,1.3747841943732655,,,,,,,,,329,2024Q2
01/06/2025,COLOMBIA,0.0009284291737982,0.0453550275743315,-0.0040685282282934,0.0764182904576521,0.0259207634996879,0.0120081910128794,0.0546482482897878,0.0578043127250046,1.2659757789181614,,,,,,,,,349,2025Q2
01/09/2010,COLOMBIA,0.0348337747452145,0.0,0.0235153421490957,0.0923887949528736,0.0551179451025282,0.0112027894607399,0.0570759371402967,0.4286919875812651,2.228183590938066,0.0351104645756206,0.0585338991445551,0.0599474475003021,0.0135299565611958,1.7001796452731703,2.1,0.8619576272513244,2.9610812375958978e-06,54,2010Q3
01/09/2011,COLOMBIA,0.0424715278139753,0.0,0.0023377526377984,0.0934416903324921,0.0697141198342655,0.0111400211762744,0.0509436793753645,-0.6357662101094365,2.291869106358391,0.0425324545871848,0.0699467409595348,0.0474649460959827,0.0105137548902442,-0.7111688877923978,2.1,-0.5795550569604849,7.380062530957327e-08,74,2011Q3
01/09/2012,COLOMBIA,0.0269322388295484,0.0,0.0265537914010428,0.0976866647125547,0.0401475000753286,0.0083329807023002,0.0704016965364297,0.5250307866267361,1.794209506534307,,,,,,,,,94,2012Q3
01/09/2013,COLOMBIA,0.0543309699414201,0.0,0.0487201606548693,0.11196734965776,0.0720946220869491,0.0110218691744005,0.0412801913447661,0.340150861299005,1.4818050890550891,,,,,,,,,114,2013Q3
01/09/2014,COLOMBIA,0.0188805130461522,0.0,0.0077393979725329,0.0865174447406378,0.0458260652690122,0.0113192724487064,0.0517311744232635,0.2121110940954367,1.2633828370369165,,,,,,,,,134,2014Q3
01/09/2015,COLOMBIA,-0.0008009496170426,0.0520441996405773,-0.006672501219869,0.0767135305295437,0.0340613170628707,0.0128819344015271,0.060452549674409,-0.0073593047149886,1.3198812256296184,,,,,,,,,154,2015Q3
01/09/2016,COLOMBIA,-0.0047259143975145,0.1205672804457346,-0.0107539214978181,0.0531614735660101,0.0140386264652692,0.0096362765004952,0.0423347168736769,-0.0167174566864095,1.49212734047587,,,,,,,,,174,2016Q3
01/09/2017,COLOMBIA,0.002236974691358,0.0,0.0021882112203461,0.0375958922665723,0.0175863486335093,0.0089465225987904,0.0341396612260748,-0.2746957504547275,1.4618847813536144,,,,,,,,,194,2017Q3
01/09/2018,COLOMBIA,0.0112135580372768,0.0,0.0086001542591929,0.0532904586218231,0.030595784343327,0.0100873241502872,0.0392570175640566,-0.0974208444742589,1.2771917755288158,,,,,,,,,214,2018Q3
01/09/2019,COLOMBIA,0.0082302643364449,0.0,0.003743137844102,0.0689605421569074,0.0342891872599663,0.0105318906691862,0.04758933456938,-0.0003403151315385,1.6978152929523007,,,,,,,,,234,2019Q3
01/09/2020,COLOMBIA,-0.1005127319855836,1.0,-0.1797213250456082,-0.0218060452484834,-0.066205048523174,0.0115645534356538,0.0758532138885229,-0.019432889478007,2.962647980859081,,,,,,,,,254,2020Q3
01/09/2021,COLOMBIA,0.0180296027220634,0.0257258369120498,-0.0005391144122189,0.134138460291013,0.0863289573524183,0.0217405431740429,0.1070792975457792,-0.4117534505785963,1.5873346655357412,,,,,,,,,274,2021Q3
01/09/2022,COLOMBIA,-0.004313546374931,0.0647015949468477,-0.0327315791195698,0.1027541552392965,0.0529737673931937,0.0209428707990687,0.1020863036721058,-0.1483516578640145,1.8091086800668243,,,,,,,,,294,2022Q3
01/09/2023,COLOMBIA,-0.0270857724552761,0.4553798856086256,-0.0295905488404495,0.0634419227635766,0.0031295756507165,0.0171974317742078,0.0666607008822467,-0.0350440102387391,1.41466505768672,,,,,,,,,314,2023Q3
01/09/2024,COLOMBIA,-0.0103725183285673,0.1480754914969737,-0.0123223981098035,0.0710738988737897,0.020142063348491,0.0152523345469729,0.0636091775536163,-0.0608232609491407,1.3962951678971869,,,,,,,,,334,2024Q3
01/09/2025,COLOMBIA,0.0119143544075462,0.0,0.0048823954936158,0.0889753921087822,0.0390349343119827,0.0117062116659211,0.053482366260236,0.0063753370200841,1.2105933075007007,,,,,,,,,354,2025Q3
01/12/2010,COLOMBIA,0.0483141708712128,0.0,0.041474460009756,0.1101079498698932,0.0706576348605953,0.012637303603411,0.0616646336317159,0.7213189828271795,2.331518241367124,0.0485370846669236,0.0746525491632085,0.062914666119917,0.0141425862423439,1.3834016429183746,2.1,0.8104354128884342,1.663940030519576e-06,59,2010Q4
01/12/2011,COLOMBIA,0.0539204418177502,0.0,0.0509183786545345,0.1099104652467719,0.0736809087117755,0.0114512403643447,0.0559437841757241,0.2754686940350077,1.6750311814064522,,,,,,,,,79,2011Q4
01/12/2012,COLOMBIA,0.029932019527078,0.0,0.0263444671160743,0.1019787190387537,0.0447909094257678,0.0076786470399771,0.0701022164190651,0.5627304350153438,2.369727306296203,,,,,,,,,99,2012Q4
01/12/2013,COLOMBIA,0.0535056831755571,0.0,0.0512291202969102,0.1089087328584845,0.071600297493459,0.0094637153597295,0.0384202670904958,0.3417999091841472,1.2510753593511406,,,,,,,,,119,2013Q4
01/12/2014,COLOMBIA,-0.0325974820999763,0.1228166649347382,-0.050937468067146,0.0361892355521399,0.0166634747597187,0.0114304952409379,0.0664204036662672,-0.3408896446992096,1.5014395752352154,,,,,,,,,139,2014Q4
01/12/2015,COLOMBIA,-0.0052611917077977,0.1551936318572975,-0.0184679992838208,0.0519132394071593,0.0120525895603756,0.0102147367972834,0.0382074781462467,-0.2779109237031619,1.415350612890426,,,,,,,,,159,2015Q4
01/12/2016,COLOMBIA,0.0014226868308483,0.0,0.0008163746762735,0.0620550971560301,0.0227590184568452,0.0115196174630547,0.0432589347478971,0.0633126831808429,1.2796217454190189,,,,,,,,,179,2016Q4
01/12/2017,COLOMBIA,-0.0036529400618238,0.1287186434521592,-0.0045356657441088,0.0368017618255181,0.0138314849851844,0.0095274082781078,0.0377313080691924,-0.3511283193099034,1.4103894017039096,,,,,,,,,199,2017Q4
01/12/2018,COLOMBIA,-0.0075966993383583,0.0816864979721999,-0.0113223531290029,0.0831619227598849,0.0292762763542153,0.0147174522720583,0.0650761979765221,-0.0362749487666122,1.288900277054193,,,,,,,,,219,2018Q4
01/12/2019,COLOMBIA,0.0109443909696687,0.0,0.0074525688946678,0.0630920083763705,0.0339228926441836,0.0094314741346602,0.0433157622365464,-0.0513972035398311,1.809492649876434,,,,,,,,,239,2019Q4
01/12/2020,COLOMBIA,-0.051489801919858,0.8158885924350323,-0.1047347835439782,0.0254027238587376,-0.0204562336616356,0.0160441650393798,0.0678828005037591,0.235467073900508,1.6944901647694317,,,,,,,,,259,2020Q4
01/12/2021,COLOMBIA,0.0279417956641845,0.0,0.0139915826246788,0.1273730833984328,0.0766587376262821,0.0202012801468562,0.0806336869117641,-0.4262052250762664,1.3664938771396204,,,,,,,,,279,2021Q4
01/12/2022,COLOMBIA,-0.0124975494496745,0.124418281930616,-0.0214557155322423,0.0816535625479678,0.0242383103107337,0.0169545697829931,0.0754686215477658,0.0405051781651179,1.5580879764747535,,,,,,,,,299,2022Q4
01/12/2023,COLOMBIA,-0.0045173819490856,0.1021499486956138,-0.0064112779635491,0.0769981604626392,0.0160752469736523,0.0116310362104281,0.0508181129649,-0.0065639622946286,1.234451351071338,,,,,,,,,319,2023Q4
01/12/2024,COLOMBIA,-0.0021443633475829,0.0665679839704846,-0.0071694260981453,0.0784042452988508,0.0278855573280978,0.0138632040174892,0.0620810412942517,-0.0031565273782254,1.3939885213196606,,,,,,,,,339,2024Q4
01/12/2025,COLOMBIA,0.0033764510285821,0.0,0.0002935950066477,0.0768181577617764,0.0266101478790924,0.0115635523589793,0.0476492695326486,0.0380567450787047,1.2243847335303584,,,,,,,,,359,2025Q4
01/03/2010,MEXICO,0.0129535223480163,0.0,0.0039751026499997,0.0782090543819074,0.0297866405979034,0.0109278234956427,0.065255532033891,0.1856787368378856,1.513626469704773,0.0120054636150943,0.0351794396001942,0.0787632453687177,0.0179949686415907,87695.1667103419,2.1,0.9999999999349842,2.7337223265299297e-05,44,2010Q1
01/03/2011,MEXICO,-0.0011318111851555,0.0627703065023747,-0.0091432309111714,0.0714957623985957,0.0229963195411296,0.0162027228765403,0.0722951706628127,0.2973246630877434,1.397558863047808,-0.001060122784344,0.027825812084211,0.0797147718855101,0.0180683248623437,2.237704233777179,2.1,0.9129821605560108,2.314821418091781e-07,64,2011Q1
01/03/2012,MEXICO,0.0268959549068244,0.0,0.0235883883041549,0.0859982983843198,0.0434078538949754,0.0072701535127635,0.0585532602211698,0.6810282526317066,2.1388646038864527,,,,,,,,,84,2012Q1
01/03/2013,MEXICO,-0.0114386301815975,0.2104795290702597,-0.0121291589945456,0.0651610648246543,0.0101857943432231,0.0083880774175461,0.0517766705669506,0.249607825867988,2.374539759063584,,,,,,,,,104,2013Q1
01/03/2014,MEXICO,0.0053049573220447,0.0,0.0032132219543184,0.0661022073529454,0.0255156165949264,0.0093183654676489,0.0406940963022655,0.5347157890491573,1.2216042336866306,,,,,,,,,124,2014Q1
01/03/2015,MEXICO,-0.0019056925714541,0.0538160450979482,-0.0136264469653995,0.0590407734303994,0.0238757133833815,0.0098897858748896,0.0488851013007613,0.1310176617162335,1.3593533105177928,,,,,,,,,144,2015Q1
01/03/2016,MEXICO,-0.0084216493990378,0.067656012012358,-0.009073884437195,0.053643951394916,0.0178475079313126,0.0097015640098235,0.0464987726817537,-0.0639696244448622,1.2650465346989457,,,,,,,,,164,2016Q1
01/03/2017,MEXICO,0.0142025667503061,0.0,0.0044159345658106,0.0507575644148715,0.0304032610033343,0.0102988411688217,0.0344899220494552,0.3952760961025496,1.190496634621402,,,,,,,,,184,2017Q1
01/03/2018,MEXICO,-0.0164150870354999,0.1554920649498487,-0.0209779779966652,0.0543690087277983,0.0134237893298848,0.0126269987607695,0.055136380265217,-0.0294294522521452,1.269934062790255,,,,,,,,,204,2018Q1
01/03/2019,MEXICO,-0.0048916271830751,0.113446078790991,-0.0067585964846483,0.0319152690887031,0.0117139196450659,0.0118032276060113,0.0325855534573918,0.1176698804670949,1.01681979737123,,,,,,,,,224,2019Q1
01/03/2020,MEXICO,-0.0635256679103976,0.8566141597433291,-0.0761039865854975,0.0792958439540751,-0.0233397532805386,0.0340826175846041,0.0743623822597026,0.254398305542008,0.6124235881601314,,,,,,,,,244,2020Q1
01/03/2021,MEXICO,-0.0349342606418293,0.7419509836595595,-0.0426184031648142,0.0267813702678824,-0.0084686717005172,0.0124549678709943,0.0535541860912975,0.3470690838719817,1.3568429686035195,,,,,,,,,264,2021Q1
01/03/2022,MEXICO,-0.0182780015382305,0.1490132898010241,-0.0344964530342422,0.0771153682879463,0.0217790763832988,0.0180325665376485,0.07638578330227,-0.1047523000117272,1.4933214581645018,,,,,,,,,284,2022Q1
01/03/2023,MEXICO,-0.0078403584281887,0.0881036236236148,-0.0166048993447443,0.0847776158043535,0.0291294555051897,0.0153691548473107,0.0729398699191491,0.0117082271429956,1.4588505311626,,,,,,,,,304,2023Q1
01/03/2024,MEXICO,-0.0057827213339368,0.0942182723888254,-0.0104477212306524,0.0711651918021068,0.0200927469883408,0.0126774797922185,0.0541881494990308,-0.0976198916915948,1.196944450440954,,,,,,,,,324,2024Q1
01/03/2025,MEXICO,-0.0172552683749635,0.1728921728947233,-0.028009538469768,0.0641915074784705,0.0143176902878954,0.0130459479690207,0.0654373159557389,0.1471560761944283,1.5252745452860266,,,,,,,,,344,2025Q1
01/06/2010,MEXICO,-0.0246563361414823,0.2179981503507037,-0.0251366959040082,0.0372760016572054,0.0149609573709736,0.0176162923889835,0.0605391642286464,-0.167771221609755,1.1766497756232093,-0.0254503935328178,0.0114434743650305,0.0678688622960668,0.0153720705748531,-2.120645818328114,2.1,-0.9044817190419308,1.1044641837695447e-05,49,2010Q2
01/06/2011,MEXICO,-0.000969977011786,0.0741256831788922,-0.0076026319553582,0.0688595469739533,0.0187647578697591,0.0129438128164231,0.0695453782236084,0.5129698655442657,1.4506378547566428,-0.0006446348147437,0.0248967466558954,0.0807864799663775,0.0184173705547211,4.604361280914632,2.1,0.9772181152193312,1.066511708826512e-05,69,2011Q2
01/06/2012,MEXICO,0.0166756089037843,0.0,0.0091945203646311,0.0866659375288969,0.0399353464993752,0.0076884083516633,0.0679148138699648,0.4345974861519995,1.811988709351421,,,,,,,,,89,2012Q2
01/06/2013,MEXICO,-0.0272683666440454,0.2950891379010802,-0.0283349233890158,0.0526262535075286,0.006770003441599,0.0153617673702658,0.0731854413215878,-0.1822379958343564,1.387970820561577,,,,,,,,,109,2013Q2
01/06/2014,MEXICO,-0.0050595432855641,0.0650323025188042,-0.009198391010375,0.0630315791608514,0.0218513287467305,0.0093605167234026,0.0485976113227917,0.4183124928239171,1.5159153845290405,,,,,,,,,129,2014Q2
01/06/2015,MEXICO,-0.0056896743432583,0.0671710383861544,-0.0171362535062945,0.0683836278943184,0.0260069959032974,0.0123023518808761,0.0626306421431164,0.2451206640158588,1.295335706495823,,,,,,,,,149,2015Q2
01/06/2016,MEXICO,-0.0033195831044958,0.0601652988983175,-0.0072074596167677,0.0488584039738779,0.0191295401033747,0.0109253931326621,0.0426318959330741,0.0840890173885015,1.1480223690342306,,,,,,,,,169,2016Q2
01/06/2017,MEXICO,0.0031918024349303,0.0362674735659743,-0.0026188589358387,0.0380463756490793,0.0170952151173615,0.0105788022996875,0.0304048594097879,0.0073671496126758,1.210707280577139,,,,,,,,,189,2017Q2
01/06/2018,MEXICO,0.004650371578163,0.0353940035847343,-0.0033093242993853,0.0493461063572171,0.0231460509507666,0.012750798079844,0.0389900106283496,0.2278561509186664,0.9612467984064204,,,,,,,,,209,2018Q2
01/06/2019,MEXICO,-0.0190482582698899,0.6192527048516722,-0.0205704987671918,0.0205712214813866,-0.0031828251732068,0.0129782882278449,0.0312553183170293,0.0235762296395949,1.0392928184859909,,,,,,,,,229,2019Q2
01/06/2020,MEXICO,-0.2065820177688701,1.0,-0.2882592433938382,-0.0572519518885519,-0.1539756487836171,0.0176843314206822,0.0790047705505094,-0.0405981469751661,1.5515371301924334,,,,,,,,,249,2020Q2
01/06/2021,MEXICO,0.1012579885568423,0.0,0.0992955576393736,0.156187296841286,0.1387534910505796,0.0094007009438879,0.0509776196702157,-0.6769341437703412,1.8118421481652471,,,,,,,,,269,2021Q2
01/06/2022,MEXICO,-0.0376429383691456,0.2239721067425139,-0.0621267310975923,0.0687362012373391,0.0166631603269806,0.0226513273793262,0.099813677434395,-0.221692726944613,1.783481234353414,,,,,,,,,289,2022Q2
01/06/2023,MEXICO,-0.0047624589432125,0.080676254463423,-0.008549135923341,0.0845311808182077,0.0273819795990184,0.0152290045215297,0.0626066610735604,-0.0346928558792935,1.200128888670158,,,,,,,,,309,2023Q2
01/06/2024,MEXICO,-0.0225354074057188,0.209047578780076,-0.0253420488914916,0.0674072829545567,0.016534402260522,0.0184936451827973,0.0742406602869301,-0.1954242860250817,1.424644701913109,,,,,,,,,329,2024Q2
01/06/2025,MEXICO,-0.0113745158689327,0.1805751302598889,-0.0171784087674531,0.0616791350315637,0.0112745572161546,0.0107878027913453,0.0513565268292972,0.1292131659632619,1.223208419899514,,,,,,,,,349,2025Q2
01/09/2010,MEXICO,0.0136814916905895,0.0324695187906017,-0.0058295124957284,0.0672774833532548,0.0343509475410376,0.0102277998061531,0.0507782643443395,0.376935440141945,2.445561053862088,0.0138781129295514,0.0366390125518234,0.0481691742018728,0.0107140213535018,0.8634870522747349,2.1,0.6535551376118804,1.2241242186871271e-06,54,2010Q3
01/09/2011,MEXICO,-0.0258734070020369,0.2574631650427949,-0.0598515126907237,0.0361222413835904,0.0062486729040076,0.0124067813121804,0.061968376194082,-0.7350814065327383,2.2276790640554447,-0.0255903337671751,0.0063828314817181,0.0545526721010707,0.0119706153989822,-0.3793793486792185,2.1000000000000174,-0.3547106355111141,1.6694903070971135e-06,74,2011Q3
01/09/2012,MEXICO,0.0192649782208127,0.0,0.0115469271383174,0.0818581762036916,0.0326289584084796,0.0083887470020113,0.0614176462413088,0.5982499724881124,1.758508406996994,,,,,,,,,94,2012Q3
01/09/2013,MEXICO,-0.0211536773291378,0.2323629046822596,-0.0216661749179903,0.0443303273789104,0.0077246192837759,0.0090376146629999,0.0486653078390916,0.1801797207866774,1.3055550256652335,,,,,,,,,114,2013Q3
01/09/2014,MEXICO,-0.002654095593637,0.0558611403471113,-0.0118946774866942,0.0725969190928965,0.0266797698839237,0.0121652597398345,0.0571258878200407,0.2767539441817631,1.245226609997694,,,,,,,,,134,2014Q3
01/09/2015,MEXICO,-0.0046265164406861,0.0769435575822073,-0.0228974275740171,0.0738667466356911,0.0296772308381686,0.0140657616011872,0.0650288482754809,0.0981425968882184,1.2576558763609176,,,,,,,,,154,2015Q3
01/09/2016,MEXICO,-0.0036359870440249,0.1142171569765502,-0.009442180664486,0.0402711355698901,0.0106458782604828,0.0110630443376793,0.0347207074524149,-0.1296031698199956,1.0891870950961984,,,,,,,,,174,2016Q3
01/09/2017,MEXICO,0.0032282258086073,0.0322366012171618,-0.001315141494116,0.0358745694696285,0.0167395105486455,0.0089663648111039,0.028270034048392,0.0237785586419534,1.382739637105334,,,,,,,,,194,2017Q3
01/09/2018,MEXICO,0.0073474286744506,0.0,0.0029620450800837,0.0448379565716105,0.0257396169571262,0.0103211599926567,0.0372536325252458,0.147213956171282,1.188408765575678,,,,,,,,,214,2018Q3
01/09/2019,MEXICO,-0.0196357889877064,0.4341187403995221,-0.0205620796895079,0.0309597828709049,0.0013711973382405,0.0122679977890207,0.0389371633422824,0.0083697762163322,1.2968209928593886,,,,,,,,,234,2019Q3
01/09/2020,MEXICO,-0.0791918816022531,1.0,-0.1532490241617543,-0.0008094003599312,-0.0483644878410832,0.0093928152275952,0.0693529678903839,0.2274106060080483,3.1472696395441875,,,,,,,,,254,2020Q3
01/09/2021,MEXICO,-0.0056736312140238,0.0803335339174391,-0.0324912120272133,0.0914599877168213,0.0383073106055708,0.015651749957682,0.0802913284354667,-0.0191404860435384,1.5098019203306683,,,,,,,,,274,2021Q3
01/09/2022,MEXICO,-0.0382659934560766,0.1901347922314677,-0.0650683560651512,0.0733987585934304,0.0235496217499754,0.0242272573236693,0.1096148969803716,-0.2001290138748432,1.7955730055183818,,,,,,,,,294,2022Q3
01/09/2023,MEXICO,-0.013231319998438,0.1197554952975081,-0.0209541421046726,0.081282603140278,0.0251269047820673,0.0174713338918219,0.0734804811417926,-0.1257484593394546,1.3717178029069583,,,,,,,,,314,2023Q3
01/09/2024,MEXICO,-0.024771576836773,0.2799509743538597,-0.0262305321102011,0.0615131479931323,0.0106738031380435,0.0171590630649091,0.0698002584035364,-0.1218685542960967,1.4238350340998287,,,,,,,,,334,2024Q3
01/09/2025,MEXICO,-0.0114045974925136,0.1993110141876463,-0.0168620778615501,0.0611309976299952,0.0107563682649104,0.0106539508314644,0.0472452296859419,0.1114041390313904,1.2074809736454686,,,,,,,,,354,2025Q3
01/12/2010,MEXICO,0.0107208785747477,0.0,0.0036304509855426,0.0718680004547835,0.0320771057714465,0.0123877113970888,0.0609245825629563,0.6847622697521898,2.258598493113864,0.0109470974027279,0.0362382131430279,0.0635302822160087,0.0143216168217021,1.594450620039587,2.1,0.8471690337939759,2.0133867830932864e-06,59,2010Q4
01/12/2011,MEXICO,0.0068117549046212,0.0256044200410859,-0.0001687666858608,0.0670450722944221,0.0284298727532894,0.0128513376351451,0.0596672986204369,0.2214485137412508,1.558535718687427,,,,,,,,,79,2011Q4
01/12/2012,MEXICO,0.010378383968527,0.0,0.008051986762585,0.0788936672986311,0.031166272120871,0.0094787495360333,0.0580536981349644,0.4851120530462767,1.9307505461334176,,,,,,,,,99,2012Q4
01/12/2013,MEXICO,-0.002855377138632,0.0662371076954757,-0.0032581562926967,0.0644082825695188,0.0179086009033735,0.0095466361219732,0.0424170789673201,0.2194114286138631,1.3280527518877745,,,,,,,,,119,2013Q4
01/12/2014,MEXICO,-0.0174448302396462,0.1104306674121876,-0.018317068168701,0.0555205380562399,0.0206685885224102,0.0124514072832116,0.0626002438520984,0.0756077076923771,1.283157582160433,,,,,,,,,139,2014Q4
01/12/2015,MEXICO,-0.0091070899848125,0.0723831492106502,-0.0142614372664514,0.0596926701310638,0.0212030234700262,0.0111047371003432,0.0543089838177541,-0.0323721122970226,1.373218579788536,,,,,,,,,159,2015Q4
01/12/2016,MEXICO,0.0070901990043089,0.0332663003903076,-0.0035024959311884,0.0484246787582052,0.0197937374696686,0.0114372125234526,0.0312286646370634,0.2518868577124791,1.0532698906684317,,,,,,,,,179,2016Q4
01/12/2017,MEXICO,-0.0006496016036229,0.0546585055396592,-0.0028311609223835,0.0367568460301597,0.0174830167868164,0.0098064615108573,0.0362197816486024,0.0076081129654419,1.4138549413316317,,,,,,,,,199,2017Q4
01/12/2018,MEXICO,-0.0228445443264791,0.2360222950937638,-0.0263475929748701,0.0637553219671477,0.0118384152207037,0.0159924649435506,0.0617235960757388,0.0600086517210063,1.11213477230752,,,,,,,,,219,2018Q4
01/12/2019,MEXICO,-0.0207666959817061,0.6714520647096507,-0.022616800504847,0.0174694872092066,-0.0048421821657118,0.0121640971085873,0.0311669753714318,-0.0242540027373916,1.2131410853606466,,,,,,,,,239,2019Q4
01/12/2020,MEXICO,-0.0437498763494796,0.7985836670501538,-0.0696796923573026,0.0306756337165434,-0.0134003731941962,0.0116480180884889,0.0619764982538652,0.5067332558063679,1.8537849169298648,,,,,,,,,259,2020Q4
01/12/2021,MEXICO,-0.0098556398908637,0.1077072718963132,-0.0233513806026433,0.0776463812452505,0.0201664777481107,0.0143353483783276,0.0610987772449411,0.0619269065121988,1.271332974784328,,,,,,,,,279,2021Q4
01/12/2022,MEXICO,-0.0121602362912723,0.0988103256073842,-0.0252836357105757,0.0858515037163931,0.0315423889195863,0.0175331646250901,0.0824142645080349,-0.0082308689977565,1.5878419771341714,,,,,,,,,299,2022Q4
01/12/2023,MEXICO,-0.0021193145429446,0.0638999223185561,-0.0069417086126428,0.0827551146250562,0.0245359665836905,0.0121153788174259,0.0563236779418056,-0.1076652327499169,1.1650811160409953,,,,,,,,,319,2023Q4
01/12/2024,MEXICO,-0.025422166727337,0.3507026521151252,-0.0280659478996017,0.0574018033866351,0.0063633304310831,0.0158393484241137,0.0656458442598072,-0.0665457041671133,1.398696324978737,,,,,,,,,339,2024Q4
01/12/2025,MEXICO,-0.0044149747394074,0.0834279484244935,-0.0088432896127624,0.0702815454696607,0.0202704121887659,0.0114668358754545,0.0490227502845078,0.0112325502620671,1.1996119756589922,,,,,,,,,359,2025Q4
01/03/2010,PERU,0.0494746940337903,0.0,0.0449594035846813,0.108824850533579,0.0682668229540174,0.0119342734614115,0.0593501564997885,0.456375106568399,1.8824598117718527,0.0497177914042057,0.0727591620750347,0.0662181656240856,0.0150387853704925,2.6473314995613744,2.1000000000000303,0.9354841271117792,2.9608390199601536e-06,44,2010Q1
01/03/2011,PERU,0.048753744584452,0.0,0.0400945793205019,0.1234051176550227,0.075114443818166,0.0170930603152353,0.0736376989559846,0.2601801549867896,1.4217626715850131,0.0487187081710767,0.0795335899537952,0.0777982659370311,0.0175437771246864,1.6223624377730597,2.1,0.8512779468094261,4.6121852774147344e-08,64,2011Q1
01/03/2012,PERU,0.0491775557253898,0.0,0.048056890049698,0.1121236198269788,0.0698812425233027,0.0080212855312604,0.0628481470478333,0.6045027062359761,2.026134555390079,,,,,,,,,84,2012Q1
01/03/2013,PERU,0.0309196330127146,0.0,0.0303997684258584,0.1000895558304419,0.0568084102568709,0.0112648243265528,0.0453225584126456,0.1784590536657502,1.3035089660194668,,,,,,,,,104,2013Q1
01/03/2014,PERU,0.0501122331761561,0.0,0.0465868060949999,0.1120943779914231,0.0670658406640592,0.009981786246844,0.0420332755867517,0.6398928030873868,1.309003356104198,,,,,,,,,124,2014Q1
01/03/2015,PERU,0.018900194038261,0.0,0.0123176415407425,0.0935738351533101,0.0485582976289452,0.0114866900786499,0.0577310930572858,0.1591160602334202,1.3336412705137957,,,,,,,,,144,2015Q1
01/03/2016,PERU,0.0257773306283334,0.0,0.0200955456108051,0.090892291235388,0.0534502877523153,0.009964078695072,0.0497784117539889,-0.0040771659465982,1.3743613666544952,,,,,,,,,164,2016Q1
01/03/2017,PERU,0.0239151920739392,0.0,0.0171456837170071,0.0590499035736617,0.0388615310460389,0.0106016883658053,0.0330717545496877,0.27823663360266,1.17026232008941,,,,,,,,,184,2017Q1
01/03/2018,PERU,0.0099109140094536,0.0,0.0044728947881158,0.0775089003881397,0.0386900259417856,0.0130567776689075,0.0534145237547779,0.0972473231080501,1.1971031671103134,,,,,,,,,204,2018Q1
01/03/2019,PERU,0.0165502726164425,0.0,0.0144704292424334,0.0650002357578607,0.039209942830094,0.0102920899425639,0.0420264637984527,0.0391760092195773,1.48313522586741,,,,,,,,,224,2019Q1
01/03/2020,PERU,-0.0441814258662526,0.5133088170501334,-0.0657717730723895,0.1186038929867446,0.0016296427048793,0.0333296596142932,0.0874045108090278,-0.02386575171417,0.7596865184794894,,,,,,,,,244,2020Q1
01/03/2021,PERU,0.0133188383441326,0.0,0.0111630551243538,0.0811701726554269,0.0440198164917363,0.0122854580737727,0.0556688811378152,0.1406242788031591,1.3514877114885877,,,,,,,,,264,2021Q1
01/03/2022,PERU,-0.0129667728479712,0.125639148103065,-0.0258875933989458,0.0854908876753333,0.0295978784170459,0.0199224488630062,0.0813908529244563,-0.1465236374712902,1.5940948675314075,,,,,,,,,284,2022Q1
01/03/2023,PERU,-0.0074660166628638,0.0959475816679411,-0.0135664122960913,0.0820358966018372,0.0239631691761098,0.0149865593079568,0.0675566134325085,0.0858710841818822,1.460553603858406,,,,,,,,,304,2023Q1
01/03/2024,PERU,0.0028650906266374,0.0323922872231569,-0.001202857696562,0.0792353352197963,0.0278835826892064,0.012881252646715,0.0536717390015256,-0.0963503496188299,1.220625628675066,,,,,,,,,324,2024Q1
01/03/2025,PERU,-0.0060322790346862,0.0848648626160001,-0.0152439783252108,0.0841762231640162,0.0341107995590941,0.0167956032056138,0.0767642141301692,-0.027896979803626,1.522083877672399,,,,,,,,,344,2025Q1
01/03/2026,PERU,-0.0203754994689928,0.1397126505116579,-0.0364598083991367,0.1042274425753608,0.0312604650844482,0.0218643800932033,0.103660395545951,-0.06975731572611,1.6319194529060492,,,,,,,,,363,2026Q1
01/06/2010,PERU,0.0129889303795664,0.0,0.0104124209837378,0.0711514905128452,0.0476906486776841,0.0175399989116006,0.0521233806695101,-0.3702273877636841,0.9675294938816764,0.0173683433753215,0.0438330409077069,0.0160876464850129,0.0160880699124077,0.0090230588921304,2803269676339.7656,0.0090226916057177,9.367038944480512e-05,49,2010Q2
01/06/2011,PERU,0.0497240624827434,0.0,0.0459382330743096,0.1164187099821373,0.0698360426974448,0.0116570748509684,0.0641034414933072,0.5038498496014803,1.5713929213060864,0.0501279992997927,0.0746090165529286,0.0716925393191387,0.0162957745677513,2.886286364884078,2.1,0.9448948717780986,9.194871404452564e-06,69,2011Q2
01/06/2012,PERU,0.0532411696944898,0.0,0.0448242896985891,0.1266737153789765,0.0779352500031127,0.0076188536618113,0.0708288821836242,0.4739665300362191,1.784768046891846,,,,,,,,,89,2012Q2
01/06/2013,PERU,0.0099053839706897,0.0,0.0063750422463984,0.0901533309213732,0.0469995734728582,0.0164543800569983,0.0698806200750023,-0.22910303963147,1.3098966090539164,,,,,,,,,109,2013Q2
01/06/2014,PERU,0.0404821169760517,0.0,0.0348896393782453,0.1089738860838935,0.0584955216629484,0.0098228199979719,0.0441557490391264,0.689923001962238,1.6357846874932416,,,,,,,,,129,2014Q2
01/06/2015,PERU,0.0186738500639269,0.0,0.0097133027534854,0.090099194747392,0.0498010886973275,0.0119443184806961,0.0606011557267277,0.2034481663892914,1.334227024824626,,,,,,,,,149,2015Q2
01/06/2016,PERU,0.021048119860939,0.0,0.0138918238937737,0.0895640781578835,0.0500941424225594,0.0109269789423414,0.0541898614510633,0.0531077056399764,1.3027011577926373,,,,,,,,,169,2016Q2
01/06/2017,PERU,0.025457896884153,0.0,0.0183357492814194,0.0667599624951818,0.043435741287532,0.0090803712504146,0.0378290756853252,0.0490038953090206,1.562041334409341,,,,,,,,,189,2017Q2
01/06/2018,PERU,0.028605636222556,0.0,0.0178354424566257,0.0789297987239958,0.0499607562282456,0.0117788594293732,0.0433945662866156,0.2207273306469484,1.1590877281634675,,,,,,,,,209,2018Q2
01/06/2019,PERU,0.0096246649906467,0.0,0.0058846392902244,0.0643815347339616,0.0337687589500451,0.0105026148660982,0.0447321569534355,-0.0107672624093143,1.5803522470939313,,,,,,,,,229,2019Q2
01/06/2020,PERU,-0.1580387457626489,1.0,-0.2355575055078831,-0.0158199480028371,-0.1084291809905482,0.0169583624253262,0.0770040445317914,0.0077773534120202,1.6273025288336374,,,,,,,,,249,2020Q2
01/06/2021,PERU,0.1006915675194895,0.0,0.0983012891431227,0.1751760707590425,0.1505707861304728,0.0197917018124372,0.0739406102262732,-0.6772142999589663,1.617483874579957,,,,,,,,,269,2021Q2
01/06/2022,PERU,-0.0343847753522786,0.2096290874473564,-0.0553402720193682,0.0748950645619999,0.0219224827278704,0.0246308934297531,0.103843255058498,-0.271092807528029,1.8521955212112169,,,,,,,,,289,2022Q2
01/06/2023,PERU,0.0041823518272881,0.0,0.0009596454965549,0.086494964576923,0.0267262541636758,0.0121523717363244,0.0511493612402126,0.1739353746674572,1.0468942670270656,,,,,,,,,309,2023Q2
01/06/2024,PERU,0.0094870944368595,0.0,0.0017390758107627,0.0894433063839146,0.0392930422492416,0.0123261374756975,0.060131039626384,-0.0085284562344726,1.342223900067789,,,,,,,,,329,2024Q2
01/06/2025,PERU,0.0153475789990687,0.0,0.0064345157387517,0.0891909780241442,0.0394746832228096,0.0099380544358547,0.0514548078909135,0.1422401805959603,1.1297636198324186,,,,,,,,,349,2025Q2
01/09/2010,PERU,0.0775554234311292,0.0,0.0535309215802147,0.1294909633599004,0.0975046787343765,0.0094204055473106,0.0489104490344455,0.3558880985539063,2.595832590344951,0.0778148242383493,0.0996668418954505,0.046245716689196,0.0102861970227696,0.8634886267955946,2.1,0.653555820307507,2.130630630678883e-06,54,2010Q3
01/09/2011,PERU,0.0030046523243157,0.0462712591270936,-0.0171405684534811,0.0629547126077414,0.0358452369287219,0.0171375209909773,0.0599300231873654,-0.3916586101615609,1.703197709144883,0.0060060955973633,0.0359671257033554,0.0184810257276782,0.016534659530804,0.0002534398128262,10.022934414963704,0.0002534398046867,3.604823752232069e-05,74,2011Q3
01/09/2012,PERU,0.0620308748905318,0.0,0.0530077089530011,0.1228324845279312,0.0777933009271935,0.0085553090331734,0.058951864667754,0.4937300013716163,1.6314196996006765,,,,,,,,,94,2012Q3
01/09/2013,PERU,0.0373881472350858,0.0,0.03430478180265,0.099064507356422,0.0607163944799164,0.0102769086266999,0.044068869108604,0.2705061787516937,1.352912266006616,,,,,,,,,114,2013Q3
01/09/2014,PERU,0.0198259092162825,0.0,0.0105260110891095,0.0950166923121356,0.0492796058806203,0.0119840849194874,0.0567262849975656,0.1710186433780719,1.2591954772619371,,,,,,,,,134,2014Q3
01/09/2015,PERU,0.0102126512401063,0.0303870802590275,-0.0028051087045942,0.0893485496277289,0.0451727726019876,0.0137521759939532,0.0637529254490184,0.0507218664510278,1.2808308822218493,,,,,,,,,154,2015Q3
01/09/2016,PERU,0.0300484061820891,0.0,0.021043058680271,0.087468515655494,0.0528834128316065,0.0091283912632285,0.0472360087149266,0.1514756349324015,1.458414413709865,,,,,,,,,174,2016Q3
01/09/2017,PERU,0.0286650460056429,0.0,0.0226001536657908,0.060650023416595,0.0416915251907383,0.009110038562036,0.0280954015017069,0.0742403304932498,1.342177754931598,,,,,,,,,194,2017Q3
01/09/2018,PERU,0.0196551411373694,0.0,0.0161056774895624,0.0577746797076828,0.0379722138752254,0.0101959291451534,0.0375239097627109,0.0480361214651296,1.215054297821367,,,,,,,,,214,2018Q3
01/09/2019,PERU,0.016090317903469,0.0,0.0111280008085426,0.0723361731523609,0.040804288556801,0.0113281329442586,0.046074465785198,0.1529896138270607,1.4604522037142955,,,,,,,,,234,2019Q3
01/09/2020,PERU,-0.0471279355030025,0.7379611973324435,-0.1142628541500736,0.0396595190636483,-0.0117788946052067,0.016404840200338,0.0749854160943542,-0.128482673726799,1.9002104173975152,,,,,,,,,254,2020Q3
01/09/2021,PERU,0.0032604940824356,0.0462702120938784,-0.0185939260917271,0.1090783396927088,0.0571602924383509,0.0199312321335662,0.0934731670455143,-0.2311084327137274,1.5715598458351931,,,,,,,,,274,2021Q3
01/09/2022,PERU,-0.0380435813915758,0.2121481605695904,-0.0619150898737224,0.0716219321966896,0.0191581645154473,0.0244057490408579,0.1055920222287161,-0.1660868035461968,1.7832445243426085,,,,,,,,,294,2022Q3
01/09/2023,PERU,-0.0061492060162252,0.0998001297078368,-0.0119871054089241,0.0810571995607178,0.0220947600026863,0.0139599391072584,0.0614903118479225,0.0454631052184597,1.2957133979220026,,,,,,,,,314,2023Q3
01/09/2024,PERU,0.0061805104157689,0.0260380022981378,-0.0002677316013069,0.0879730026453427,0.0378803502452001,0.0132366333186454,0.062781745680678,-0.0006083106413853,1.394200611701318,,,,,,,,,334,2024Q3
01/09/2025,PERU,0.0210521282000571,0.0,0.0112826607384309,0.0940146131437828,0.0443671687650968,0.0091542173781006,0.047499461340153,0.1541770919831538,1.0877587212182496,,,,,,,,,354,2025Q3
01/12/2010,PERU,0.0545860952410512,0.0,0.0537487045688711,0.1271734142267472,0.083008578086223,0.0161219569044877,0.0724087857327168,0.5680332157086609,2.0688487377374805,0.0546188427380466,0.0872080489982713,0.0695632505105764,0.0154847633386479,0.8942943324904817,2.1,0.6666116462816228,3.379542307852128e-08,59,2010Q4
01/12/2011,PERU,0.0477707880524558,0.0,0.0412440503194888,0.1080613622482858,0.0695730414344754,0.0128336850035768,0.0592368145694911,0.2091002855600351,1.5446646865067155,,,,,,,,,79,2011Q4
01/12/2012,PERU,0.0531272816786596,0.0,0.0491159581964926,0.1193217400416204,0.0728777162338214,0.0092254785650679,0.0558441820604804,0.5271627367041908,1.8658265290739235,,,,,,,,,99,2012Q4
01/12/2013,PERU,0.0574409657385629,0.0,0.0549436569842812,0.1179120523067821,0.0742010229585844,0.0105247777994937,0.0402314594024292,0.3360263178351334,1.297302865236346,,,,,,,,,119,2013Q4
01/12/2014,PERU,0.0113669856308611,0.0,0.0062468289352126,0.0943870789944575,0.0462222798147274,0.0125028661127787,0.0652221618073161,0.1585335312991274,1.1934919379926257,,,,,,,,,139,2014Q4
01/12/2015,PERU,0.0230083860873231,0.0,0.0126638646038881,0.0934890467665188,0.0535272066481247,0.0114598724362834,0.056467305698654,0.0271156167346638,1.369015162973927,,,,,,,,,159,2015Q4
01/12/2016,PERU,0.0230001095208852,0.0,0.0150845098999199,0.0827614301790862,0.0454438263231884,0.0109866555787959,0.0448634833407363,0.2118650276848611,1.2941986528255516,,,,,,,,,179,2016Q4
01/12/2017,PERU,0.0204426135475841,0.0,0.0177309353241869,0.0587358238661096,0.0392210735314974,0.0096405238268028,0.0370819460255681,0.0315267776480095,1.4493619156090496,,,,,,,,,199,2017Q4
01/12/2018,PERU,0.0062561194723707,0.0,0.0004525748401936,0.1011797777928307,0.0460241555750512,0.0147377024846381,0.0689320833811324,0.095435283081421,1.2878859388512007,,,,,,,,,219,2018Q4
01/12/2019,PERU,0.0145838564199527,0.0,0.010740427383673,0.0642330577252442,0.0369099278491556,0.0097823030711278,0.042707801707283,0.0157216703684526,1.7096720016785585,,,,,,,,,239,2019Q4
01/12/2020,PERU,-0.0157587746892716,0.1312259831950412,-0.0421995075512327,0.065984435593928,0.0190209403743602,0.014860486711812,0.0677307107796498,0.1483256972262261,1.6157392313746917,,,,,,,,,259,2020Q4
01/12/2021,PERU,0.0122551235217957,0.0294408575068954,-0.0026471559943684,0.0984213580604329,0.0410778492719415,0.0135579149504857,0.0589224358724453,0.1149235507104418,1.2153242363770491,,,,,,,,,279,2021Q4
01/12/2022,PERU,-0.0010358489910075,0.0589736445879633,-0.0152135802137026,0.0905519119881189,0.0334367092726316,0.0145526509191341,0.0717529443892973,0.1910254366141012,1.5536804555905888,,,,,,,,,299,2022Q4
01/12/2023,PERU,0.0074153935216031,0.0,0.0041703935008522,0.0872945434358077,0.0273338793851951,0.0097155497886097,0.048231310135859,0.0487499225714677,1.1085568800676118,,,,,,,,,319,2023Q4
01/12/2024,PERU,0.0036940346265266,0.0357429957156178,-0.0027835439601847,0.0874037844757092,0.0372756813171787,0.0142419142234667,0.0657191919302149,-0.0326793174278689,1.4259635812879976,,,,,,,,,339,2024Q4
01/12/2025,PERU,0.0190963963408368,0.0,0.0119966318802795,0.090342808082954,0.0404470709634574,0.0091303927861339,0.0439738362313087,0.1469892978648126,1.0936785733229,,,,,,,,,359,2025Q4
