country,time,quarter,EMBI,JLoss,D,HHI,HHI_anual,debt,growth_q,gfac
brazil,0,2007Q3,100.24990769230769,2.9021770667423983,-0.0372863060732412,0.64919185,0.4800673,,,21.589206349206346
brazil,1,2007Q4,95.35775757575757,4.006896067552684,-0.045564118077144,0.64919185,0.4800673,,,22.02984375
brazil,2,2008Q1,148.21876923076923,3.1621962703317688,-0.0422068864988195,0.64919185,0.5131218,,,26.120163934426227
brazil,3,2008Q2,110.65329230769231,3.5087568481088494,-0.0453026680701201,0.64919185,0.5131218,,,20.67296875
brazil,4,2008Q3,138.8319090909091,5.687607298328175,-0.0467696963903762,0.64919185,0.5131218,,,25.07328125
brazil,5,2008Q4,352.14948484848486,15.543826980351565,0.0164549710641318,0.64919185,0.5131218,,,58.6046875
brazil,6,2009Q1,356.728890625,14.243341436550084,0.0589199333014301,0.64919185,0.6640308,,,45.0
brazil,7,2009Q2,229.36923076923077,4.568854336795474,0.0316614433281703,0.64919185,0.6640308,,,33.01571428571428
brazil,8,2009Q3,140.09906060606062,3.2572233549031218,0.0236447831846207,0.64919185,0.6640308,,,25.48625
brazil,9,2009Q4,124.1807878787879,3.0134035465157645,-0.029862474547377,0.64919185,0.6640308,61.3187804637225,,23.071875
brazil,10,2010Q1,128.97975,2.346797620236976,-0.0642274274089133,0.64919185,0.6185835000000001,61.3187804637225,,20.149672131147543
brazil,11,2010Q2,131.09924615384614,2.7475229378154054,-0.0409862128423152,0.64919185,0.6185835000000001,61.3187804637225,,26.391428571428573
brazil,12,2010Q3,121.85742424242424,2.6186036627954308,-0.0422394537431596,0.64919185,0.6185835000000001,60.824499923652674,,24.28359375
brazil,13,2010Q4,106.33751515151515,2.279907281960753,-0.0403552115479453,0.64919185,0.6185835000000001,60.33021938358284,,19.318437499999998
brazil,14,2011Q1,114.07721875,2.449755708542065,-0.0358598988651239,0.64919185,0.6203946,59.83593884351302,,18.614838709677418
brazil,15,2011Q2,108.15438461538461,2.479053365633338,-0.0307117014881231,0.64919185,0.6203946,59.3416583034432,,17.482380952380954
brazil,16,2011Q3,145.01303030303032,4.987601139017956,0.0078233658406393,0.64919185,0.6203946,59.46861622767448,,30.58359375
brazil,17,2011Q4,163.5385076923077,3.770610527032251,-0.0089892609565494,0.64919185,0.6203946,59.59557415190575,,29.93952380952381
brazil,18,2012Q1,139.64392307692307,2.9868176193362297,-0.0098587198374738,0.64919185,0.493904,59.72253207613702,,18.20403225806452
brazil,19,2012Q2,143.53612307692308,5.333851128603483,0.0022692164334935,0.64919185,0.493904,59.8494900003683,,20.035714285714285
brazil,20,2012Q3,129.56143076923078,3.9214760484118423,-0.0139505227289751,0.64919185,0.493904,59.19421984634143,,16.192698412698412
brazil,21,2012Q4,108.18704545454545,3.503443517951216,-0.0149579076910113,0.64919185,0.493904,58.53894969231455,,16.752903225806453
brazil,22,2013Q1,120.27989062500001,3.087297230089036,-0.0167282883732748,0.64919185,0.610966,57.88367953828767,,13.527
brazil,23,2013Q2,138.13193846153848,4.373728976324583,-0.014448806503541,0.64919185,0.610966,57.2284093842608,,14.837031249999999
brazil,24,2013Q3,186.1971212121212,4.269344916462583,-0.007766582789039,0.64919185,0.610966,57.53562481463908,,14.2796875
brazil,25,2013Q4,181.51309230769232,3.6019221145592577,-0.0114453597234932,0.64919185,0.610966,57.84284024501735,,14.2328125
brazil,26,2014Q1,185.855140625,6.709074332637787,-0.0183478630602384,0.64919185,0.6343529,58.15005567539562,,14.828852459016392
brazil,27,2014Q2,148.9964923076923,5.887945144662147,0.0082695200062219,0.64919185,0.6343529,58.4572711057739,,12.738253968253968
brazil,28,2014Q3,145.76321212121212,5.96129075318143,0.0142182966509172,0.64919185,0.6343529,60.72734183702907,,13.07265625
brazil,29,2014Q4,173.18930303030305,9.930189615000838,0.0144884444379278,0.64919185,0.6343529,62.99741256828425,,16.07234375
brazil,30,2015Q1,242.2035,6.203900571211738,0.0232776227020421,0.64919185,0.738635,65.26748329953942,,16.564754098360655
brazil,31,2015Q2,239.52623076923078,5.379473578660424,0.0281439747265025,0.64919185,0.738635,67.5375540307946,,13.740158730158731
brazil,32,2015Q3,334.9581969696969,11.175741333700715,0.0563444475459266,0.64919185,0.738635,69.00786647358503,,19.30734375
brazil,33,2015Q4,444.6129393939394,13.923590488395346,0.051880561272283,0.64919185,0.738635,70.47817891637544,,17.03328125
brazil,34,2016Q1,451.86407692307694,10.832793377708615,0.0475838086611358,0.64919185,0.7525742,71.94849135916587,,20.486229508196722
brazil,35,2016Q2,346.36024615384616,9.535983704016486,0.0341490429058082,0.64919185,0.7525742,73.4188038019563,,15.6759375
brazil,36,2016Q3,275.8466666666667,5.974216428184856,0.0251552115906281,0.64919185,0.7525742,75.98140351375737,,13.23390625
brazil,37,2016Q4,286.2388,5.800804532591896,0.0251654334769452,0.64919185,0.7525742,78.54400322555844,,14.097936507936508
brazil,38,2017Q1,238.40998461538462,3.745885702674746,0.0076081596258852,0.64919185,0.7496375999999999,81.10660293735953,,11.691935483870967
brazil,39,2017Q2,228.73935384615382,6.30179072049879,0.0045444109091699,0.64919185,0.7496375999999999,83.6692026491606,,11.426349206349206
brazil,40,2017Q3,205.5510153846154,2.565900210078903,-0.0042020610994743,0.64919185,0.7496375999999999,84.40387301717877,,10.944285714285714
brazil,41,2017Q4,173.0745692307692,3.353747416491789,-0.0088223053401274,0.64919185,0.7496375999999999,85.13854338519695,,10.307936507936507
brazil,42,2018Q1,153.64995384615384,2.6583929303326594,0.0018205665404766,0.64919185,0.7384729,85.87321375321513,,17.354754098360658
brazil,43,2018Q2,207.0025076923077,5.137768372110746,0.0031303064589557,0.64919185,0.7384729,86.6078841212333,,15.3375
brazil,44,2018Q3,256.1724461538461,4.34016585269872,-0.0035368193545139,0.64919185,0.7384729,88.09722638970669,,12.856825396825396
brazil,45,2018Q4,213.4657878787879,3.651094415815392,0.0041165532001101,0.64919185,0.7384729,89.5865686581801,,21.053650793650796
brazil,46,2019Q1,170.945015625,2.859279057558576,0.0030925627572746,0.64919185,0.7317778,91.0759109266535,,16.47
brazil,47,2019Q2,170.82144615384615,2.3933677302575878,0.0005262005332926,0.64919185,0.7317778,92.5652531951269,,15.183015873015872
brazil,48,2019Q3,132.80345454545454,2.778829179454926,0.0023128373368641,0.64919185,0.7317778,94.10141038314146,,15.96015625
brazil,49,2019Q4,120.253,2.395739486853901,-0.0034601717818078,0.64919185,0.7317778,95.637567571156,,13.98578125
brazil,50,2020Q1,149.4264,13.222566306392336,0.0592875248403832,0.64919185,0.7045802000000001,97.17372475917054,,31.22451612903226
brazil,51,2020Q2,292.7713692307692,9.172354953792071,0.1355840971786949,0.64919185,0.7045802000000001,98.7098819471851,,34.493650793650794
brazil,52,2020Q3,222.9117272727273,4.454152356177935,0.0579714031228227,0.64919185,0.7045802000000001,95.28528737962584,,25.80890625
brazil,53,2020Q4,183.85778787878786,4.192995613119392,0.0267537384141431,0.64919185,0.7045802000000001,91.86069281206656,,25.62171875
brazil,54,2021Q1,178.283046875,5.389147461255601,0.0099921143172379,0.64919185,0.7039432999999999,88.43609824450726,,23.20245901639344
brazil,55,2021Q2,183.6085230769231,3.024927350478835,-0.0708653907555535,0.64919185,0.7039432999999999,85.011503676948,,18.0
brazil,56,2021Q3,180.91698484848484,4.840437859192328,0.0140240410778432,0.64919185,0.7039432999999999,83.53420822972045,,18.28734375
brazil,57,2021Q4,227.1576818181818,8.572047796169198,0.0168291487996775,0.64919185,0.7039432999999999,82.0569127824929,,19.27515625
brazil,58,2022Q1,220.311921875,4.127531347681025,0.0318617468662747,0.64919185,0.7039432999999999,80.57961733526535,,25.372903225806454
brazil,59,2022Q2,241.3084,5.008891123256095,0.040518956012526,0.64919185,0.7039432999999999,79.1023218880378,,27.3984375
brazil,60,2022Q3,275.3128181818182,3.677127785772037,0.0311762776084331,0.64919185,0.7039432999999999,80.08467887911583,,24.792727272727273
brazil,61,2022Q4,268.81550769230773,7.025747291981512,0.015728069025501,0.64919185,0.7039432999999999,81.06703587019385,,25.00265625
brazil,62,2023Q1,237.32186153846155,4.948797090792325,-0.0031640617777475,0.64919185,0.7039432999999999,82.04939286127188,,20.6840625
brazil,63,2023Q2,211.47515384615386,2.758961533673658,-0.0084983048917554,0.64919185,0.7039432999999999,83.0317498523499,,16.44125
brazil,64,2023Q3,175.48106153846155,2.642257228633536,0.0043123628610235,0.64919185,0.7039432999999999,82.73767316898883,,15.01323076923077
brazil,65,2023Q4,162.28843076923076,2.573645897726589,-0.0096891866909439,0.64919185,0.7039432999999999,82.44359648562775,,15.28625
brazil,66,2024Q1,132.8506923076923,3.0864725309087206,-0.0154597217323525,0.64919185,0.7039432999999999,,,13.712539682539683
brazil,67,2024Q2,149.99126153846154,2.566408028582618,0.0044208764712495,0.64919185,0.7039432999999999,,,13.980307692307692
brazil,68,2024Q3,155.85104545454544,2.694597147407276,0.0007466434290682,0.64919185,0.7039432999999999,,,17.066666666666666
brazil,69,2024Q4,167.30342424242423,3.2992573760250927,-0.0016593401297031,0.64919185,0.7039432999999999,,,17.363230769230768
brazil,70,2025Q1,180.6605625,3.261229635753399,0.0011225979720061,0.64919185,0.7039432999999999,,,18.52111111111111
brazil,71,2025Q2,173.15004615384618,4.712338183016113,-0.0038495299394216,0.64919185,0.7039432999999999,,,23.56140625
brazil,72,2025Q3,141.09369696969696,4.138471723209773,-0.0004942486963429,0.64919185,0.7039432999999999,,,15.983030303030304
brazil,73,2025Q4,141.3455909090909,3.5698933252662397,-0.0027995245267182,0.64919185,0.7039432999999999,,,17.74523076923077
brazil,74,2026Q1,133.381609375,4.1381618238126565,0.0331111415643783,0.64919185,0.7039432999999999,,,20.42904761904762
chile,0,2007Q3,18.423907692307694,2.1624070852986934,-0.0262015927331271,0.52736925,0.5329204,,,21.589206349206346
chile,1,2007Q4,25.820446153846152,2.1638258072583123,-0.0255956278858566,0.52736925,0.5329204,,,22.02984375
chile,2,2008Q1,63.02022222222222,2.63092730621741,-0.0344525598358217,0.52736925,0.5329204,,,26.120163934426227
chile,3,2008Q2,54.776359375,2.1697348729714165,-0.0298167923478641,0.52736925,0.5329204,,,20.67296875
chile,4,2008Q3,70.78518461538462,2.7702217401812086,-0.0146186331146162,0.52736925,0.5329204,,,25.07328125
chile,5,2008Q4,221.22807692307694,6.722505631133253,0.0079886344988945,0.52736925,0.5329204,,,58.6046875
chile,6,2009Q1,239.2995,2.7576799757167727,0.0641388953863387,0.52736925,0.5329204,,,45.0
chile,7,2009Q2,145.21398461538462,2.316519617576777,0.036778292359929,0.52736925,0.5329204,,,33.01571428571428
chile,8,2009Q3,88.06566666666666,2.164574129877037,0.0200814457120462,0.52736925,0.5329204,,,25.48625
chile,9,2009Q4,67.74222727272728,2.1693689425799967,0.0063464188037015,0.52736925,0.5329204,,,23.071875
chile,10,2010Q1,73.308953125,2.1827775763218584,-0.0033413259897127,0.52736925,0.9714853,,,20.149672131147543
chile,11,2010Q2,92.9118,2.163799041374096,-0.0107086966146874,0.52736925,0.9714853,,,26.391428571428573
chile,12,2010Q3,81.33613636363637,2.199384859598076,-0.0311497739007197,0.52736925,0.9714853,,,24.28359375
chile,13,2010Q4,77.0253181818182,2.167348403232028,-0.0407542301500406,0.52736925,0.9714853,,,19.318437499999998
chile,14,2011Q1,76.22546875,2.193695539723489,-0.0515963806241382,0.52736925,0.9251259,,,18.614838709677418
chile,15,2011Q2,65.86760000000001,2.1633072096626065,-0.0392228231437087,0.52736925,0.9251259,,,17.482380952380954
chile,16,2011Q3,96.30925757575757,2.4246864624784794,0.0087914782665671,0.52736925,0.9251259,,,30.58359375
chile,17,2011Q4,129.7356769230769,2.4025051678197995,-0.027404301143813,0.52736925,0.9251259,,,29.93952380952381
chile,18,2012Q1,105.53144615384615,2.160310774971094,-0.0375303089497658,0.52736925,0.9285911,,,18.20403225806452
chile,19,2012Q2,109.03824615384615,2.2206242062317023,-0.0399920634444689,0.52736925,0.9285911,,,20.035714285714285
chile,20,2012Q3,96.87918461538462,2.1636942261486163,-0.0444332151799659,0.52736925,0.9285911,,,16.192698412698412
chile,21,2012Q4,78.05648484848484,2.117188109195192,-0.036023417505552,0.52736925,0.9285911,,,16.752903225806453
chile,22,2013Q1,67.88925,2.2669463754656856,-0.0319935529879284,0.52736925,0.9422449,,,13.527
chile,23,2013Q2,76.72255384615386,2.174827263812547,-0.0138191531817185,0.52736925,0.9422449,,,14.837031249999999
chile,24,2013Q3,94.13468181818182,2.211933735376629,-0.0154522085637436,0.52736925,0.9422449,,,14.2796875
chile,25,2013Q4,82.92240625,2.373850032513748,-0.0191180796151612,0.52736925,0.9422449,,,14.2328125
chile,26,2014Q1,81.259,2.309977048597554,-0.0117713662626449,0.52736925,0.9367061,,,14.828852459016392
chile,27,2014Q2,72.83243076923077,2.160281700834995,-0.0132267232392136,0.52736925,0.9367061,,,12.738253968253968
chile,28,2014Q3,67.85186363636363,1.4335583049333425,-0.0040719286945056,0.52736925,0.9367061,,,13.07265625
chile,29,2014Q4,78.97584848484848,2.1604934420365023,-0.0020997904912737,0.52736925,0.9367061,,,16.07234375
chile,30,2015Q1,97.45,2.186836351797979,-0.0126315409746334,0.52736925,0.4855059,,,16.564754098360655
chile,31,2015Q2,82.97767692307693,2.2323168614273468,-0.0081562786225674,0.52736925,0.4855059,,,13.740158730158731
chile,32,2015Q3,110.95283333333333,2.172859478494517,-0.0031521347292715,0.52736925,0.4855059,,,19.30734375
chile,33,2015Q4,129.17419696969696,2.166719003565081,-0.0045395529924777,0.52736925,0.4855059,,,17.03328125
chile,34,2016Q1,122.73113846153846,2.2634040572777763,-0.0147088860817578,0.52736925,0.4896872,,,20.486229508196722
chile,35,2016Q2,102.09129230769231,4.975883336737108,-0.0022759394599263,0.52736925,0.4896872,,,15.6759375
chile,36,2016Q3,79.44659090909092,2.0024532104502164,-0.0089425093760671,0.52736925,0.4896872,,,13.23390625
chile,37,2016Q4,88.679,2.1622769153512285,0.0010074586536412,0.52736925,0.4896872,,,14.097936507936508
chile,38,2017Q1,77.56641538461538,2.1603532456746186,0.0090421308748347,0.52736925,0.4889708,,,11.691935483870967
chile,39,2017Q2,71.42027692307693,2.1625021255566788,0.0005279614419793,0.52736925,0.4889708,,,11.426349206349206
chile,40,2017Q3,61.66215384615384,2.16015015612306,-0.009574197713013,0.52736925,0.4889708,,,10.944285714285714
chile,41,2017Q4,53.43033846153846,2.30935031275798,-0.0152308655078283,0.52736925,0.4889708,,,10.307936507936507
chile,42,2018Q1,46.49783076923077,2.1663808533913222,-0.020013809243415,0.52736925,0.4956129,,,17.354754098360658
chile,43,2018Q2,53.31646153846154,1.8612935119708736,-0.0290126075614216,0.52736925,0.4956129,,,15.3375
chile,44,2018Q3,52.51721538461538,2.1604725217825003,-0.0085843592597431,0.52736925,0.4956129,,,12.856825396825396
chile,45,2018Q4,53.49487878787878,2.1866190206962237,-0.0114015136492403,0.52736925,0.4956129,,,21.053650793650796
chile,46,2019Q1,48.8638125,2.1618265624134168,-0.0035547562034699,0.52736925,0.5029628,,,16.47
chile,47,2019Q2,42.312369230769235,2.1611296345058006,-0.0019928762496383,0.52736925,0.5029628,,,15.183015873015872
chile,48,2019Q3,36.21904545454545,2.1610973477699638,-0.0121276744867304,0.52736925,0.5029628,,,15.96015625
chile,49,2019Q4,43.825878787878786,4.187456648920698,0.0321095459999321,0.52736925,0.5029628,,,13.98578125
chile,50,2020Q1,69.68066153846155,11.632987722659262,0.0575715602556459,0.52736925,0.5200156,,,31.22451612903226
chile,51,2020Q2,102.96723076923077,9.436048114405276,0.1478663040103728,0.52736925,0.5200156,,,34.493650793650794
chile,52,2020Q3,67.83454545454545,9.129371243605814,0.0941873351751524,0.52736925,0.5200156,,,25.80890625
chile,53,2020Q4,51.97045454545455,7.778770866181864,0.0226341951341283,0.52736925,0.5200156,,,25.62171875
chile,54,2021Q1,51.057140625,5.202493229548201,0.0140977939966623,0.52736925,0.5218181,,,23.20245901639344
chile,55,2021Q2,59.66238461538461,8.140361873415298,-0.0848927417953727,0.52736925,0.5218181,,,18.0
chile,56,2021Q3,67.55490909090909,7.617639282166287,-0.0257406553521516,0.52736925,0.5218181,,,18.28734375
chile,57,2021Q4,84.80981818181819,10.776771160603069,-0.0067017416155127,0.52736925,0.5218181,,,19.27515625
chile,58,2022Q1,78.592078125,4.85659707291076,-0.0041889084470519,0.52736925,0.5218181,,,25.372903225806454
chile,59,2022Q2,97.00083076923077,4.568230512964057,0.0121162400939986,0.52736925,0.5218181,,,27.3984375
chile,60,2022Q3,136.5168153846154,5.0930900203280975,0.0360059878910694,0.52736925,0.5218181,,,24.792727272727273
chile,61,2022Q4,133.4628153846154,4.2396463676384855,0.0264863924802688,0.52736925,0.5218181,,,25.00265625
chile,62,2023Q1,104.71192307692307,3.877843297161628,0.0155155352411031,0.52736925,0.5218181,,,20.6840625
chile,63,2023Q2,90.89156923076924,3.1085917389333275,0.0049249302115108,0.52736925,0.5218181,,,16.44125
chile,64,2023Q3,66.53853846153847,5.45053424222445,0.0187139115394785,0.52736925,0.5218181,,,15.01323076923077
chile,65,2023Q4,65.13189230769231,3.1920103511725144,0.002704429696664,0.52736925,0.5218181,,,15.28625
chile,66,2024Q1,52.90075384615385,2.4843519815552404,0.0013218043737104,0.52736925,0.5218181,,,13.712539682539683
chile,67,2024Q2,55.15301538461539,4.238752468236695,0.0040222383751835,0.52736925,0.5218181,,,13.980307692307692
chile,68,2024Q3,54.184681818181815,2.31993227110216,-0.0022474086016307,0.52736925,0.5218181,,,17.066666666666666
chile,69,2024Q4,57.0949696969697,2.1903435830013422,-0.0110374351656541,0.52736925,0.5218181,,,17.363230769230768
chile,70,2025Q1,58.5938125,2.1782057715945435,0.0035708194188464,0.52736925,0.5218181,,,18.52111111111111
chile,71,2025Q2,63.56056923076923,2.343035970779782,-0.0160084383939492,0.52736925,0.5218181,,,23.56140625
chile,72,2025Q3,51.887454545454545,2.179036628862986,-0.0084607087536978,0.52736925,0.5218181,,,15.983030303030304
chile,73,2025Q4,49.77980303030303,2.1887439813685927,-0.0128602653830575,0.52736925,0.5218181,,,17.74523076923077
chile,74,2026Q1,45.66521875,2.5849226401854626,0.0461485309823039,0.52736925,0.5218181,,,20.42904761904762
colombia,0,2008Q4,358.40784375,8.15381075587281,0.0393191372900194,0.6844536999999999,1.0,,,58.6046875
colombia,1,2009Q1,404.18696825396825,2.29265057080388,0.0551928811782582,0.6844536999999999,1.0,,,45.0
colombia,2,2009Q2,264.4542307692308,2.2044845006477143,0.0199038166836258,0.6844536999999999,1.0,,,33.01571428571428
colombia,3,2009Q3,172.3372121212121,2.168248795341865,0.0200157506349266,0.6844536999999999,1.0,,,25.48625
colombia,4,2009Q4,150.60083333333336,2.1610039322957637,-0.0075200839873897,0.6844536999999999,1.0,70.72583663180235,,23.071875
colombia,5,2010Q1,151.524328125,2.1605925323146318,-0.0211031014212277,0.6844536999999999,1.0,71.58925327895673,,20.149672131147543
colombia,6,2010Q2,153.03576923076923,2.1614630560037016,-0.0078161307455223,0.6844536999999999,1.0,72.4526699261111,,26.391428571428573
colombia,7,2010Q3,127.84195454545454,2.168139968645677,-0.0179884963766618,0.6844536999999999,1.0,70.05453565013465,,24.28359375
colombia,8,2010Q4,107.66445454545455,7.186136436432117,-0.036588565288422,0.6844536999999999,1.0,67.65640137415821,,19.318437499999998
colombia,9,2011Q1,115.1659375,2.16537938400647,-0.0466104407168809,0.6844536999999999,0.986925,65.25826709818175,,18.614838709677418
colombia,10,2011Q2,103.7472,2.36134209613934,-0.0487305156879585,0.6844536999999999,0.986925,62.8601328222053,,17.482380952380954
colombia,11,2011Q3,143.60251515151515,2.2291163432812344,-0.0340501988773144,0.6844536999999999,0.986925,63.45202358744498,,30.58359375
colombia,12,2011Q4,162.40980000000002,2.244552313681651,-0.0439150176506854,0.6844536999999999,0.986925,64.04391435268465,,29.93952380952381
colombia,13,2012Q1,130.34798461538463,2.174769073575244,-0.0507499171192235,0.6844536999999999,0.984413,64.63580511792432,,18.20403225806452
colombia,14,2012Q2,132.2068923076923,2.1624128267843914,-0.0286966315406003,0.6844536999999999,0.984413,65.227695883164,,20.035714285714285
colombia,15,2012Q3,115.70455384615386,2.166215659106214,-0.0156199520639408,0.6844536999999999,0.984413,65.69649989878373,,16.192698412698412
colombia,16,2012Q4,99.91384848484849,2.160034703549241,-0.0192680680597681,0.6844536999999999,0.984413,66.16530391440345,,16.752903225806453
colombia,17,2013Q1,95.432671875,2.1600017061016445,-0.0187015499672108,0.6844536999999999,0.984413,66.63410793002318,,13.527
colombia,18,2013Q2,103.061,2.1698326910425814,-0.0336379459394651,0.6844536999999999,0.984413,67.1029119456429,,14.837031249999999
colombia,19,2013Q3,130.2282575757576,2.1619489315806413,-0.0495040250458767,0.6844536999999999,0.984413,62.32122633824365,,14.2796875
colombia,20,2013Q4,124.31155384615386,2.212690376873204,-0.0509345253855584,0.6844536999999999,0.984413,57.5395407308444,,14.2328125
colombia,21,2014Q1,118.494234375,2.213737218857437,-0.0526108706912644,0.6844536999999999,0.984413,52.757855123445154,,14.828852459016392
colombia,22,2014Q2,89.94909230769231,2.16026727385052,-0.0229370118917081,0.6844536999999999,0.984413,47.9761695160459,,12.738253968253968
colombia,23,2014Q3,85.68287878787878,2.165897770331458,-0.0262765416993792,0.6844536999999999,0.984413,49.3017740054636,,13.07265625
colombia,24,2014Q4,111.12142424242424,2.351519824951555,-0.009398218554907,0.6844536999999999,0.984413,50.6273784948813,,16.07234375
colombia,25,2015Q1,157.307625,2.5609549144221844,-0.008058239387787,0.6844536999999999,0.6448856000000001,51.952982984299,,16.564754098360655
colombia,26,2015Q2,150.42363076923078,2.246452065944489,-0.0148817153756474,0.6844536999999999,0.6448856000000001,53.2785874737167,,13.740158730158731
colombia,27,2015Q3,201.296,2.504123009612018,-0.0109809314193683,0.6844536999999999,0.6448856000000001,56.68573083341415,,19.30734375
colombia,28,2015Q4,225.36619696969697,4.2088007747707845,0.004726182753528,0.6844536999999999,0.6448856000000001,60.0928741931116,,17.03328125
colombia,29,2016Q1,265.72050769230765,2.6911421964111435,-0.0083463171026226,0.6844536999999999,0.6695708,63.50001755280905,,20.486229508196722
colombia,30,2016Q2,224.8848,2.4329587393577063,-0.0045141372854584,0.6844536999999999,0.6695708,66.9071609125065,,15.6759375
colombia,31,2016Q3,178.68801515151515,2.187775042156284,-0.0003968379785567,0.6844536999999999,0.6695708,66.86218264618353,,13.23390625
colombia,32,2016Q4,179.6270769230769,2.169961945383484,-0.0067066138312747,0.6844536999999999,0.6695708,66.81720437986056,,14.097936507936508
colombia,33,2017Q1,144.47075384615385,2.2157100753436154,0.00461239429428,0.6844536999999999,0.6844536999999999,66.77222611353757,,11.691935483870967
colombia,34,2017Q2,129.80596923076925,2.175191494597598,0.0003378329106227,0.6844536999999999,0.6844536999999999,66.7272478472146,,11.426349206349206
colombia,35,2017Q3,127.18106153846155,2.25251531147806,-0.0052914360111412,0.6844536999999999,0.6844536999999999,67.95807844743734,,10.944285714285714
colombia,36,2017Q4,113.38278461538462,2.206328143687383,-0.0005102217234033,0.6844536999999999,0.6844536999999999,69.1889090476601,,10.307936507936507
colombia,37,2018Q1,99.1414923076923,2.2524662114823486,0.0045568498963329,0.6844536999999999,0.6156152,70.41973964788285,,17.354754098360658
colombia,38,2018Q2,112.94789230769231,2.2065027816176515,-0.008826574448806,0.6844536999999999,0.6156152,71.6505702481056,,15.3375
colombia,39,2018Q3,110.21633846153846,2.226330520501851,-0.0142772645137315,0.6844536999999999,0.6156152,71.91389733034974,,12.856825396825396
colombia,40,2018Q4,132.05380303030302,2.9385220844487496,-0.0037206488471191,0.6844536999999999,0.6156152,72.17722441259389,,21.053650793650796
colombia,41,2019Q1,121.192625,2.2602074509662087,-0.0216315936030012,0.6844536999999999,0.6265531,72.44055149483805,,16.47
colombia,42,2019Q2,103.97913846153847,2.364662277434684,-0.0173387856347133,0.6844536999999999,0.6265531,72.7038785770822,,15.183015873015872
colombia,43,2019Q3,89.99037878787878,2.235771086319791,-0.0165551708557652,0.6844536999999999,0.6265531,77.31706066905505,,15.96015625
colombia,44,2019Q4,82.57363636363635,2.222827482325056,-0.0180358199647494,0.6844536999999999,0.6265531,81.9302427610279,,13.98578125
colombia,45,2020Q1,124.95106153846154,12.892388512661428,0.0572181035939026,0.6844536999999999,0.6339769,86.54342485300074,,31.22451612903226
colombia,46,2020Q2,205.71646153846154,10.08576906706181,0.1903126166839469,0.6844536999999999,0.6339769,91.1566069449736,,34.493650793650794
colombia,47,2020Q3,131.7504696969697,5.282008750707799,0.0972541283306247,0.6844536999999999,0.6339769,88.47394560965785,,25.80890625
colombia,48,2020Q4,104.27168181818182,4.020287164612073,0.0532683719775353,0.6844536999999999,0.6339769,85.7912842743421,,25.62171875
colombia,49,2021Q1,109.50353125,3.7755123006646016,0.0141334174672393,0.6844536999999999,0.7377148,83.10862293902636,,23.20245901639344
colombia,50,2021Q2,130.60715384615384,3.615499167125449,-0.08553694472906,0.6844536999999999,0.7377148,80.4259616037106,,18.0
colombia,51,2021Q3,143.23292424242425,2.6717806601051257,-0.0193488520671591,0.6844536999999999,0.7377148,77.88476119939003,,18.28734375
colombia,52,2021Q4,185.10718181818183,3.843597586920754,-0.0281169060935501,0.6844536999999999,0.7377148,75.34356079506945,,19.27515625
colombia,53,2022Q1,209.183125,6.126919533565999,-0.0140341552975127,0.6844536999999999,0.7377148,72.80236039074887,,25.372903225806454
colombia,54,2022Q2,238.48984615384614,7.059799234775403,-0.004476088154165,0.6844536999999999,0.7377148,70.2611599864283,,27.3984375
colombia,55,2022Q3,275.3028923076923,7.777529524354851,0.011880444868572,0.6844536999999999,0.7377148,70.52868828722328,,24.792727272727273
colombia,56,2022Q4,313.58333846153846,5.288350294312862,0.0150806086656904,0.6844536999999999,0.7377148,70.79621658801824,,25.00265625
colombia,57,2023Q1,283.0723384615385,7.345122497815343,-0.000525409598923,0.6844536999999999,0.7377148,71.06374488881322,,20.6840625
colombia,58,2023Q2,275.47172307692307,9.770670362874922,0.01414604148413,0.6844536999999999,0.7377148,71.3312731896082,,16.44125
colombia,59,2023Q3,218.78016923076922,10.537790124423909,0.027748189083445,0.6844536999999999,0.7377148,71.36923643260617,,15.01323076923077
colombia,60,2023Q4,207.14095384615385,7.487512121048478,0.0010911462464725,0.6844536999999999,0.7377148,71.40719967560415,,15.28625
colombia,61,2024Q1,172.0476,8.57608154042776,0.0050197424481142,0.6844536999999999,0.7377148,,,13.712539682539683
colombia,62,2024Q2,186.93036923076923,5.195217665499754,0.0047562303594837,0.6844536999999999,0.7377148,,,13.980307692307692
colombia,63,2024Q3,188.79672727272728,4.0072465442369785,0.0080628125751398,0.6844536999999999,0.7377148,,,17.066666666666666
colombia,64,2024Q4,199.48600000000002,4.227360259762583,0.0006677691832246,0.6844536999999999,0.7377148,,,17.363230769230768
colombia,65,2025Q1,200.5881875,4.545719224373304,0.0068502323562619,0.6844536999999999,0.7377148,,,18.52111111111111
colombia,66,2025Q2,244.50518461538462,16.71966732471934,-0.0017769550552088,0.6844536999999999,0.7377148,,,23.56140625
colombia,67,2025Q3,196.54171212121213,2.4852503228961744,-0.012927416048573,0.6844536999999999,0.7377148,,,15.983030303030304
colombia,68,2025Q4,199.89137878787878,2.9525333663195945,-0.005796254856873,0.6844536999999999,0.7377148,,,17.74523076923077
colombia,69,2026Q1,211.28015625,5.972553239006081,0.0291627061667025,0.6844536999999999,0.7377148,,,20.42904761904762
mexico,0,2006Q4,46.040671875,3.067620710942231,-0.0143884042111948,0.50834935,0.5770306000000001,,,11.034920634920635
mexico,1,2007Q1,41.89504615384615,2.341186430809286,-0.0018921265117781,0.50834935,0.5984275,,,12.56360655737705
mexico,2,2007Q2,32.92343076923077,5.261485654067326,-0.001963170707873,0.50834935,0.5984275,,,13.731904761904762
mexico,3,2007Q3,53.886307692307696,3.523501055563281,-4.4546598534620646e-05,0.50834935,0.5984275,,,21.589206349206346
mexico,4,2007Q4,59.89901515151515,2.439295354608982,0.0009511892186761,0.50834935,0.5984275,,,22.02984375
mexico,5,2008Q1,116.59926153846155,2.632006455502343,0.0087133945235351,0.50834935,0.5921181,,,26.120163934426227
mexico,6,2008Q2,89.11606153846154,2.1788517415487427,0.0024263299888473,0.50834935,0.5921181,,,20.67296875
mexico,7,2008Q3,122.75430769230769,3.105448042840601,0.0124360594882766,0.50834935,0.5921181,,,25.07328125
mexico,8,2008Q4,339.7612063492063,9.313824665585976,0.0293469113851018,0.50834935,0.5921181,,,58.6046875
mexico,9,2009Q1,385.5108888888889,13.924602741294525,0.0950334190933687,0.50834935,0.4155071999999999,,,45.0
mexico,10,2009Q2,255.04844615384619,5.754542346368821,0.0782445449609289,0.50834935,0.4155071999999999,,,33.01571428571428
mexico,11,2009Q3,174.56766666666667,3.218762029981307,0.0561487035039436,0.50834935,0.4155071999999999,,,25.48625
mexico,12,2009Q4,147.21283333333335,3.143458558768509,0.0348346398809103,0.50834935,0.4155071999999999,41.3273940627237,,23.071875
mexico,13,2010Q1,127.969609375,2.2219283934934038,-0.0023105522988972,0.50834935,0.5098429,41.3273940627237,,20.149672131147543
mexico,14,2010Q2,126.20379999999999,2.425959976189188,-0.0008216547919737,0.50834935,0.5098429,41.3273940627237,,26.391428571428573
mexico,15,2010Q3,126.25716666666666,2.162720965255989,-0.0031056940123403,0.50834935,0.5098429,41.3273940627237,,24.28359375
mexico,16,2010Q4,111.21922727272727,2.1631272643276773,-0.0039226483330973,0.50834935,0.5098429,41.3273940627237,,19.318437499999998
mexico,17,2011Q1,112.86073437499999,2.1831981012448707,-0.0013618942302122,0.50834935,0.5510509,41.3273940627237,,18.614838709677418
mexico,18,2011Q2,103.46721538461539,2.557919963785196,0.002545077056609,0.50834935,0.5510509,41.3273940627237,,17.482380952380954
mexico,19,2011Q3,144.14878787878789,4.3882541354648055,0.0255356130216547,0.50834935,0.5510509,41.3273940627237,,30.58359375
mexico,20,2011Q4,160.2508,3.2552160017065064,-0.0041649919692574,0.50834935,0.5510509,41.3273940627237,,29.93952380952381
mexico,21,2012Q1,134.3484153846154,2.18632113488207,-0.0196924184107705,0.50834935,0.5475074,41.3273940627237,,18.20403225806452
mexico,22,2012Q2,135.46016923076922,2.392396698819926,-0.0169284010882512,0.50834935,0.5475074,41.3273940627237,,20.035714285714285
mexico,23,2012Q3,111.65115384615385,13.51924638065182,-0.0101267632539133,0.50834935,0.5475074,41.3273940627237,,16.192698412698412
mexico,24,2012Q4,99.39277272727273,2.163074498391138,-0.0084813166202819,0.50834935,0.5475074,41.3273940627237,,16.752903225806453
mexico,25,2013Q1,96.181609375,2.2469688915602437,0.0069854577326072,0.50834935,0.3734406,41.3273940627237,,13.527
mexico,26,2013Q2,100.39612307692309,2.837567806884804,0.0095481488325837,0.50834935,0.3734406,41.3273940627237,,14.837031249999999
mexico,27,2013Q3,123.09918181818182,4.362513911113187,0.0108588723127349,0.50834935,0.3734406,41.3273940627237,,14.2796875
mexico,28,2013Q4,102.1823076923077,2.180907572122479,0.0009666201099327,0.50834935,0.3734406,41.3273940627237,,14.2328125
mexico,29,2014Q1,93.90607812500001,2.3348940137846923,-0.0068086417233624,0.50834935,0.3781215,41.3273940627237,,14.828852459016392
mexico,30,2014Q2,78.17863076923076,2.16374720161364,-0.005055151941208,0.50834935,0.3781215,41.3273940627237,,12.738253968253968
mexico,31,2014Q3,75.4555606060606,2.1613303015865557,-0.0078833404609208,0.50834935,0.3781215,41.3273940627237,,13.07265625
mexico,32,2014Q4,89.514,2.22846206669848,-0.0020260223497999,0.50834935,0.3781215,41.3273940627237,,16.07234375
mexico,33,2015Q1,115.835859375,2.202144700324617,-0.006564370470827,0.50834935,0.5223878,41.3273940627237,,16.564754098360655
mexico,34,2015Q2,121.12884615384615,2.16214097171231,-0.0057351817242473,0.50834935,0.5223878,41.3273940627237,,13.740158730158731
mexico,35,2015Q3,142.30574242424242,2.1819780690287827,-0.0049118127021171,0.50834935,0.5223878,41.3273940627237,,19.30734375
mexico,36,2015Q4,157.96133333333333,2.192690279757341,-0.0012736375802864,0.50834935,0.5223878,41.3273940627237,,17.03328125
mexico,37,2016Q1,188.46955384615384,2.221990545933791,-0.0002318921848947,0.50834935,0.5127603,41.3273940627237,,20.486229508196722
mexico,38,2016Q2,167.3872923076923,2.1830777715041347,0.0013998363078315,0.50834935,0.5127603,41.3273940627237,,15.6759375
mexico,39,2016Q3,146.05651515151516,2.175443806552328,0.0069194729143409,0.50834935,0.5127603,41.3273940627237,,13.23390625
mexico,40,2016Q4,163.0960923076923,2.4827317911160574,-0.0025758782280339,0.50834935,0.5127603,41.3273940627237,,14.097936507936508
mexico,41,2017Q1,151.60747692307694,2.169502318195828,-0.0110290157047513,0.50834935,0.4926704999999999,41.3273940627237,,11.691935483870967
mexico,42,2017Q2,118.41803076923078,2.163343859238309,-0.0014563208413707,0.50834935,0.4926704999999999,41.3273940627237,,11.426349206349206
mexico,43,2017Q3,105.74584615384614,2.1601962591055925,-0.003029970430188,0.50834935,0.4926704999999999,41.3273940627237,,10.944285714285714
mexico,44,2017Q4,106.77201538461539,2.2672228043107494,-0.0005503515708626,0.50834935,0.4926704999999999,41.3273940627237,,10.307936507936507
mexico,45,2018Q1,103.8053076923077,2.4662928789425784,0.008375175055913,0.50834935,0.4926028,41.3273940627237,,17.354754098360658
mexico,46,2018Q2,123.84913846153847,2.23163577951621,-0.0020939047303518,0.50834935,0.4926028,41.3273940627237,,15.3375
mexico,47,2018Q3,117.1362,2.2414727874319165,-0.0078316474092829,0.50834935,0.4926028,41.3273940627237,,12.856825396825396
mexico,48,2018Q4,140.84851515151516,4.429725651962367,0.015947732814984,0.50834935,0.4926028,41.3273940627237,,21.053650793650796
mexico,49,2019Q1,132.618,2.2689580474477737,0.0073717203167577,0.50834935,0.489417,41.3273940627237,,16.47
mexico,50,2019Q2,117.78800000000001,2.2699372967460154,0.0208994998332896,0.50834935,0.489417,41.3273940627237,,15.183015873015872
mexico,51,2019Q3,113.64301515151516,2.2820921962606664,0.0178441360445564,0.50834935,0.489417,42.45488215079735,,15.96015625
mexico,52,2019Q4,92.63828787878788,2.3785124160202598,0.0217336598833783,0.50834935,0.489417,43.582370238871,,13.98578125
mexico,53,2020Q1,120.80486153846154,9.144841131876388,0.0751542338652347,0.50834935,0.5068558,44.709858326944655,,31.22451612903226
mexico,54,2020Q2,214.04296923076922,9.264000224147871,0.1888651981250556,0.50834935,0.5068558,45.8373464150183,,34.493650793650794
mexico,55,2020Q3,135.48913636363636,6.9182820092259,0.0853792305605529,0.50834935,0.5068558,45.59324876288883,,25.80890625
mexico,56,2020Q4,102.84543939393939,5.669062645375452,0.0498557107968093,0.50834935,0.5068558,45.34915111075935,,25.62171875
mexico,57,2021Q1,94.609640625,4.674472025636868,0.0394304932126022,0.50834935,0.4954401,45.10505345862988,,23.20245901639344
mexico,58,2021Q2,96.0833076923077,2.377607771427346,-0.1042692312938995,0.50834935,0.4954401,44.8609558065004,,18.0
mexico,59,2021Q3,92.23601515151516,2.204436046325399,0.0152390168825881,0.50834935,0.4954401,44.63807689404327,,18.28734375
mexico,60,2021Q4,101.19845454545454,2.5171704974471547,0.0118373662370454,0.50834935,0.4954401,44.41519798158615,,19.27515625
mexico,61,2022Q1,105.356203125,2.6014132928593163,0.0208418981372681,0.50834935,0.4954401,44.19231906912903,,25.372903225806454
mexico,62,2022Q2,140.7129846153846,2.835249357766472,0.044251825117205,0.50834935,0.4954401,43.9694401566719,,27.3984375
mexico,63,2022Q3,164.5224696969697,3.055484297264885,0.0465911364147844,0.50834935,0.4954401,44.24092517913468,,24.792727272727273
mexico,64,2022Q4,150.15381538461537,2.548623877495949,0.0147431284934927,0.50834935,0.4954401,44.51241020159745,,25.00265625
mexico,65,2023Q1,122.79984615384615,2.436158462529364,0.0082603271310455,0.50834935,0.4954401,44.783895224060224,,20.6840625
mexico,66,2023Q2,114.60733846153846,2.727000698326989,0.0021789107294732,0.50834935,0.4954401,45.055380246523,,16.44125
mexico,67,2023Q3,106.38052307692308,2.172773570787793,0.012599441771527,0.50834935,0.4954401,46.18408827791545,,15.01323076923077
mexico,68,2023Q4,108.46027692307692,2.243923574212583,-0.0007185183871363,0.50834935,0.4954401,47.3127963093079,,15.28625
mexico,69,2024Q1,89.38152307692307,2.1842735738655468,0.0026903759835121,0.50834935,0.4954401,,,13.712539682539683
mexico,70,2024Q2,98.81356923076922,3.1291495617193394,0.019037717226713,0.50834935,0.4954401,,,13.980307692307692
mexico,71,2024Q3,111.15107575757577,2.284004536930955,0.0222991381660047,0.50834935,0.4954401,,,17.066666666666666
mexico,72,2024Q4,123.83980303030303,2.467918142752312,0.0239085497066482,0.50834935,0.4954401,,,17.363230769230768
mexico,73,2025Q1,126.093,2.246643467494673,0.0221434742150124,0.50834935,0.4954401,,,18.52111111111111
mexico,74,2025Q2,127.7136,3.035676764390948,0.0128814916611122,0.50834935,0.4954401,,,23.56140625
mexico,75,2025Q3,99.98171212121211,2.188068950318004,0.0124885271314216,0.50834935,0.4954401,,,15.983030303030304
mexico,76,2025Q4,94.15272727272728,2.1996582374371854,0.0030663052328431,0.50834935,0.4954401,,,17.74523076923077
peru,0,2009Q4,128.64374242424242,2.5476864134448824,-0.0129063993433662,0.73615645,0.8438142000000001,25.04132860752685,,23.071875
peru,1,2010Q1,129.31125,2.192271841162894,-0.0385172022359095,0.73615645,0.8249845,24.36155997361048,,20.149672131147543
peru,2,2010Q2,129.14395384615383,3.146012272481185,-0.0327776555077563,0.73615645,0.8249845,23.6817913396941,,26.391428571428573
peru,3,2010Q3,115.76463636363637,2.1602527184077287,-0.0661578114194578,0.73615645,0.8249845,22.9413976478739,,24.28359375
peru,4,2010Q4,112.41959090909091,2.167488133068412,-0.0633785328199226,0.73615645,0.8249845,22.2010039560537,,19.318437499999998
peru,5,2011Q1,114.631671875,2.16387710803232,-0.0599046508068378,0.73615645,0.7438601,21.4606102642335,,18.614838709677418
peru,6,2011Q2,144.27836923076921,3.282249677369143,-0.0489015816390307,0.73615645,0.7438601,20.7202165724133,,17.482380952380954
peru,7,2011Q3,153.76436363636364,2.2329753274210096,-0.0122254827753225,0.73615645,0.7438601,20.344327294001275,,30.58359375
peru,8,2011Q4,167.84184615384615,2.1665822204068643,-0.0460099340242265,0.73615645,0.7438601,19.96843801558925,,29.93952380952381
peru,9,2012Q1,150.22678461538462,2.1601257884697143,-0.0557298028574713,0.73615645,0.7483223999999999,19.592548737177225,,18.20403225806452
peru,10,2012Q2,145.51087692307692,4.871627333941387,-0.0533112605419798,0.73615645,0.7483223999999999,19.2166594587652,,20.035714285714285
peru,11,2012Q3,124.34301538461538,2.1599999999476966,-0.0546581433674127,0.73615645,0.7483223999999999,19.01109968995753,,16.192698412698412
peru,12,2012Q4,100.69401515151516,2.1600000084840625,-0.0524467481397006,0.73615645,0.7483223999999999,18.80553992114985,,16.752903225806453
peru,13,2013Q1,94.53109375,2.1622843982235,-0.041465997714461,0.73615645,0.7352867000000001,18.599980152342173,,13.527
peru,14,2013Q2,107.14090769230769,2.160847239919332,-0.0326697395377902,0.73615645,0.7352867000000001,18.3944203835345,,14.837031249999999
peru,15,2013Q3,140.36804545454544,2.162906928194537,-0.0420819179274187,0.73615645,0.7352867000000001,18.687162688080875,,14.2796875
peru,16,2013Q4,133.37656923076923,2.1780499699379545,-0.0540447197444585,0.73615645,0.7352867000000001,18.979904992627247,,14.2328125
peru,17,2014Q1,125.19840625,2.160091392524747,-0.0482422553845803,0.73615645,0.7370262,19.272647297173624,,14.828852459016392
peru,18,2014Q2,95.1880923076923,2.160948400529183,-0.039956419543715,0.73615645,0.7370262,19.56538960172,,12.738253968253968
peru,19,2014Q3,88.49472727272727,2.1600000373559616,-0.0306379071150694,0.73615645,0.7370262,20.39043081860925,,13.07265625
peru,20,2014Q4,108.1243484848485,2.1600073123982053,-0.0253189102922839,0.73615645,0.7370262,21.2154720354985,,16.07234375
peru,21,2015Q1,128.998625,2.1602832049809235,-0.0302228133782133,0.73615645,0.7297998,22.04051325238775,,16.564754098360655
peru,22,2015Q2,134.509,3.0745627668633686,-0.0308471405618705,0.73615645,0.7297998,22.865554469277,,13.740158730158731
peru,23,2015Q3,159.30369696969697,3.010646501359515,-0.0225081483632742,0.73615645,0.7297998,23.075729960518125,,19.30734375
peru,24,2015Q4,180.51619696969695,2.246388327663127,-0.033356240113038,0.73615645,0.7297998,23.28590545175925,,17.03328125
peru,25,2016Q1,193.06001538461538,2.552285467075142,-0.0352850733773057,0.73615645,0.7176423,23.496080943000376,,20.486229508196722
peru,26,2016Q2,156.88816923076922,3.029834137696008,-0.0311945861040964,0.73615645,0.7176423,23.7062564342415,,15.6759375
peru,27,2016Q3,112.96834848484849,2.160281467677318,-0.034777219259416,0.73615645,0.7176423,23.966777203682923,,13.23390625
peru,28,2016Q4,109.16887692307692,2.160360502170797,-0.0278211002670125,0.73615645,0.7176423,24.22729797312435,,14.097936507936508
peru,29,2017Q1,104.08413846153846,2.2034633541252684,-0.0229730632347659,0.73615645,0.7187423,24.48781874256577,,11.691935483870967
peru,30,2017Q2,95.1148923076923,2.170335141857453,-0.0280962408453218,0.73615645,0.7187423,24.7483395120072,,11.426349206349206
peru,31,2017Q3,79.03110769230769,2.161780483383748,-0.0268681498855923,0.73615645,0.7187423,24.993504873406973,,10.944285714285714
peru,32,2017Q4,74.4068,2.1600281228076605,-0.0240127769401611,0.73615645,0.7187423,25.238670234806747,,10.307936507936507
peru,33,2018Q1,73.0598,2.160019844675921,-0.0167979124898272,0.73615645,0.7121810000000001,25.483835596206525,,17.354754098360658
peru,34,2018Q2,83.13746153846155,2.1690894362639983,-0.0292204178786969,0.73615645,0.7121810000000001,25.7290009576063,,15.3375
peru,35,2018Q3,80.68147692307693,2.160000838745749,-0.021818542701238,0.73615645,0.7121810000000001,25.928401975807123,,12.856825396825396
peru,36,2018Q4,84.88613636363635,2.16095005421681,-0.0207821669215193,0.73615645,0.7121810000000001,26.12780299400795,,21.053650793650796
peru,37,2019Q1,74.762703125,2.1600053757003077,-0.0229273258323782,0.73615645,0.7126757,26.32720401220877,,16.47
peru,38,2019Q2,61.03393846153846,2.185716057027668,-0.0184996360433342,0.73615645,0.7126757,26.5266050304096,,15.183015873015872
peru,39,2019Q3,50.5555303030303,2.160018501043852,-0.0214928264694128,0.73615645,0.7126757,28.586182533766223,,15.96015625
peru,40,2019Q4,52.07369696969697,2.160012342260669,-0.0221927500711077,0.73615645,0.7126757,30.645760037122848,,13.98578125
peru,41,2020Q1,66.84472307692307,2.4821920776597377,0.04370955543255,0.73615645,0.7142738,32.70533754047948,,31.22451612903226
peru,42,2020Q2,100.98649230769232,2.169175185728692,0.1450742434651962,0.73615645,0.7142738,34.7649150438361,,34.493650793650794
peru,43,2020Q3,75.5565,2.168221884058334,0.0493316202573436,0.73615645,0.7142738,34.8859929240851,,25.80890625
peru,44,2020Q4,61.746500000000005,2.406890794330403,0.0175987955748842,0.73615645,0.7142738,35.0070708043341,,25.62171875
peru,45,2021Q1,64.96771875,2.1655350964024214,-0.0138493635740423,0.73615645,0.7055153,35.128148684583095,,23.20245901639344
peru,46,2021Q2,89.07343076923077,8.677223167311043,-0.1099443398335427,0.73615645,0.7055153,35.2492265648321,,18.0
peru,47,2021Q3,88.86675757575757,4.908738701851642,-0.00169663186527,0.73615645,0.7055153,35.2492265648321,,18.28734375
peru,48,2021Q4,90.66143939393939,2.3965510649482606,-0.010226047898023,0.73615645,0.7055153,35.2492265648321,,19.27515625
peru,49,2022Q1,84.95821875,3.3950595333977405,0.0144097933130736,0.73615645,0.7055153,35.2492265648321,,25.372903225806454
peru,50,2022Q2,109.89258461538462,3.3350314622452686,0.0425587681626645,0.73615645,0.7055153,35.2492265648321,,27.3984375
peru,51,2022Q3,129.98253846153847,2.9755268604799303,0.0451751092704072,0.73615645,0.7055153,35.2492265648321,,24.792727272727273
peru,52,2022Q4,136.23006153846154,2.190469563991269,0.0039923266553348,0.73615645,0.7055153,35.2492265648321,,25.00265625
peru,53,2023Q1,115.85152307692307,2.207616108546405,0.007676531390565,0.73615645,0.7055153,35.2492265648321,,20.6840625
peru,54,2023Q2,95.45249230769231,2.6942798685068388,-0.0028576422701386,0.73615645,0.7055153,35.2492265648321,,16.44125
peru,55,2023Q3,77.12572307692308,2.285700231726561,0.0096810982663946,0.73615645,0.7055153,35.2492265648321,,15.01323076923077
peru,56,2023Q4,83.75752307692306,2.180794065674143,-0.0078286347342883,0.73615645,0.7055153,35.2492265648321,,15.28625
peru,57,2024Q1,67.52526153846154,2.2126099168544706,-0.0056889955713324,0.73615645,0.7055153,,,13.712539682539683
peru,58,2024Q2,74.58287692307692,3.053926539120456,-0.0097300295256114,0.73615645,0.7055153,,,13.980307692307692
peru,59,2024Q3,76.82069696969697,2.458833258886374,-0.0070787947640999,0.73615645,0.7055153,,,17.066666666666666
peru,60,2024Q4,78.79695454545455,2.172286169824813,-0.0052909660048463,0.73615645,0.7055153,,,17.363230769230768
peru,61,2025Q1,83.483734375,2.162029579487927,0.005938808456651,0.73615645,0.7055153,,,18.52111111111111
peru,62,2025Q2,92.80152307692308,2.394074597502552,-0.0150599221344805,0.73615645,0.7055153,,,23.56140625
peru,63,2025Q3,72.89786363636364,2.432924054454232,-0.0208107560792065,0.73615645,0.7055153,,,15.983030303030304
peru,64,2025Q4,67.7055606060606,2.1606305046218117,-0.0198909340247117,0.73615645,0.7055153,,,17.74523076923077
peru,65,2026Q1,68.808296875,2.2577445262863822,0.0245704113069247,0.73615645,0.7055153,,,20.42904761904762
