country,quarter,profit_margin
argentina,1999Q1,10.16234268460955
argentina,1999Q2,9.427957126072474
argentina,1999Q3,6.888900211879185
argentina,1999Q4,5.350728443690708
argentina,2000Q1,-101.7764550617763
argentina,2000Q2,17.20757143838065
argentina,2000Q3,8.577872140066964
argentina,2000Q4,10.512429373604911
argentina,2001Q1,-21.28208569117955
argentina,2001Q2,9.955628940037318
argentina,2001Q3,1.8219001633780343
argentina,2001Q4,-178.1171932901655
argentina,2002Q1,-175.77602188927787
argentina,2002Q2,-184.9386786052159
argentina,2002Q3,-194.9947509765625
argentina,2002Q4,-194.9947509765625
argentina,2003Q1,-20.045285361153738
argentina,2003Q2,-25.61605671473912
argentina,2003Q3,-21.88799967084612
argentina,2003Q4,-34.042785099574495
argentina,2004Q1,-10.550928388323102
argentina,2004Q2,21.518686109355517
argentina,2004Q3,16.60000010899135
argentina,2004Q4,8.652771132332939
argentina,2005Q1,-662.089181627546
argentina,2005Q2,5.289401190621512
argentina,2005Q3,13.365742921829224
argentina,2005Q4,20.148956298828125
argentina,2006Q1,19.442957128797257
argentina,2006Q2,24.969885868685587
argentina,2006Q3,23.094328675951278
argentina,2006Q4,21.310728277478898
argentina,2007Q1,15.647214685167585
argentina,2007Q2,18.944343038967677
argentina,2007Q3,-30.40682796921049
argentina,2007Q4,17.21525720187596
argentina,2008Q1,15.962014266422816
argentina,2008Q2,10.350842884608678
argentina,2008Q3,13.442314079829625
argentina,2008Q4,10.06879997253418
argentina,2009Q1,12.312200103487287
argentina,2009Q2,12.194999933242798
argentina,2009Q3,25.54394313267299
argentina,2009Q4,20.051614931651525
argentina,2010Q1,17.133714403424943
argentina,2010Q2,18.398528473717825
argentina,2010Q3,23.119314329964773
argentina,2010Q4,21.653457232883998
argentina,2011Q1,19.952114377702987
argentina,2011Q2,17.586600031171525
brazil,1999Q1,1.3202529234044693
brazil,1999Q2,0.5642235559575698
brazil,1999Q3,1.859823563519646
brazil,1999Q4,-0.06304118212531595
brazil,2000Q1,0.13727646715500774
brazil,2000Q2,1.3500941220451803
brazil,2000Q3,1.32061767578125
brazil,2000Q4,1.252629420336555
brazil,2001Q1,1.0850294337553137
brazil,2001Q2,1.345635273877312
brazil,2001Q3,1.603988198673024
brazil,2001Q4,1.359547026017133
brazil,2002Q1,1.7064882166245405
brazil,2002Q2,1.0609411632313448
brazil,2002Q3,1.149241195005529
brazil,2002Q4,1.138188221875359
brazil,2003Q1,0.8411764537586885
brazil,2003Q2,0.8952999956467572
brazil,2003Q3,1.0685411902034985
brazil,2003Q4,1.1282353120691635
brazil,2004Q1,1.0537705982432646
brazil,2004Q2,1.2236117755665499
brazil,2004Q3,1.1473706189323873
brazil,2004Q4,1.3045764810898726
brazil,2005Q1,4.024470539654002
brazil,2005Q2,4.620847141041475
brazil,2005Q3,4.28584702575908
brazil,2005Q4,5.213441245696124
brazil,2006Q1,4.4999646158779365
brazil,2006Q2,4.759764685350306
brazil,2006Q3,4.282929378397324
brazil,2006Q4,5.554547155604643
brazil,2007Q1,18.580752730369568
brazil,2007Q2,11.78291773445466
brazil,2007Q3,15.994694036595961
brazil,2007Q4,-139.49685721609225
brazil,2008Q1,19.677194230696735
brazil,2008Q2,20.94877066331751
brazil,2008Q3,19.00520008188837
brazil,2008Q4,11.642305703724132
brazil,2009Q1,11.68245293112362
brazil,2009Q2,14.971423499724445
brazil,2009Q3,9.64888219272389
brazil,2009Q4,16.37340596142937
brazil,2010Q1,16.704611778259277
brazil,2010Q2,18.989770889282227
brazil,2010Q3,17.05369428326102
brazil,2010Q4,17.15754727756276
brazil,2011Q1,18.94373557146858
brazil,2011Q2,17.96540624955121
bulgaria,2005Q1,4.354600143432617
bulgaria,2005Q2,0.48582000732421876
bulgaria,2005Q3,2.272439956665039
bulgaria,2006Q1,1.811039924621582
bulgaria,2006Q2,1.7959800720214845
bulgaria,2006Q3,3.5279998779296875
bulgaria,2007Q1,41.050300979614256
bulgaria,2007Q2,34.072740936279295
bulgaria,2007Q3,42.544960021972656
bulgaria,2007Q4,30.30417957305908
bulgaria,2008Q1,42.02653884887695
bulgaria,2008Q2,35.1880197763443
bulgaria,2008Q3,32.87945976257324
bulgaria,2008Q4,17.104340744018554
bulgaria,2009Q1,41.28062057495117
bulgaria,2009Q2,25.151459741592408
bulgaria,2009Q3,17.04885995388031
bulgaria,2009Q4,5.847299575805664
bulgaria,2010Q1,28.657499885559083
bulgaria,2010Q2,12.42262020111084
bulgaria,2010Q3,-0.5718795776367187
bulgaria,2010Q4,7.0268596649169925
bulgaria,2011Q1,12.549600219726562
chile,2003Q1,39.2749662399292
chile,2003Q2,40.14365037282308
chile,2003Q3,40.39333311716715
chile,2003Q4,40.06193335851034
chile,2004Q1,42.511866887410484
chile,2004Q2,22.351033528645832
chile,2004Q3,22.624983151753742
chile,2004Q4,28.614216486612957
chile,2005Q1,24.776199340820312
chile,2005Q2,25.367900212605793
chile,2005Q3,23.994866689046223
chile,2005Q4,16.112149556477863
chile,2006Q1,19.437766710917156
chile,2006Q2,20.76433340708415
chile,2006Q3,20.84581693013509
chile,2006Q4,18.970516840616863
chile,2007Q1,17.546133359273274
chile,2007Q2,17.900033315022785
chile,2007Q3,18.458616574605305
chile,2007Q4,19.641883850097656
chile,2008Q1,20.37126660346985
chile,2008Q2,19.227533598740894
chile,2008Q3,21.70080006122589
chile,2008Q4,16.638333360354107
chile,2009Q1,17.985366741816204
chile,2009Q2,22.26528326670329
chile,2009Q3,22.59950013955434
chile,2009Q4,25.421149969100952
chile,2010Q1,27.031133890151978
chile,2010Q2,27.246750116348267
chile,2010Q3,27.82920002937317
chile,2010Q4,15.748783628145853
chile,2011Q1,27.885600328445435
chile,2011Q2,29.640883604685467
china,2002Q1,2.130116621653239
china,2002Q2,1.1285666624704997
china,2002Q3,0.9569833278656006
china,2002Q4,-0.248716672261556
china,2003Q1,1.5630083084106445
china,2003Q2,1.0425999959309895
china,2003Q3,2.0235166549682617
china,2003Q4,0.6085666616757711
china,2004Q1,2.6883832613627114
china,2004Q2,1.604841709136963
china,2004Q3,2.333750009536743
china,2004Q4,0.6380166312058767
china,2005Q1,2.5255583922068277
china,2005Q2,8.341441611448923
china,2005Q3,2.8451916376749673
china,2005Q4,3.9682082732518515
china,2006Q1,2.567941665649414
china,2006Q2,9.471816857655844
china,2006Q3,3.4462250073750815
china,2006Q4,11.202816526095072
china,2007Q1,8.358000040054321
china,2007Q2,17.803566614786785
china,2007Q3,17.536349932352703
china,2007Q4,21.10873333613078
china,2008Q1,25.650908788045246
china,2008Q2,39.49228382110596
china,2008Q3,25.40279992421468
china,2008Q4,13.766441866755486
china,2009Q1,24.674441814422607
china,2009Q2,39.11871671676636
china,2009Q3,24.853233178456623
china,2009Q4,33.41871658960978
china,2010Q1,26.578608353932697
china,2010Q2,40.85268338521322
china,2010Q3,25.932408491770428
china,2010Q4,31.486191908518474
china,2011Q1,27.630849838256836
china,2011Q2,29.084041754404705
colombia,2003Q2,1.0952142987932478
colombia,2003Q4,0.9181000164576939
colombia,2004Q2,2.959585734776088
colombia,2004Q4,4.3028428213936945
colombia,2005Q1,17.568185772214616
colombia,2005Q2,20.47142846243722
colombia,2005Q3,23.399071182523453
colombia,2005Q4,20.038828202656337
colombia,2006Q1,18.020799909319198
colombia,2006Q2,12.069242749895368
colombia,2006Q3,15.814942632402692
colombia,2006Q4,-30.75409974370684
colombia,2007Q1,13.644899811063494
colombia,2007Q2,13.923199943133763
colombia,2007Q3,13.425257342202324
colombia,2007Q4,14.990728791270937
colombia,2008Q1,12.43895707811628
colombia,2008Q2,11.842171600886754
colombia,2008Q3,12.817471367972237
colombia,2008Q4,8.419914313725062
colombia,2009Q1,11.191428456987653
colombia,2009Q2,11.849028519221715
colombia,2009Q3,13.153685637882777
colombia,2009Q4,7.839814390454974
colombia,2010Q1,12.308971405029297
colombia,2010Q2,10.848628657204765
colombia,2010Q3,12.650900091443743
colombia,2010Q4,9.910085609980992
colombia,2011Q1,8.920557022094727
colombia,2011Q2,5.306914193289621
croatia,2004Q1,8.437568639405072
croatia,2004Q2,11.806106507778168
croatia,2004Q3,8.10556873679161
croatia,2004Q4,6.143556207418442
croatia,2005Q1,16.44427466392517
croatia,2005Q2,12.8128063082695
croatia,2005Q3,12.405818939208984
croatia,2005Q4,15.639906153082848
croatia,2006Q1,17.077375054359436
croatia,2006Q2,18.912312157452106
croatia,2006Q3,11.414819061756134
croatia,2006Q4,6.676543891429901
croatia,2007Q1,6.066812604665756
croatia,2007Q2,3.732837922871113
croatia,2007Q3,11.548643499612808
croatia,2007Q4,11.790868485346437
croatia,2008Q1,9.414324820041656
croatia,2008Q2,13.652737537398934
croatia,2008Q3,10.082493821159005
croatia,2008Q4,-35.54454988241196
croatia,2009Q1,12.07511256635189
croatia,2009Q2,-8.373712703585625
croatia,2009Q3,-6.3129250183701515
croatia,2009Q4,-16.429087568074465
croatia,2010Q1,-32.3328365534544
croatia,2010Q2,-2.9132059570401907
croatia,2010Q3,-3.3935747519135475
croatia,2010Q4,-19.556868448853493
croatia,2011Q1,-1.433149665594101
ecuador,2004Q1,4.456055535210504
ecuador,2004Q2,4.347233242458767
ecuador,2004Q3,4.180022345648871
ecuador,2004Q4,3.5681444803873696
ecuador,2005Q1,27.28206655714247
ecuador,2005Q2,24.437945259941948
ecuador,2005Q3,21.365555657280815
ecuador,2005Q4,30.637444681591457
ecuador,2006Q1,35.31896675957574
ecuador,2006Q2,24.285522672865127
ecuador,2006Q3,-8.157677756415474
ecuador,2006Q4,-5.527465396457249
ecuador,2007Q1,18.27958912319607
ecuador,2007Q2,25.701833936903213
ecuador,2007Q3,23.575844234890408
ecuador,2007Q4,22.902877383761936
ecuador,2008Q1,-23.35641098022461
ecuador,2008Q2,-317.8972460428874
ecuador,2008Q3,24.555711534288193
ecuador,2008Q4,17.810011227925617
ecuador,2009Q1,40.2910221947564
ecuador,2009Q2,39.14116647508409
ecuador,2009Q3,33.06665505303277
ecuador,2009Q4,41.472432454427086
ecuador,2010Q1,24.701644049750435
ecuador,2010Q2,20.76745563083225
ecuador,2010Q3,-5.914388656616211
ecuador,2010Q4,5.436888800726996
ecuador,2011Q1,-5.781322161356608
ecuador,2011Q2,-4.5350451999240455
egypt,2001Q1,1.4432999236243111
egypt,2001Q2,-1.3628108075686864
egypt,2001Q3,2.533910725797926
egypt,2001Q4,-78.37531977040427
egypt,2002Q1,-15.294686036450523
egypt,2002Q2,-0.6613642232758659
egypt,2002Q3,14.376057624816895
egypt,2002Q4,3.6464713641575406
egypt,2003Q1,7.815239191055298
egypt,2003Q2,4.451014246259417
egypt,2003Q3,9.108253581183297
egypt,2003Q4,6.400828497750418
egypt,2004Q1,18.041639396122523
egypt,2004Q2,40.04598242895944
egypt,2004Q3,15.838700073105949
egypt,2004Q4,9.859960743359157
egypt,2005Q1,19.353221212114608
egypt,2005Q2,7.347096581544195
egypt,2005Q3,10.914017694337028
egypt,2005Q4,2.7622465235846385
egypt,2006Q1,12.983957118221692
egypt,2006Q2,13.32149281672069
egypt,2006Q3,12.070007091122013
egypt,2006Q4,10.641592928341456
egypt,2007Q1,17.736678549221583
egypt,2007Q2,16.95033914702279
egypt,2007Q3,16.026857129165105
egypt,2007Q4,11.549185728388172
egypt,2008Q1,20.1092894588198
egypt,2008Q2,18.84240347040551
egypt,2008Q3,14.633442800891187
egypt,2008Q4,6.836464165576866
egypt,2009Q1,10.957799907241549
egypt,2009Q2,15.127232296126229
egypt,2009Q3,22.986542667661393
egypt,2009Q4,20.5748678073287
egypt,2010Q1,15.206796501364026
egypt,2010Q2,-24.829245918563434
egypt,2010Q3,15.631443113088608
egypt,2010Q4,6.555835936750684
egypt,2011Q1,26.33014682361058
egypt,2011Q2,22.57264654976981
hungary,1999Q2,1.2105833391348522
hungary,1999Q3,17.123558521270752
hungary,1999Q4,-4187.693108081818
hungary,2000Q1,18.352833449840546
hungary,2000Q2,6.799350082874298
hungary,2000Q3,12.826958179473877
hungary,2000Q4,3.017858366171519
hungary,2001Q1,5.619349916776021
hungary,2001Q2,2.207274834314982
hungary,2001Q3,0.010558784008026123
hungary,2001Q4,-18.935582995414734
hungary,2002Q1,11.689716815948486
hungary,2002Q2,7.637549817562103
hungary,2002Q3,13.251016855239868
hungary,2002Q4,9.376341342926025
hungary,2003Q1,14.40155827999115
hungary,2003Q2,18.325441400210064
hungary,2003Q3,16.23109992345174
hungary,2003Q4,19.280199766159058
hungary,2004Q1,18.10120016336441
hungary,2004Q2,25.046749989191692
hungary,2004Q3,20.445533593495686
hungary,2004Q4,23.569816938290995
hungary,2005Q1,19.672191634774208
hungary,2005Q2,7.53451673189799
hungary,2005Q3,8.002925475438436
hungary,2005Q4,17.05437497297923
hungary,2006Q1,14.492416620254517
hungary,2006Q2,18.941375017166138
hungary,2006Q3,16.858858585357666
hungary,2006Q4,52.27623392889897
hungary,2007Q1,13.602050145467123
hungary,2007Q2,23.554216702779133
hungary,2007Q3,27.268941442171734
hungary,2007Q4,25.241841554641724
hungary,2008Q1,31.175082842508953
hungary,2008Q2,21.930991331736248
hungary,2008Q3,24.951216618220013
hungary,2008Q4,21.01181662082672
hungary,2009Q1,21.127316589156788
hungary,2009Q2,20.192766189575195
hungary,2009Q3,28.63170011838277
hungary,2009Q4,23.845999995867412
hungary,2010Q1,27.8593586285909
hungary,2010Q2,31.154083093007404
hungary,2010Q3,30.759633541107178
hungary,2010Q4,30.49059184392293
hungary,2011Q1,31.565141598383587
hungary,2011Q2,24.9534170627594
indonesia,1999Q1,9.087599754333496
indonesia,1999Q2,9.025500118732452
indonesia,1999Q3,0.0775749683380127
indonesia,1999Q4,11.232375264167786
indonesia,2000Q1,11.717424869537354
indonesia,2000Q2,10.23057496547699
indonesia,2000Q3,2.4127999544143677
indonesia,2000Q4,-6.935450255870819
indonesia,2001Q1,7.329275131225586
indonesia,2001Q2,11.415774822235107
indonesia,2001Q3,-18.788774132728577
indonesia,2001Q4,12.402824640274048
indonesia,2002Q1,27.459349870681763
indonesia,2002Q2,9.474775075912476
indonesia,2002Q3,5.514275044202805
indonesia,2002Q4,9.66474997997284
indonesia,2003Q1,13.28100037574768
indonesia,2003Q2,8.782400131225586
indonesia,2003Q3,10.372824668884277
indonesia,2003Q4,14.436875104904175
indonesia,2004Q1,13.53647530078888
indonesia,2004Q2,14.114824771881104
indonesia,2004Q3,23.000550150871277
indonesia,2004Q4,13.961549758911133
indonesia,2005Q1,13.252549648284912
indonesia,2005Q2,12.547574758529663
indonesia,2005Q3,8.292249917984009
indonesia,2005Q4,7.401799917221069
indonesia,2006Q1,12.454149723052979
indonesia,2006Q2,13.533050298690796
indonesia,2006Q3,10.255574703216553
indonesia,2006Q4,6.084524843841791
indonesia,2007Q1,21.489800214767456
indonesia,2007Q2,30.716950178146362
indonesia,2007Q3,23.892800331115723
indonesia,2007Q4,20.340224981307983
indonesia,2008Q1,21.83622455596924
indonesia,2008Q2,27.746150255203247
indonesia,2008Q3,10.184750199317932
indonesia,2008Q4,16.050825595855713
indonesia,2009Q1,15.609475135803223
indonesia,2009Q2,27.331249952316284
indonesia,2009Q3,23.11547541618347
indonesia,2009Q4,24.465400218963623
indonesia,2010Q1,24.128899812698364
indonesia,2010Q2,20.265125036239624
indonesia,2010Q3,28.176950454711914
indonesia,2010Q4,26.40157461166382
indonesia,2011Q1,18.953574657440186
indonesia,2011Q2,18.50564980506897
ivory_coast,2006Q1,27.602912455797195
ivory_coast,2006Q2,38.739587157964706
ivory_coast,2006Q3,27.05783760547638
ivory_coast,2006Q4,17.155674695968628
ivory_coast,2007Q1,36.70455014705658
ivory_coast,2007Q2,36.96127510070801
ivory_coast,2007Q3,32.973775029182434
ivory_coast,2007Q4,26.864924788475037
ivory_coast,2008Q1,28.527275025844574
ivory_coast,2008Q2,24.630787134170532
ivory_coast,2008Q3,18.11957447230816
ivory_coast,2008Q4,-108.4021127820015
ivory_coast,2009Q1,28.947887420654297
ivory_coast,2009Q2,21.37002456188202
ivory_coast,2009Q3,27.326762914657593
ivory_coast,2009Q4,17.71427546441555
ivory_coast,2010Q1,27.544612765312195
ivory_coast,2010Q2,-1.7457874417304993
ivory_coast,2010Q3,-1.9682135581970215
ivory_coast,2010Q4,-85.1724366992712
ivory_coast,2011Q1,11.358400166034698
ivory_coast,2011Q2,5.9012251496315
lebanon,1999Q1,37.45254898071289
lebanon,1999Q2,36.56769943237305
lebanon,1999Q3,35.898101806640625
lebanon,1999Q4,35.22904968261719
lebanon,2000Q1,36.16809844970703
lebanon,2000Q2,34.75484848022461
lebanon,2000Q3,35.453399658203125
lebanon,2000Q4,33.5525016784668
lebanon,2001Q1,38.02080154418945
lebanon,2001Q2,38.43415069580078
lebanon,2001Q3,31.300899505615234
lebanon,2001Q4,31.300899505615234
lebanon,2002Q1,0.9121999740600586
lebanon,2002Q2,0.9121999740600586
lebanon,2002Q3,39.416648864746094
lebanon,2002Q4,41.56005096435547
lebanon,2003Q1,33.66645050048828
lebanon,2003Q2,97.55120086669922
lebanon,2003Q3,50.464900970458984
lebanon,2003Q4,55.94499969482422
lebanon,2004Q1,92.21589660644531
lebanon,2004Q2,96.55760192871094
lebanon,2004Q3,114.04029846191406
lebanon,2004Q4,179.2200927734375
lebanon,2005Q1,110.12514686584473
lebanon,2005Q2,78.0636978149414
lebanon,2005Q3,88.67000198364258
lebanon,2005Q4,75.95599842071533
lebanon,2006Q1,70.4563980102539
lebanon,2006Q2,44.94610023498535
lebanon,2006Q3,49.03880023956299
lebanon,2006Q4,45.102298736572266
lebanon,2007Q1,44.30764961242676
lebanon,2007Q2,48.211501121520996
lebanon,2007Q3,35.27375078201294
lebanon,2007Q4,29.511699676513672
lebanon,2008Q1,47.28334903717041
lebanon,2008Q2,49.23904991149902
lebanon,2008Q3,41.910250663757324
lebanon,2008Q4,31.96190071105957
lebanon,2009Q1,25.40435028076172
lebanon,2009Q2,18.645999908447266
lebanon,2009Q3,32.25825119018555
lebanon,2009Q4,98.13839721679688
lebanon,2010Q2,4.6255998611450195
lebanon,2010Q3,56.36389923095703
lebanon,2010Q4,56.36389923095703
lebanon,2011Q1,25.242300033569336
lebanon,2011Q2,25.242300033569336
malaysia,1999Q1,0.2217250019311905
malaysia,1999Q2,0.35910001397132874
malaysia,1999Q3,0.03112499974668026
malaysia,1999Q4,4.654850006103516
malaysia,2000Q1,0.6274499893188477
malaysia,2000Q2,0.19464999437332153
malaysia,2000Q3,0.6850500106811523
malaysia,2000Q4,0.9812250137329102
malaysia,2001Q1,0.7259500026702881
malaysia,2001Q2,1.6557250022888184
malaysia,2001Q3,1.5591000318527222
malaysia,2001Q4,3.5281999111175537
malaysia,2002Q1,2.100874900817871
malaysia,2002Q2,1.5316749811172485
malaysia,2002Q3,0.46070000529289246
malaysia,2002Q4,2.0267748832702637
malaysia,2005Q1,25.458500146865845
malaysia,2005Q2,28.242324590682983
malaysia,2005Q3,32.27127552032471
malaysia,2005Q4,22.22214984893799
malaysia,2006Q1,27.728275060653687
malaysia,2006Q2,31.625925064086914
malaysia,2006Q3,27.92140007019043
malaysia,2006Q4,20.899925231933594
malaysia,2007Q1,31.099199771881104
malaysia,2007Q2,30.97842502593994
malaysia,2007Q3,35.50417470932007
malaysia,2007Q4,18.553974628448486
malaysia,2008Q1,33.735774517059326
malaysia,2008Q2,38.488850593566895
malaysia,2008Q3,29.523924827575684
malaysia,2008Q4,25.61382555961609
malaysia,2009Q1,30.270225524902344
malaysia,2009Q2,28.644100189208984
malaysia,2009Q3,26.58377504348755
malaysia,2009Q4,29.968850135803223
malaysia,2010Q1,29.158625602722168
malaysia,2010Q2,33.005399227142334
malaysia,2010Q3,26.56037425994873
malaysia,2010Q4,24.726375579833984
malaysia,2011Q1,33.190349102020264
malaysia,2011Q2,30.96092462539673
mexico,2008Q1,0.2091065919958055
mexico,2008Q2,10.917337566614151
mexico,2008Q3,-2.640831381082535
mexico,2008Q4,-44.54260864853859
mexico,2009Q1,-15.52508202008903
mexico,2009Q2,-10.538549691438675
mexico,2009Q3,2.1662871837615967
mexico,2009Q4,9.814768806099892
mexico,2010Q1,-0.7476439327001572
mexico,2010Q2,11.101419031620026
mexico,2010Q3,-9.339643329381943
mexico,2010Q4,-317.2582415416837
mexico,2011Q1,-6.877399653196335
mexico,2011Q2,-2.883380964398384
nigeria,2000Q1,2.034978525979178
nigeria,2001Q1,7.296835677964347
nigeria,2001Q2,8.221142854009356
nigeria,2001Q3,3.024992891720363
nigeria,2001Q4,3.5763071743505344
nigeria,2004Q1,12.958792890821185
nigeria,2004Q2,16.35279985836574
nigeria,2004Q3,15.165821552276611
nigeria,2004Q4,8.054164341517858
nigeria,2005Q1,21.607914243425643
nigeria,2005Q2,22.61122144971575
nigeria,2005Q3,21.71027139254979
nigeria,2005Q4,22.839271341051376
nigeria,2006Q1,23.92975010190691
nigeria,2006Q2,26.587949889046804
nigeria,2006Q3,25.028228419167654
nigeria,2006Q4,21.976864337921143
nigeria,2007Q1,42.1060072353908
nigeria,2007Q2,41.179414476667134
nigeria,2007Q3,39.37158652714321
nigeria,2007Q4,31.536500181470597
nigeria,2008Q1,30.607371398380824
nigeria,2008Q2,29.07633556638445
nigeria,2008Q3,27.681506838117325
nigeria,2008Q4,8.405856796673365
nigeria,2009Q1,3.9402424607958113
nigeria,2009Q2,0.08520713874271937
nigeria,2009Q3,11.335678705147334
nigeria,2009Q4,11.483607053756714
nigeria,2010Q1,18.185057014226913
nigeria,2010Q2,16.40670726980482
nigeria,2010Q3,20.683342797415598
nigeria,2010Q4,20.10263569014413
nigeria,2011Q1,21.762614386422293
nigeria,2011Q2,20.738528728485107
pakistan,2004Q1,1.6085428510393416
pakistan,2004Q2,1.0809714453560966
pakistan,2004Q3,-0.1573714358466012
pakistan,2004Q4,4.324399948120117
pakistan,2005Q1,1.1501143319266183
pakistan,2005Q2,1.28242860521589
pakistan,2005Q3,3.3450001307896207
pakistan,2005Q4,1.0654714448111398
pakistan,2006Q2,1.7022857666015625
pakistan,2006Q3,2.4208570207868303
pakistan,2006Q4,1.6064999444144112
pakistan,2007Q1,6.357314382280622
pakistan,2007Q2,15.536585399082728
pakistan,2007Q3,13.089428765433174
pakistan,2007Q4,17.10205704825265
pakistan,2008Q1,14.0769715990339
pakistan,2008Q2,27.46561404636928
pakistan,2008Q3,3.514400209699358
pakistan,2008Q4,6.466571501323155
pakistan,2009Q1,-4.588685819080898
pakistan,2009Q2,-13.523657526288714
pakistan,2009Q3,-5.847214494432722
pakistan,2009Q4,7.134099996515682
pakistan,2010Q1,9.312285474368505
pakistan,2010Q2,15.508814334869385
pakistan,2010Q3,14.508857454572405
pakistan,2010Q4,-27.970184530530656
pakistan,2011Q1,19.859757287161692
pakistan,2011Q2,1.7319999422345842
panama,1999Q2,13.271059799194337
panama,1999Q3,3.1874799728393555
panama,1999Q4,16.439800262451172
panama,2000Q1,2.2046199798583985
panama,2000Q2,15.551039886474609
panama,2000Q4,32.801900482177736
panama,2001Q1,3.7386199951171877
panama,2001Q2,1.3480602264404298
panama,2001Q3,3.347079849243164
panama,2001Q4,19.86713981628418
panama,2002Q2,10.760360145568848
panama,2002Q3,3.5243598937988283
panama,2002Q4,9.617060375213622
panama,2003Q1,4.048360061645508
panama,2003Q3,4.2543998718261715
panama,2003Q4,5.383020401000977
panama,2004Q1,4.555820083618164
panama,2004Q2,11.150580406188965
panama,2004Q3,4.4861198425292965
panama,2004Q4,13.745299816131592
panama,2005Q1,5.280179977416992
panama,2005Q2,7.848639869689942
panama,2005Q3,4.079100036621094
panama,2005Q4,27.44134063720703
panama,2006Q2,15.077500152587891
panama,2006Q4,29.641440010070802
panama,2007Q2,31.317679786682127
panama,2007Q4,24.059299850463866
panama,2008Q2,27.719180297851562
panama,2008Q4,26.67572078704834
panama,2009Q2,18.04217987060547
panama,2009Q4,14.670160102844239
panama,2010Q2,57.03091983795166
panama,2010Q4,19.709079933166503
panama,2011Q2,11.086079788208007
peru,2007Q4,16.78700065612793
peru,2009Q2,16.727699756622314
peru,2009Q4,18.049100399017334
peru,2010Q2,23.836949348449707
peru,2010Q4,17.88020086288452
philippines,1999Q1,319.775203704834
philippines,1999Q2,20.88395631313324
philippines,1999Q3,20.446693897247314
philippines,1999Q4,-53.267322182655334
philippines,2000Q1,28.13574969768524
philippines,2000Q2,-3.304643303155899
philippines,2000Q3,18.5526622235775
philippines,2000Q4,14.82845628936775
philippines,2001Q1,21.11395001411438
philippines,2001Q2,0.5236252844333649
philippines,2001Q3,19.133018877357244
philippines,2001Q4,-19.158380676060915
philippines,2002Q1,33.02238109707832
philippines,2002Q2,-27.727842090651393
philippines,2002Q3,-26.1017684340477
philippines,2002Q4,29.198906123638153
philippines,2003Q1,-41.884694427251816
philippines,2003Q2,-45.60247629880905
philippines,2003Q3,15.738100051879883
philippines,2003Q4,15.23329371586442
philippines,2004Q1,6.730899751186371
philippines,2004Q2,12.49431848526001
philippines,2004Q3,6.962093234062195
philippines,2004Q4,5.441362455487251
philippines,2005Q1,24.73508770763874
philippines,2005Q2,23.95022487640381
philippines,2005Q3,6.197830460965633
philippines,2005Q4,33.54950678348541
philippines,2006Q1,38.37588748335838
philippines,2006Q2,33.57256841659546
philippines,2006Q3,92.12065771222115
philippines,2006Q4,12.660062573850155
philippines,2007Q1,29.68614375591278
philippines,2007Q2,32.017237931489944
philippines,2007Q3,29.82463151961565
philippines,2007Q4,66.02466167323291
philippines,2008Q1,26.52203118801117
philippines,2008Q2,69.561006128788
philippines,2008Q3,65.35844349861145
philippines,2008Q4,12.466168761253357
philippines,2009Q1,67.44589340686798
philippines,2009Q2,72.53955572843552
philippines,2009Q3,24.572599977254868
philippines,2009Q4,24.43598759546876
philippines,2010Q1,28.068694055080414
philippines,2010Q2,29.148981511592865
philippines,2010Q3,25.413143575191498
philippines,2010Q4,2.9227682054042816
philippines,2011Q1,25.39426898956299
philippines,2011Q2,25.444893777370453
poland,1999Q2,6.789000034332275
poland,1999Q4,7.3919501304626465
poland,2001Q2,15.681050300598145
poland,2001Q4,19.278799057006836
poland,2002Q2,12.890199661254883
poland,2002Q4,19.2281494140625
poland,2007Q1,7.034900188446045
poland,2007Q2,19.94885015487671
poland,2007Q3,7.034900188446045
poland,2007Q4,21.218400478363037
poland,2008Q1,8.069250106811523
poland,2008Q2,20.087650299072266
poland,2008Q3,9.993200302124023
poland,2008Q4,17.017199516296387
poland,2009Q1,5.447450160980225
poland,2009Q2,11.46845006942749
poland,2009Q3,6.0216498374938965
poland,2009Q4,14.790999412536621
poland,2010Q1,10.704449653625488
poland,2010Q2,23.2697491645813
poland,2010Q3,7.922850131988525
poland,2010Q4,17.853349685668945
poland,2011Q1,5.079750061035156
russia,2001Q4,0.364199991579409
russia,2002Q4,0.1496074111373336
russia,2003Q4,0.1318129610132288
russia,2004Q1,0.20851481402361835
russia,2004Q2,0.14012592810171623
russia,2004Q3,-0.020400000943077937
russia,2004Q4,1.878111097547743
russia,2005Q1,0.14908889487937646
russia,2005Q2,0.16624074512057835
russia,2005Q3,0.4336111280653212
russia,2005Q4,1.3554536943082456
russia,2006Q2,0.2206666734483507
russia,2006Q3,0.31381479899088544
russia,2006Q4,3.943275884345726
russia,2007Q1,0.8240963088141547
russia,2007Q2,2.7170925493593567
russia,2007Q3,1.6967778029265228
russia,2007Q4,5.458957407209608
russia,2008Q1,2.244405569853606
russia,2008Q2,4.563937015003628
russia,2008Q3,0.24796113261470087
russia,2008Q4,2.1803759336471558
russia,2009Q1,-0.034387036606117534
russia,2009Q2,-2.6227592715510615
russia,2009Q3,-0.0542722189867938
russia,2009Q4,2.2851333731302508
russia,2010Q1,1.4294018281830683
russia,2010Q2,3.1840388774871826
russia,2010Q3,1.718238936530219
russia,2010Q4,-3.5240942968262567
russia,2011Q1,2.7153240927943476
russia,2011Q2,0.36542962215564867
southafrica,1999Q2,9.479328427995954
southafrica,1999Q3,2.2767714091709683
southafrica,1999Q4,11.742714473179408
southafrica,2000Q1,1.574728557041713
southafrica,2000Q2,11.10788563319615
southafrica,2000Q4,23.429928915841238
southafrica,2001Q1,2.670442853655134
southafrica,2001Q2,0.9629001617431641
southafrica,2001Q3,2.3907713208879744
southafrica,2001Q4,14.1908141544887
southafrica,2002Q2,7.685971532549177
southafrica,2002Q3,2.51739992414202
southafrica,2002Q4,6.869328839438302
southafrica,2003Q1,2.89168575831822
southafrica,2003Q3,3.0388570513044084
southafrica,2003Q4,3.8450145721435547
southafrica,2004Q1,3.2541572025844028
southafrica,2004Q2,7.964700290134975
southafrica,2004Q3,3.204371316092355
southafrica,2004Q4,9.818071297236852
southafrica,2005Q1,3.771557126726423
southafrica,2005Q2,5.6061713354928155
southafrica,2005Q3,2.9136428833007812
southafrica,2005Q4,19.60095759800502
southafrica,2006Q2,10.769642966134208
southafrica,2006Q4,21.172457150050572
southafrica,2007Q2,22.369771276201522
southafrica,2007Q4,17.18521417890276
southafrica,2008Q2,19.799414498465403
southafrica,2008Q4,19.0540862764631
southafrica,2009Q2,12.887271336146764
southafrica,2010Q2,40.73637131282261
southafrica,2010Q4,14.077914237976074
southafrica,2011Q2,7.918628420148577
tunisia,2007Q4,3.052181937477805
tunisia,2009Q2,3.0413999557495117
tunisia,2009Q4,3.281654618003152
tunisia,2010Q2,4.33399079062722
tunisia,2010Q4,3.2509456114335493
turkey,1999Q1,300.9648976045496
turkey,1999Q2,19.65548829471364
turkey,1999Q3,19.243947197409238
turkey,1999Q4,-50.13395028955796
turkey,2000Q1,26.480705597821405
turkey,2000Q2,-3.110252520617317
turkey,2000Q3,17.461329151602353
turkey,2000Q4,13.956194154699059
turkey,2001Q1,19.871952954460593
turkey,2001Q2,0.4928237971137552
turkey,2001Q3,18.007547178689173
turkey,2001Q4,-18.031417106880863
turkey,2002Q1,31.079888091367835
turkey,2002Q2,-26.096792555907193
turkey,2002Q3,-24.566370290868424
turkey,2002Q4,27.48132341048297
turkey,2003Q1,-39.42088887270759
turkey,2003Q2,-42.91997769299675
turkey,2003Q3,14.812329460592832
turkey,2003Q4,14.33721761493122
turkey,2004Q1,6.3349644717048195
turkey,2004Q2,11.759358574362363
turkey,2004Q3,6.552558337940889
turkey,2004Q4,5.121282311046825
turkey,2005Q1,23.280082548365872
turkey,2005Q2,22.54138811896829
turkey,2005Q3,5.83325219855589
turkey,2005Q4,37.053812475765454
turkey,2006Q1,36.11848233727848
turkey,2006Q2,31.597711450913373
turkey,2006Q3,86.7017954938552
turkey,2006Q4,11.915353010682498
turkey,2007Q1,27.93990000556497
turkey,2007Q2,30.13387099434348
turkey,2007Q3,28.070241430226496
turkey,2007Q4,62.14085804539568
turkey,2008Q1,24.961911706363452
turkey,2008Q2,65.46918223885929
turkey,2008Q3,61.51382917516372
turkey,2008Q4,11.732864716473747
turkey,2009Q1,63.47848791234634
turkey,2009Q2,68.27252303852754
turkey,2009Q3,23.127152919769287
turkey,2009Q4,22.998576560441187
turkey,2010Q1,26.417594404781568
turkey,2010Q2,27.434335540322696
turkey,2010Q3,23.91825277665082
turkey,2010Q4,2.750840663909912
turkey,2011Q1,23.900488460765164
turkey,2011Q2,23.948135319878073
ukraine,2001Q4,0.09442727493517326
ukraine,2003Q4,0.035963636456113876
ukraine,2004Q4,0.5982636249426639
ukraine,2005Q4,0.9916606400952195
ukraine,2006Q4,0.7588272672710996
ukraine,2007Q4,2.312178785150701
ukraine,2008Q4,2.582448448195602
ukraine,2009Q1,-3.0523515686844336
ukraine,2009Q2,-6.159939375790683
ukraine,2009Q3,-5.865039209524791
ukraine,2009Q4,-17.42522695118731
venezuela,1999Q2,1.357800006866455
venezuela,1999Q4,1.4783900260925293
venezuela,2001Q2,3.136210060119629
venezuela,2001Q4,3.8557598114013674
venezuela,2002Q2,2.5780399322509764
venezuela,2002Q4,3.8456298828125
venezuela,2007Q2,14.3909197807312
venezuela,2007Q3,4.638609981536865
venezuela,2007Q4,12.273940181732177
venezuela,2008Q1,4.263840103149414
venezuela,2008Q2,13.379230308532716
venezuela,2008Q3,1.9986400604248047
venezuela,2008Q4,11.270439720153808
venezuela,2009Q1,1.089490032196045
venezuela,2009Q2,14.670189952850341
venezuela,2009Q3,5.059839916229248
venezuela,2009Q4,15.310669994354248
venezuela,2010Q1,2.1408899307250975
venezuela,2010Q2,11.102710056304932
venezuela,2010Q3,1.5845700263977052
venezuela,2010Q4,9.872979927062989
venezuela,2011Q1,1.0159500122070313
