DATES,CPI
31/01/1969,0.0116
28/02/1969,0.0116
31/03/1969,0.0116
30/04/1969,0.0117
31/05/1969,0.0117
30/06/1969,0.0117
31/07/1969,0.0118
31/08/1969,0.0118
30/09/1969,0.0119
31/10/1969,0.012
30/11/1969,0.012
31/12/1969,0.0121
31/01/1970,0.0122
28/02/1970,0.0122
31/03/1970,0.0122
30/04/1970,0.0122
31/05/1970,0.0123
30/06/1970,0.0123
31/07/1970,0.0124
31/08/1970,0.0125
30/09/1970,0.0125
31/10/1970,0.0125
30/11/1970,0.0126
31/12/1970,0.0127
31/01/1971,0.0128
28/02/1971,0.0129
31/03/1971,0.0129
30/04/1971,0.013
31/05/1971,0.013
30/06/1971,0.0131
31/07/1971,0.013
31/08/1971,0.0132
30/09/1971,0.0132
31/10/1971,0.0132
30/11/1971,0.0132
31/12/1971,0.0133
31/01/1972,0.0134
29/02/1972,0.0134
31/03/1972,0.0135
30/04/1972,0.0136
31/05/1972,0.0136
30/06/1972,0.0137
31/07/1972,0.0137
31/08/1972,0.0138
30/09/1972,0.0139
31/10/1972,0.0139
30/11/1972,0.014
31/12/1972,0.014
31/01/1973,0.0142
28/02/1973,0.0144
31/03/1973,0.0145
30/04/1973,0.0147
31/05/1973,0.0149
30/06/1973,0.015
31/07/1973,0.0154
31/08/1973,0.0156
30/09/1973,0.016
31/10/1973,0.0162
30/11/1973,0.0164
31/12/1973,0.017
31/01/1974,0.0177
28/02/1974,0.0181
31/03/1974,0.0182
30/04/1974,0.0184
31/05/1974,0.0186
30/06/1974,0.0188
31/07/1974,0.019
31/08/1974,0.0192
30/09/1974,0.0195
31/10/1974,0.0198
30/11/1974,0.0204
31/12/1974,0.0206
31/01/1975,0.0208
28/02/1975,0.0209
31/03/1975,0.0211
30/04/1975,0.0212
31/05/1975,0.0215
30/06/1975,0.0219
31/07/1975,0.0221
31/08/1975,0.0223
30/09/1975,0.0224
31/10/1975,0.0225
30/11/1975,0.0227
31/12/1975,0.0229
31/01/1976,0.0233
29/02/1976,0.0238
31/03/1976,0.024
30/04/1976,0.0242
31/05/1976,0.0243
30/06/1976,0.0244
31/07/1976,0.0246
31/08/1976,0.0249
30/09/1976,0.0257
31/10/1976,0.0272
30/11/1976,0.0284
31/12/1976,0.0291
31/01/1977,0.03
28/02/1977,0.0307
31/03/1977,0.0312
30/04/1977,0.0317
31/05/1977,0.032
30/06/1977,0.0324
31/07/1977,0.0327
31/08/1977,0.0334
30/09/1977,0.034
31/10/1977,0.0343
30/11/1977,0.0346
31/12/1977,0.0351
31/01/1978,0.0359
28/02/1978,0.0364
31/03/1978,0.0368
30/04/1978,0.0372
31/05/1978,0.0376
30/06/1978,0.0381
31/07/1978,0.0387
31/08/1978,0.0391
30/09/1978,0.0396
31/10/1978,0.04
30/11/1978,0.0404
31/12/1978,0.0408
31/01/1979,0.0422
28/02/1979,0.0428
31/03/1979,0.0434
30/04/1979,0.0438
31/05/1979,0.0444
30/06/1979,0.0449
31/07/1979,0.0454
31/08/1979,0.0461
30/09/1979,0.0467
31/10/1979,0.0475
30/11/1979,0.0481
31/12/1979,0.049
31/01/1980,0.0513
29/02/1980,0.0525
31/03/1980,0.0536
30/04/1980,0.0545
31/05/1980,0.0554
30/06/1980,0.0565
31/07/1980,0.0581
31/08/1980,0.0593
30/09/1980,0.06
31/10/1980,0.0609
30/11/1980,0.0619
31/12/1980,0.0636
31/01/1981,0.0656
28/02/1981,0.0672
31/03/1981,0.0687
30/04/1981,0.0702
31/05/1981,0.0713
30/06/1981,0.0723
31/07/1981,0.0735
31/08/1981,0.0751
30/09/1981,0.0765
31/10/1981,0.0782
30/11/1981,0.0797
31/12/1981,0.0818
31/01/1982,0.0859
28/02/1982,0.0892
31/03/1982,0.0925
30/04/1982,0.0975
31/05/1982,0.103
30/06/1982,0.108
31/07/1982,0.1135
31/08/1982,0.1263
30/09/1982,0.133
31/10/1982,0.1399
30/11/1982,0.147
31/12/1982,0.1627
31/01/1983,0.1804
28/02/1983,0.19
31/03/1983,0.1992
30/04/1983,0.2118
31/05/1983,0.221
30/06/1983,0.2294
31/07/1983,0.2407
31/08/1983,0.2501
30/09/1983,0.2578
31/10/1983,0.2663
30/11/1983,0.282
31/12/1983,0.294
31/01/1984,0.3127
29/02/1984,0.3292
31/03/1984,0.3433
30/04/1984,0.3582
31/05/1984,0.37
30/06/1984,0.3834
31/07/1984,0.396
31/08/1984,0.4072
30/09/1984,0.4194
31/10/1984,0.434
30/11/1984,0.4489
31/12/1984,0.468
31/01/1985,0.5027
28/02/1985,0.5236
31/03/1985,0.5439
30/04/1985,0.5606
31/05/1985,0.5739
30/06/1985,0.5883
31/07/1985,0.6088
31/08/1985,0.6354
30/09/1985,0.6608
31/10/1985,0.6859
30/11/1985,0.7175
31/12/1985,0.7663
31/01/1986,0.8341
28/02/1986,0.8712
31/03/1986,0.9117
30/04/1986,0.9593
31/05/1986,1.0126
30/06/1986,1.0776
31/07/1986,1.1313
31/08/1986,1.2215
30/09/1986,1.2948
31/10/1986,1.3688
30/11/1986,1.4613
31/12/1986,1.5767
31/01/1987,1.7044
28/02/1987,1.8274
31/03/1987,1.9482
30/04/1987,2.1186
31/05/1987,2.2783
30/06/1987,2.4431
31/07/1987,2.641
31/08/1987,2.8569
30/09/1987,3.0451
31/10/1987,3.2988
30/11/1987,3.5605
31/12/1987,4.0864
31/01/1988,4.7182
29/02/1988,5.1118
31/03/1988,5.3735
30/04/1988,5.5389
31/05/1988,5.6461
30/06/1988,5.7613
31/07/1988,5.8575
31/08/1988,5.9113
30/09/1988,5.9451
31/10/1988,5.9905
30/11/1988,6.0707
31/12/1988,6.1973
31/01/1989,6.349
28/02/1989,6.4352
31/03/1989,6.5049
30/04/1989,6.6022
31/05/1989,6.6931
30/06/1989,6.7744
31/07/1989,6.8421
31/08/1989,6.9073
30/09/1989,6.9734
31/10/1989,7.0765
30/11/1989,7.1759
31/12/1989,7.418
31/01/1990,7.776
28/02/1990,7.9521
31/03/1990,8.0923
30/04/1990,8.2155
31/05/1990,8.3588
30/06/1990,8.5429
31/07/1990,8.6987
31/08/1990,8.847
30/09/1990,8.9731
31/10/1990,9.1021
30/11/1990,9.3437
31/12/1990,9.6382
31/01/1991,9.8839
28/02/1991,10.0564
31/03/1991,10.1998
30/04/1991,10.3067
31/05/1991,10.4074
30/06/1991,10.5166
31/07/1991,10.6096
31/08/1991,10.6834
30/09/1991,10.7899
31/10/1991,10.9153
30/11/1991,11.1864
31/12/1991,11.4497
31/01/1992,11.6578
29/02/1992,11.7959
31/03/1992,11.9159
30/04/1992,12.0222
31/05/1992,12.1014
30/06/1992,12.1833
31/07/1992,12.2603
31/08/1992,12.3356
30/09/1992,12.4429
31/10/1992,12.5325
30/11/1992,12.6366
31/12/1992,12.8166
31/01/1993,12.9773
28/02/1993,13.0833
31/03/1993,13.1596
30/04/1993,13.2355
31/05/1993,13.3111
30/06/1993,13.3858
31/07/1993,13.4501
31/08/1993,13.5221
30/09/1993,13.6223
31/10/1993,13.678
30/11/1993,13.7383
31/12/1993,13.8431
31/01/1994,13.9504
28/02/1994,14.0221
31/03/1994,14.0942
30/04/1994,14.1633
31/05/1994,14.2317
30/06/1994,14.3029
31/07/1994,14.3663
31/08/1994,14.4333
30/09/1994,14.5359
31/10/1994,14.6122
30/11/1994,14.6904
31/12/1994,14.8192
31/01/1995,15.377
28/02/1995,16.0287
31/03/1995,16.9736
30/04/1995,18.3261
31/05/1995,19.0921
30/06/1995,19.698
31/07/1995,20.0996
31/08/1995,20.433
30/09/1995,20.8556
31/10/1995,21.2848
30/11/1995,21.8096
31/12/1995,22.5202
31/01/1996,23.3298
29/02/1996,23.8743
31/03/1996,24.3998
30/04/1996,25.0934
31/05/1996,25.5508
30/06/1996,25.9669
31/07/1996,26.336
31/08/1996,26.6861
30/09/1996,27.1128
31/10/1996,27.4512
30/11/1996,27.8671
31/12/1996,28.7593
31/01/1997,29.4989
28/02/1997,29.9946
31/03/1997,30.3679
30/04/1997,30.696
31/05/1997,30.9761
30/06/1997,31.251
31/07/1997,31.5232
31/08/1997,31.8035
30/09/1997,32.1996
31/10/1997,32.4569
30/11/1997,32.82
31/12/1997,33.2799
31/01/1998,34.0039
28/02/1998,34.5992
31/03/1998,35.0045
30/04/1998,35.332
31/05/1998,35.6135
30/06/1998,36.0344
31/07/1998,36.3819
31/08/1998,36.7316
30/09/1998,37.3274
31/10/1998,37.8623
30/11/1998,38.5328
31/12/1998,39.473
31/01/1999,40.4698
28/02/1999,41.0136
31/03/1999,41.3947
30/04/1999,41.7746
31/05/1999,42.0259
30/06/1999,42.302
31/07/1999,42.5816
31/08/1999,42.8213
30/09/1999,43.235
31/10/1999,43.5089
30/11/1999,43.8958
31/12/1999,44.3355
31/01/2000,44.9308
29/02/2000,45.3294
31/03/2000,45.5807
30/04/2000,45.84
31/05/2000,46.0114
30/06/2000,46.2839
31/07/2000,46.4645
31/08/2000,46.7198
30/09/2000,47.0611
31/10/2000,47.3851
30/11/2000,47.7903
31/12/2000,48.3077
31/01/2001,48.5755
28/02/2001,48.5433
31/03/2001,48.8509
30/04/2001,49.0973
31/05/2001,49.21
30/06/2001,49.3264
31/07/2001,49.1982
31/08/2001,49.4897
30/09/2001,49.9504
31/10/2001,50.1761
30/11/2001,50.3651
31/12/2001,50.4349
31/01/2002,50.9005
28/02/2002,50.8677
31/03/2002,51.1279
30/04/2002,51.4072
31/05/2002,51.5114
30/06/2002,51.7626
31/07/2002,51.9112
31/08/2002,52.1086
30/09/2002,52.422
31/10/2002,52.653
30/11/2002,53.0789
31/12/2002,53.3099
31/01/2003,53.5254
28/02/2003,53.6741
31/03/2003,54.0129
30/04/2003,54.1051
31/05/2003,53.9306
30/06/2003,53.9751
31/07/2003,54.0533
31/08/2003,54.2155
30/09/2003,54.5382
31/10/2003,54.7382
30/11/2003,55.1925
31/12/2003,55.4298
31/01/2004,55.7743
29/02/2004,56.1079
31/03/2004,56.2981
30/04/2004,56.383
31/05/2004,56.2416
30/06/2004,56.3317
31/07/2004,56.4794
31/08/2004,56.828
30/09/2004,57.2979
31/10/2004,57.6947
30/11/2004,58.1869
31/12/2004,58.3071
31/01/2005,58.3092
28/02/2005,58.5034
31/03/2005,58.7671
30/04/2005,58.9764
31/05/2005,58.8283
30/06/2005,58.7718
31/07/2005,59.0018
31/08/2005,59.0723
30/09/2005,59.309
31/10/2005,59.4546
30/11/2005,59.8825
31/12/2005,60.2503
31/01/2006,60.6036
28/02/2006,60.6964
31/03/2006,60.7725
30/04/2006,60.8616
31/05/2006,60.5907
30/06/2006,60.643
31/07/2006,60.8093
31/08/2006,61.1196
30/09/2006,61.7366
31/10/2006,62.0065
30/11/2006,62.3319
31/12/2006,62.6924
31/01/2007,63.0162
28/02/2007,63.1923
31/03/2007,63.3291
30/04/2007,63.2913
31/05/2007,62.9825
30/06/2007,63.0582
31/07/2007,63.326
31/08/2007,63.584
30/09/2007,64.0777
31/10/2007,64.3274
30/11/2007,64.7812
31/12/2007,65.0491
31/01/2008,65.3506
29/02/2008,65.5448
31/03/2008,66.0199
30/04/2008,66.1701
31/05/2008,66.0986
30/06/2008,66.3722
31/07/2008,66.7421
31/08/2008,67.1275
30/09/2008,67.5849
31/10/2008,68.0455
30/11/2008,68.8189
31/12/2008,69.2956
31/01/2009,69.4561
28/02/2009,69.6095
31/03/2009,70.01
30/04/2009,70.255
31/05/2009,70.0504
30/06/2009,70.1794
31/07/2009,70.3705
31/08/2009,70.5389
30/09/2009,70.8927
31/10/2009,71.1072
30/11/2009,71.476
31/12/2009,71.7719
31/01/2010,72.552
28/02/2010,72.9717
31/03/2010,73.4897
30/04/2010,73.2556
31/05/2010,72.794
30/06/2010,72.7712
31/07/2010,72.9292
31/08/2010,73.1317
30/09/2010,73.5151
31/10/2010,73.9689
30/11/2010,74.5616
31/12/2010,74.931
31/01/2011,75.296
28/02/2011,75.5785
31/03/2011,75.7235
30/04/2011,75.7174
31/05/2011,75.1593
30/06/2011,75.1555
31/07/2011,75.5161
31/08/2011,75.6356
30/09/2011,75.8211
31/10/2011,76.3327
30/11/2011,77.1583
31/12/2011,77.7924
31/01/2012,78.343
29/02/2012,78.5023
31/03/2012,78.5474
30/04/2012,78.301
31/05/2012,78.0538
30/06/2012,78.4137
31/07/2012,78.8539
31/08/2012,79.0905
30/09/2012,79.4391
31/10/2012,79.841
30/11/2012,80.3834
31/12/2012,80.5682
31/01/2013,80.8928
28/02/2013,81.2909
31/03/2013,81.8874
30/04/2013,81.9415
31/05/2013,81.6688
30/06/2013,81.6192
31/07/2013,81.5922
31/08/2013,81.8243
30/09/2013,82.1323
31/10/2013,82.523
30/11/2013,83.2923
31/12/2013,83.7701
31/01/2014,84.5191
28/02/2014,84.7332
31/03/2014,84.9653
30/04/2014,84.8068
31/05/2014,84.5356
30/06/2014,84.6821
31/07/2014,84.915
31/08/2014,85.22
30/09/2014,85.5963
31/10/2014,86.0696
30/11/2014,86.7638
31/12/2014,87.189
31/01/2015,87.1101
28/02/2015,87.2754
31/03/2015,87.6307
30/04/2015,87.4038
31/05/2015,86.9674
30/06/2015,87.1131
31/07/2015,87.2408
31/08/2015,87.4249
30/09/2015,87.7524
31/10/2015,88.2039
30/11/2015,88.6855
31/12/2015,89.0468
31/01/2016,89.3864
29/02/2016,89.7778
31/03/2016,89.91
30/04/2016,89.6253
31/05/2016,89.2256
30/06/2016,89.324
31/07/2016,89.5569
31/08/2016,89.8093
30/09/2016,90.3577
31/10/2016,90.9062
30/11/2016,91.6168
31/12/2016,92.039
31/01/2017,93.6039
28/02/2017,94.1448
31/03/2017,94.7225
30/04/2017,94.8389
31/05/2017,94.7255
30/06/2017,94.9636
31/07/2017,95.3227
31/08/2017,95.7938
30/09/2017,96.0935
31/10/2017,96.6983
30/11/2017,97.6952
31/12/2017,98.2729
31/01/2018,98.795
28/02/2018,99.1714
31/03/2018,99.4922
30/04/2018,99.1548
31/05/2018,98.9941
30/06/2018,99.3765
31/07/2018,99.9091
31/08/2018,100.492
30/09/2018,100.917
31/10/2018,101.44
30/11/2018,102.303
31/12/2018,103.02
31/01/2019,103.108
28/02/2019,103.079
31/03/2019,103.476
30/04/2019,103.531
31/05/2019,103.233
30/06/2019,103.299
31/07/2019,103.687
31/08/2019,103.67
30/09/2019,103.942
31/10/2019,104.503
30/11/2019,105.346
31/12/2019,105.934
31/01/2020,106.447
29/02/2020,106.889
31/03/2020,106.838
30/04/2020,105.755
31/05/2020,106.162
30/06/2020,106.743
31/07/2020,107.444
31/08/2020,107.867
30/09/2020,108.114
31/10/2020,108.774
30/11/2020,108.856
31/12/2020,109.271
31/01/2021,110.21
28/02/2021,110.907
31/03/2021,111.824
30/04/2021,112.19
31/05/2021,112.419
30/06/2021,113.018
31/07/2021,113.682
31/08/2021,113.899
30/09/2021,114.601
31/10/2021,115.561
30/11/2021,116.884
31/12/2021,117.308
31/01/2022,118.002
28/02/2022,118.981
31/03/2022,120.159
30/04/2022,120.809
31/05/2022,121.022
30/06/2022,122.044
31/07/2022,122.948
31/08/2022,123.803
30/09/2022,124.571
31/10/2022,125.276
30/11/2022,125.997
31/12/2022,126.478
31/01/2023,127.336
28/02/2023,128.046
31/03/2023,128.389
30/04/2023,128.363
31/05/2023,128.084
30/06/2023,128.214
31/07/2023,128.832
31/08/2023,129.545
30/09/2023,130.12
31/10/2023,130.609
30/11/2023,131.445
31/12/2023,132.373
31/01/2024,133.555
29/02/2024,133.681
31/03/2024,134.065
30/04/2024,134.336
31/05/2024,134.087
30/06/2024,134.594
31/07/2024,136.003
31/08/2024,136.013
30/09/2024,136.08
31/10/2024,136.828
30/11/2024,137.424
31/12/2024,137.949
31/01/2025,138.343
28/02/2025,138.726
31/03/2025,139.161
30/04/2025,139.62
31/05/2025,140.012
30/06/2025,140.405
31/07/2025,140.78
31/08/2025,140.867
30/09/2025,141.197
31/10/2025,141.708
30/11/2025,142.645
31/12/2025,143.042
31/01/2026,143.588
28/02/2026,144.307
31/03/2026,145.544
30/04/2026,145.831
31/05/2026,145.527
