g,eta,a_priv,a_soc,A_priv,A_soc,L_priv,L_soc,S_priv,S_soc,S_gap,t_star
0.0,0.5,0.5966666666666667,0.2911764705882353,5.966666666666667,2.9117647058823533,5.4853555555555555,2.4989792387543255,2.7426777777777778,1.2494896193771627,1.493188158400615,0.4582352941176471
0.01,0.51,0.5966666666666667,0.2857981220657277,5.966666666666667,2.857981220657277,5.4853555555555555,2.4497461096784146,2.7975313333333336,1.2493705159359914,1.5481608173973422,0.4663028169014085
0.02,0.52,0.5966666666666667,0.28044496487119436,5.966666666666667,2.8044496487119437,5.4853555555555555,2.4008584756127656,2.852384888888889,1.248446407318638,1.6039384815702509,0.4743325526932085
0.03,0.53,0.5966666666666667,0.27511682242990654,5.966666666666667,2.7511682242990654,5.4853555555555555,2.35231311140711,2.907238444444445,1.2467259490457683,1.6605124953986765,0.4823247663551402
0.04,0.54,0.5966666666666667,0.2698135198135198,5.966666666666667,2.698135198135198,5.4853555555555555,2.30410682945648,2.962092,1.2442176879064992,1.717874312093501,0.49027972027972033
0.05,0.55,0.5966666666666667,0.2645348837209302,5.966666666666667,2.645348837209302,5.4853555555555555,2.2562364791779337,3.016945555555556,1.2409300635478637,1.7760154920076923,0.49819767441860474
0.06,0.56,0.5966666666666667,0.25928074245939675,5.966666666666667,2.5928074245939676,5.4853555555555555,2.2086989464957663,3.0717991111111114,1.2368714100376292,1.8349277010734821,0.5060788863109049
0.07,0.5700000000000001,0.5966666666666667,0.2540509259259259,5.966666666666667,2.5405092592592586,5.4853555555555555,2.1614911533350476,3.126652666666667,1.2320499574009773,1.8946027092656899,0.5139236111111112
0.08,0.58,0.5966666666666667,0.2488452655889146,5.966666666666667,2.4884526558891458,5.4853555555555555,2.1146100571233517,3.181506222222222,1.226473833131544,1.9550323890906782,0.5217321016166281
0.09,0.59,0.5966666666666667,0.2436635944700461,5.966666666666667,2.436635944700461,5.4853555555555555,2.068052650300495,3.2363597777777775,1.220151063677292,2.016208714100485,0.5295046082949308
0.1,0.6,0.5966666666666667,0.2385057471264368,5.966666666666667,2.3850574712643677,5.4853555555555555,2.021815959836174,3.2912133333333333,1.2130895759017042,2.078123757431629,0.5372413793103448
0.11,0.61,0.5966666666666667,0.23337155963302755,5.966666666666667,2.3337155963302756,5.4853555555555555,1.975897046755324,3.3460668888888887,1.2052971985207477,2.140769690368141,0.5449426605504587
0.12,0.62,0.5966666666666667,0.2282608695652174,5.966666666666667,2.282608695652174,5.4853555555555555,1.9302930056710776,3.4009204444444445,1.1967816635160682,2.2041387809283766,0.5526086956521739
0.13,0.63,0.5966666666666667,0.22317351598173515,5.966666666666667,2.2317351598173514,5.4853555555555555,1.8850009643251808,3.455774,1.1875506075248639,2.268223392475136,0.5602397260273972
0.14,0.64,0.5966666666666667,0.21810933940774488,5.966666666666667,2.1810933940774486,5.4853555555555555,1.8400180831357247,3.5106275555555557,1.1776115732068637,2.333015982348692,0.5678359908883828
0.15,0.65,0.5966666666666667,0.21306818181818182,5.966666666666667,2.1306818181818183,5.4853555555555555,1.7953415547520664,3.565481111111111,1.1669720105888433,2.3985091005222676,0.5753977272727273
0.16,0.66,0.5966666666666667,0.20804988662131518,5.966666666666667,2.080498866213152,5.4853555555555555,1.7509686036168057,3.620334666666667,1.155639278387092,2.464695388279575,0.5829251700680272
0.17,0.67,0.5966666666666667,0.20305429864253394,5.966666666666667,2.0305429864253393,5.4853555555555555,1.7068964855346942,3.6751882222222223,1.1436206453082451,2.531567576913977,0.5904185520361991
0.18,0.6799999999999999,0.5966666666666667,0.1980812641083522,5.966666666666667,1.980812641083522,5.4853555555555555,1.6631224872483434,3.7300417777777772,1.1309232913288734,2.599118486448904,0.5978781038374718
0.19,0.69,0.5966666666666667,0.19313063063063068,5.966666666666667,1.9313063063063067,5.4853555555555555,1.6196439260206157,3.784895333333333,1.1175543089542248,2.667341024379108,0.605304054054054
0.2,0.7,0.5966666666666667,0.18820224719101128,5.966666666666667,1.8820224719101128,5.4853555555555555,1.5764581492235834,3.8397488888888884,1.1035207044565083,2.73622818443238,0.6126966292134831
0.21,0.71,0.5966666666666667,0.18329596412556057,5.966666666666667,1.8329596412556057,5.4853555555555555,1.5335625339339223,3.8946024444444443,1.0888293990930848,2.8057730453513594,0.6200560538116592
0.22,0.72,0.5966666666666667,0.17841163310961972,5.966666666666667,1.7841163310961972,5.4853555555555555,1.490954486534641,3.9494559999999996,1.0734872303049414,2.875968769695058,0.6273825503355704
0.23,0.73,0.5966666666666667,0.17354910714285718,5.966666666666667,1.7354910714285718,5.4853555555555555,1.4486314423230235,4.0043095555555555,1.0575009528958073,2.946808602659748,0.6346763392857142
0.24,0.74,0.5966666666666667,0.1687082405345212,5.966666666666667,1.6870824053452118,5.4853555555555555,1.4065908651246772,4.059163111111111,1.0408772401922612,3.01828587091885,0.6419376391982182
0.25,0.75,0.5966666666666667,0.16388888888888883,5.966666666666667,1.6388888888888884,5.4853555555555555,1.36483024691358,4.114016666666666,1.023622685185185,3.090393981481481,0.6491666666666668
0.26,0.76,0.5966666666666667,0.15909090909090903,5.966666666666667,1.5909090909090904,5.4853555555555555,1.3233471074380163,4.168870222222222,1.0057438016528923,3.1631264205693297,0.6563636363636365
0.27,0.77,0.5966666666666667,0.15431415929203535,5.966666666666667,1.5431415929203536,5.4853555555555555,1.2821389938522982,4.223723777777778,0.9872470252662696,3.2364767525115083,0.663528761061947
0.28,0.78,0.5966666666666667,0.14955849889624717,5.966666666666667,1.4955849889624717,5.4853555555555555,1.241203480354175,4.278577333333334,0.9681387146762565,3.310438618657077,0.6706622516556293
0.29,0.79,0.5966666666666667,0.14482378854625544,5.966666666666667,1.4482378854625544,5.4853555555555555,1.2005381678278246,4.3334308888888895,0.9484251525839815,3.385005736304908,0.6777643171806169
0.3,0.8,0.5966666666666667,0.14010989010989006,5.966666666666667,1.4010989010989006,5.4853555555555555,1.1601406834923313,4.388284444444444,0.9281125467938651,3.4601718976505795,0.6848351648351649
0.31,0.81,0.5966666666666667,0.1354166666666666,5.966666666666667,1.354166666666666,5.4853555555555555,1.120008680555555,4.443138,0.9072070312499996,3.5359309687500007,0.6918750000000001
0.32,0.8200000000000001,0.5966666666666667,0.13074398249452948,5.966666666666667,1.3074398249452948,5.4853555555555555,1.0801398378732956,4.497991555555556,0.8857146670561025,3.6122768884994536,0.6988840262582058
0.33,0.8300000000000001,0.5966666666666667,0.12609170305676848,5.966666666666667,1.260917030567685,5.4853555555555555,1.0405318596136606,4.552845111111112,0.8636414434793384,3.6892036676317734,0.7058624454148473
0.34,0.8400000000000001,0.5966666666666667,0.12145969498910668,5.966666666666667,1.2145969498910667,5.4853555555555555,1.001182474926547,4.607698666666667,0.8409932789382996,3.766705387728367,0.71281045751634
0.35000000000000003,0.8500000000000001,0.5966666666666667,0.11684782608695644,5.966666666666667,1.1684782608695645,5.4853555555555555,0.9620894376181469,4.662552222222223,0.817776021975425,3.844776200246798,0.7197282608695653
0.36,0.86,0.5966666666666667,0.11225596529284163,5.966666666666667,1.1225596529284163,5.4853555555555555,0.9232505258303885,4.717405777777778,0.793995452214134,3.9234103255636437,0.7266160520607376
0.37,0.87,0.5966666666666667,0.10768398268398266,5.966666666666667,1.0768398268398265,5.4853555555555555,0.8846635417252299,4.772259333333333,0.76965728130095,4.002602052032383,0.733474025974026
0.38,0.88,0.5966666666666667,0.10313174946004317,5.966666666666667,1.0313174946004318,5.4853555555555555,0.8463263111737237,4.827112888888889,0.7447671538328768,4.082345735056013,0.7403023758099353
0.39,0.89,0.5966666666666667,0.09859913793103445,5.966666666666667,0.9859913793103445,5.4853555555555555,0.808236683449762,4.881966444444444,0.7193306482702881,4.162635796174156,0.7471012931034484
0.4,0.9,0.5966666666666667,0.0940860215053763,5.966666666666667,0.940860215053763,5.4853555555555555,0.7703925309284307,4.93682,0.6933532778355876,4.2434667221644125,0.7538709677419355
0.41000000000000003,0.91,0.5966666666666667,0.08959227467811154,5.966666666666667,0.8959227467811154,5.4853555555555555,0.7327917487888886,4.991673555555556,0.6668404913978887,4.3248330641576676,0.7606115879828327
0.42,0.9199999999999999,0.5966666666666667,0.08511777301927197,5.966666666666667,0.8511777301927197,5.4853555555555555,0.6954322547216965,5.046527111111111,0.6397976743439607,4.40672943676715,0.7673233404710921
0.43,0.9299999999999999,0.5966666666666667,0.08066239316239318,5.966666666666667,0.8066239316239319,5.4853555555555555,0.6583119886405145,5.101380666666667,0.6122301494356784,4.489150517230988,0.7740064102564103
0.44,0.94,0.5966666666666667,0.07622601279317699,5.966666666666667,0.7622601279317699,5.4853555555555555,0.621428912398107,5.1562342222222215,0.5841431776542206,4.572091044568001,0.7806609808102345
0.45,0.95,0.5966666666666667,0.07180851063829788,5.966666666666667,0.7180851063829787,5.4853555555555555,0.5847810095065641,5.211087777777777,0.5555419590312358,4.655545818746542,0.7872872340425532
0.46,0.96,0.5966666666666667,0.06740976645435244,5.966666666666667,0.6740976645435244,5.4853555555555555,0.5483662848616802,5.265941333333333,0.5264316334672129,4.739509699866121,0.7938853503184713
0.47000000000000003,0.97,0.5966666666666667,0.06302966101694915,5.966666666666667,0.6302966101694916,5.4853555555555555,0.5121827644714163,5.320794888888889,0.4968172815372738,4.823977607351615,0.8004555084745762
0.48,0.98,0.5966666666666667,0.05866807610993657,5.966666666666667,0.5866807610993657,5.4853555555555555,0.47622849518837523,5.375648444444444,0.46670392528460775,4.908944519159836,0.8069978858350951
0.49,0.99,0.5966666666666667,0.05432489451476793,5.966666666666667,0.5432489451476793,5.4853555555555555,0.4405015444462248,5.430502,0.43609652900176255,4.994405470998237,0.8135126582278481
0.5,1.0,0.5966666666666667,0.04999999999999999,5.966666666666667,0.4999999999999999,5.4853555555555555,0.4049999999999999,5.4853555555555555,0.4049999999999999,5.080355555555555,0.8200000000000001
0.51,1.01,0.5966666666666667,0.04569327731092435,5.966666666666667,0.4569327731092435,5.4853555555555555,0.3697219696702209,5.540209111111111,0.37341918936692314,5.166789921744188,0.8264600840336135
0.52,1.02,0.5966666666666667,0.04140461215932912,5.966666666666667,0.4140461215932912,5.4853555555555555,0.3346655810907619,5.595062666666667,0.34135889271257713,5.25370377395409,0.8328930817610063
0.53,1.03,0.5966666666666667,0.0371338912133891,5.966666666666667,0.37133891213389103,5.4853555555555555,0.2998289814604085,5.649916222222222,0.30882385090422076,5.341092371318001,0.8392991631799164
0.54,1.04,0.5966666666666667,0.032881002087682645,5.966666666666667,0.3288100208768264,5.4853555555555555,0.26521033729804155,5.704769777777778,0.2758187507899632,5.428951026987814,0.8456784968684761
0.55,1.05,0.5966666666666667,0.0286458333333333,5.966666666666667,0.28645833333333304,5.4853555555555555,0.23080783420138865,5.759623333333334,0.24234822591145808,5.5172751074218755,0.85203125
0.56,1.06,0.5966666666666667,0.02442827442827439,5.966666666666667,0.2442827442827439,5.4853555555555555,0.1966196766092813,5.81447688888889,0.2084168572058382,5.606060031683051,0.8583575883575885
0.5700000000000001,1.07,0.5966666666666667,0.020228215767634814,5.966666666666667,0.20228215767634813,5.4853555555555555,0.16264408756736248,5.8693304444444445,0.17402917369707788,5.6953012707473665,0.8646576763485478
0.58,1.08,0.5966666666666667,0.016045548654244263,5.966666666666667,0.16045548654244263,5.4853555555555555,0.12887930849718554,5.924184,0.1391896531769604,5.78499434682304,0.8709316770186336
0.59,1.0899999999999999,0.5966666666666667,0.011880165289256266,5.966666666666667,0.11880165289256267,5.4853555555555555,0.09532359896865024,5.979037555555554,0.10390272287582875,5.875134832679725,0.8771797520661156
0.6,1.1,0.5966666666666667,0.007731958762886548,5.966666666666667,0.07731958762886548,5.4853555555555555,0.061975236475714346,6.033891111111112,0.06817276012328578,5.965718350987826,0.8834020618556702
0.61,1.1099999999999999,0.5966666666666667,0.00360082304526755,5.966666666666667,0.0360082304526755,5.4853555555555555,0.028832516215347066,6.088744666666666,0.03200409299903524,6.056740573667631,0.8895987654320987
0.62,1.12,0.5966666666666667,0.0,5.966666666666667,0.0,5.4853555555555555,0.0,6.143598222222223,0.0,6.143598222222223,0.895
0.63,1.13,0.5966666666666667,0.0,5.966666666666667,0.0,5.4853555555555555,0.0,6.198451777777777,0.0,6.198451777777777,0.895
0.64,1.1400000000000001,0.5966666666666667,0.0,5.966666666666667,0.0,5.4853555555555555,0.0,6.253305333333334,0.0,6.253305333333334,0.895
0.65,1.15,0.5966666666666667,0.0,5.966666666666667,0.0,5.4853555555555555,0.0,6.308158888888888,0.0,6.308158888888888,0.895
0.66,1.1600000000000001,0.5966666666666667,0.0,5.966666666666667,0.0,5.4853555555555555,0.0,6.363012444444445,0.0,6.363012444444445,0.895
0.67,1.17,0.5966666666666667,0.0,5.966666666666667,0.0,5.4853555555555555,0.0,6.417865999999999,0.0,6.417865999999999,0.895
0.68,1.1800000000000002,0.5966666666666667,0.0,5.966666666666667,0.0,5.4853555555555555,0.0,6.472719555555557,0.0,6.472719555555557,0.895
0.6900000000000001,1.19,0.5966666666666667,0.0,5.966666666666667,0.0,5.4853555555555555,0.0,6.527573111111111,0.0,6.527573111111111,0.895
0.7000000000000001,1.2000000000000002,0.5966666666666667,0.0,5.966666666666667,0.0,5.4853555555555555,0.0,6.5824266666666675,0.0,6.5824266666666675,0.895
0.71,1.21,0.5966666666666667,0.0,5.966666666666667,0.0,5.4853555555555555,0.0,6.637280222222222,0.0,6.637280222222222,0.895
0.72,1.22,0.5966666666666667,0.0,5.966666666666667,0.0,5.4853555555555555,0.0,6.692133777777777,0.0,6.692133777777777,0.895
0.73,1.23,0.5966666666666667,0.0,5.966666666666667,0.0,5.4853555555555555,0.0,6.746987333333333,0.0,6.746987333333333,0.895
0.74,1.24,0.5966666666666667,0.0,5.966666666666667,0.0,5.4853555555555555,0.0,6.801840888888889,0.0,6.801840888888889,0.895
0.75,1.25,0.5966666666666667,0.0,5.966666666666667,0.0,5.4853555555555555,0.0,6.856694444444445,0.0,6.856694444444445,0.895
0.76,1.26,0.5966666666666667,0.0,5.966666666666667,0.0,5.4853555555555555,0.0,6.911548,0.0,6.911548,0.895
0.77,1.27,0.5966666666666667,0.0,5.966666666666667,0.0,5.4853555555555555,0.0,6.966401555555556,0.0,6.966401555555556,0.895
0.78,1.28,0.5966666666666667,0.0,5.966666666666667,0.0,5.4853555555555555,0.0,7.0212551111111114,0.0,7.0212551111111114,0.895
0.79,1.29,0.5966666666666667,0.0,5.966666666666667,0.0,5.4853555555555555,0.0,7.076108666666667,0.0,7.076108666666667,0.895
0.8,1.3,0.5966666666666667,0.0,5.966666666666667,0.0,5.4853555555555555,0.0,7.130962222222222,0.0,7.130962222222222,0.895
0.81,1.31,0.5966666666666667,0.0,5.966666666666667,0.0,5.4853555555555555,0.0,7.185815777777778,0.0,7.185815777777778,0.895
0.8200000000000001,1.32,0.5966666666666667,0.0,5.966666666666667,0.0,5.4853555555555555,0.0,7.240669333333334,0.0,7.240669333333334,0.895
0.8300000000000001,1.33,0.5966666666666667,0.0,5.966666666666667,0.0,5.4853555555555555,0.0,7.29552288888889,0.0,7.29552288888889,0.895
0.84,1.3399999999999999,0.5966666666666667,0.0,5.966666666666667,0.0,5.4853555555555555,0.0,7.350376444444444,0.0,7.350376444444444,0.895
0.85,1.35,0.5966666666666667,0.0,5.966666666666667,0.0,5.4853555555555555,0.0,7.40523,0.0,7.40523,0.895
0.86,1.3599999999999999,0.5966666666666667,0.0,5.966666666666667,0.0,5.4853555555555555,0.0,7.4600835555555545,0.0,7.4600835555555545,0.895
0.87,1.37,0.5966666666666667,0.0,5.966666666666667,0.0,5.4853555555555555,0.0,7.514937111111112,0.0,7.514937111111112,0.895
0.88,1.38,0.5966666666666667,0.0,5.966666666666667,0.0,5.4853555555555555,0.0,7.569790666666666,0.0,7.569790666666666,0.895
0.89,1.3900000000000001,0.5966666666666667,0.0,5.966666666666667,0.0,5.4853555555555555,0.0,7.624644222222223,0.0,7.624644222222223,0.895
0.9,1.4,0.5966666666666667,0.0,5.966666666666667,0.0,5.4853555555555555,0.0,7.679497777777777,0.0,7.679497777777777,0.895
0.91,1.4100000000000001,0.5966666666666667,0.0,5.966666666666667,0.0,5.4853555555555555,0.0,7.7343513333333345,0.0,7.7343513333333345,0.895
0.92,1.42,0.5966666666666667,0.0,5.966666666666667,0.0,5.4853555555555555,0.0,7.7892048888888885,0.0,7.7892048888888885,0.895
0.93,1.4300000000000002,0.5966666666666667,0.0,5.966666666666667,0.0,5.4853555555555555,0.0,7.844058444444445,0.0,7.844058444444445,0.895
0.9400000000000001,1.44,0.5966666666666667,0.0,5.966666666666667,0.0,5.4853555555555555,0.0,7.898911999999999,0.0,7.898911999999999,0.895
0.9500000000000001,1.4500000000000002,0.5966666666666667,0.0,5.966666666666667,0.0,5.4853555555555555,0.0,7.953765555555557,0.0,7.953765555555557,0.895
0.96,1.46,0.5966666666666667,0.0,5.966666666666667,0.0,5.4853555555555555,0.0,8.008619111111111,0.0,8.008619111111111,0.895
0.97,1.47,0.5966666666666667,0.0,5.966666666666667,0.0,5.4853555555555555,0.0,8.063472666666666,0.0,8.063472666666666,0.895
0.98,1.48,0.5966666666666667,0.0,5.966666666666667,0.0,5.4853555555555555,0.0,8.118326222222223,0.0,8.118326222222223,0.895
0.99,1.49,0.5966666666666667,0.0,5.966666666666667,0.0,5.4853555555555555,0.0,8.173179777777777,0.0,8.173179777777777,0.895
1.0,1.5,0.5966666666666667,0.0,5.966666666666667,0.0,5.4853555555555555,0.0,8.228033333333332,0.0,8.228033333333332,0.895
1.01,1.51,0.5966666666666667,0.0,5.966666666666667,0.0,5.4853555555555555,0.0,8.28288688888889,0.0,8.28288688888889,0.895
1.02,1.52,0.5966666666666667,0.0,5.966666666666667,0.0,5.4853555555555555,0.0,8.337740444444444,0.0,8.337740444444444,0.895
1.03,1.53,0.5966666666666667,0.0,5.966666666666667,0.0,5.4853555555555555,0.0,8.392594,0.0,8.392594,0.895
1.04,1.54,0.5966666666666667,0.0,5.966666666666667,0.0,5.4853555555555555,0.0,8.447447555555556,0.0,8.447447555555556,0.895
1.05,1.55,0.5966666666666667,0.0,5.966666666666667,0.0,5.4853555555555555,0.0,8.50230111111111,0.0,8.50230111111111,0.895
1.06,1.56,0.5966666666666667,0.0,5.966666666666667,0.0,5.4853555555555555,0.0,8.557154666666667,0.0,8.557154666666667,0.895
1.07,1.57,0.5966666666666667,0.0,5.966666666666667,0.0,5.4853555555555555,0.0,8.612008222222222,0.0,8.612008222222222,0.895
1.08,1.58,0.5966666666666667,0.0,5.966666666666667,0.0,5.4853555555555555,0.0,8.666861777777779,0.0,8.666861777777779,0.895
1.09,1.59,0.5966666666666667,0.0,5.966666666666667,0.0,5.4853555555555555,0.0,8.721715333333334,0.0,8.721715333333334,0.895
1.1,1.6,0.5966666666666667,0.0,5.966666666666667,0.0,5.4853555555555555,0.0,8.776568888888889,0.0,8.776568888888889,0.895
1.11,1.61,0.5966666666666667,0.0,5.966666666666667,0.0,5.4853555555555555,0.0,8.831422444444446,0.0,8.831422444444446,0.895
1.12,1.62,0.5966666666666667,0.0,5.966666666666667,0.0,5.4853555555555555,0.0,8.886276,0.0,8.886276,0.895
1.1300000000000001,1.6300000000000001,0.5966666666666667,0.0,5.966666666666667,0.0,5.4853555555555555,0.0,8.941129555555555,0.0,8.941129555555555,0.895
1.1400000000000001,1.6400000000000001,0.5966666666666667,0.0,5.966666666666667,0.0,5.4853555555555555,0.0,8.995983111111112,0.0,8.995983111111112,0.895
1.1500000000000001,1.6500000000000001,0.5966666666666667,0.0,5.966666666666667,0.0,5.4853555555555555,0.0,9.050836666666667,0.0,9.050836666666667,0.895
1.16,1.66,0.5966666666666667,0.0,5.966666666666667,0.0,5.4853555555555555,0.0,9.105690222222222,0.0,9.105690222222222,0.895
1.17,1.67,0.5966666666666667,0.0,5.966666666666667,0.0,5.4853555555555555,0.0,9.160543777777777,0.0,9.160543777777777,0.895
1.18,1.68,0.5966666666666667,0.0,5.966666666666667,0.0,5.4853555555555555,0.0,9.215397333333334,0.0,9.215397333333334,0.895
1.19,1.69,0.5966666666666667,0.0,5.966666666666667,0.0,5.4853555555555555,0.0,9.270250888888889,0.0,9.270250888888889,0.895
1.2,1.7,0.5966666666666667,0.0,5.966666666666667,0.0,5.4853555555555555,0.0,9.325104444444444,0.0,9.325104444444444,0.895
1.21,1.71,0.5966666666666667,0.0,5.966666666666667,0.0,5.4853555555555555,0.0,9.379958,0.0,9.379958,0.895
1.22,1.72,0.5966666666666667,0.0,5.966666666666667,0.0,5.4853555555555555,0.0,9.434811555555555,0.0,9.434811555555555,0.895
1.23,1.73,0.5966666666666667,0.0,5.966666666666667,0.0,5.4853555555555555,0.0,9.48966511111111,0.0,9.48966511111111,0.895
1.24,1.74,0.5966666666666667,0.0,5.966666666666667,0.0,5.4853555555555555,0.0,9.544518666666667,0.0,9.544518666666667,0.895
1.25,1.75,0.5966666666666667,0.0,5.966666666666667,0.0,5.4853555555555555,0.0,9.599372222222222,0.0,9.599372222222222,0.895
1.26,1.76,0.5966666666666667,0.0,5.966666666666667,0.0,5.4853555555555555,0.0,9.654225777777778,0.0,9.654225777777778,0.895
1.27,1.77,0.5966666666666667,0.0,5.966666666666667,0.0,5.4853555555555555,0.0,9.709079333333333,0.0,9.709079333333333,0.895
1.28,1.78,0.5966666666666667,0.0,5.966666666666667,0.0,5.4853555555555555,0.0,9.763932888888888,0.0,9.763932888888888,0.895
1.29,1.79,0.5966666666666667,0.0,5.966666666666667,0.0,5.4853555555555555,0.0,9.818786444444445,0.0,9.818786444444445,0.895
1.3,1.8,0.5966666666666667,0.0,5.966666666666667,0.0,5.4853555555555555,0.0,9.87364,0.0,9.87364,0.895
1.31,1.81,0.5966666666666667,0.0,5.966666666666667,0.0,5.4853555555555555,0.0,9.928493555555557,0.0,9.928493555555557,0.895
1.32,1.82,0.5966666666666667,0.0,5.966666666666667,0.0,5.4853555555555555,0.0,9.983347111111112,0.0,9.983347111111112,0.895
1.33,1.83,0.5966666666666667,0.0,5.966666666666667,0.0,5.4853555555555555,0.0,10.038200666666667,0.0,10.038200666666667,0.895
1.34,1.84,0.5966666666666667,0.0,5.966666666666667,0.0,5.4853555555555555,0.0,10.093054222222223,0.0,10.093054222222223,0.895
1.35,1.85,0.5966666666666667,0.0,5.966666666666667,0.0,5.4853555555555555,0.0,10.147907777777778,0.0,10.147907777777778,0.895
1.36,1.86,0.5966666666666667,0.0,5.966666666666667,0.0,5.4853555555555555,0.0,10.202761333333333,0.0,10.202761333333333,0.895
1.37,1.87,0.5966666666666667,0.0,5.966666666666667,0.0,5.4853555555555555,0.0,10.25761488888889,0.0,10.25761488888889,0.895
1.3800000000000001,1.8800000000000001,0.5966666666666667,0.0,5.966666666666667,0.0,5.4853555555555555,0.0,10.312468444444445,0.0,10.312468444444445,0.895
1.3900000000000001,1.8900000000000001,0.5966666666666667,0.0,5.966666666666667,0.0,5.4853555555555555,0.0,10.367322000000001,0.0,10.367322000000001,0.895
1.4000000000000001,1.9000000000000001,0.5966666666666667,0.0,5.966666666666667,0.0,5.4853555555555555,0.0,10.422175555555556,0.0,10.422175555555556,0.895
1.41,1.91,0.5966666666666667,0.0,5.966666666666667,0.0,5.4853555555555555,0.0,10.477029111111111,0.0,10.477029111111111,0.895
1.42,1.92,0.5966666666666667,0.0,5.966666666666667,0.0,5.4853555555555555,0.0,10.531882666666666,0.0,10.531882666666666,0.895
1.43,1.93,0.5966666666666667,0.0,5.966666666666667,0.0,5.4853555555555555,0.0,10.586736222222221,0.0,10.586736222222221,0.895
1.44,1.94,0.5966666666666667,0.0,5.966666666666667,0.0,5.4853555555555555,0.0,10.641589777777778,0.0,10.641589777777778,0.895
1.45,1.95,0.5966666666666667,0.0,5.966666666666667,0.0,5.4853555555555555,0.0,10.696443333333333,0.0,10.696443333333333,0.895
1.46,1.96,0.5966666666666667,0.0,5.966666666666667,0.0,5.4853555555555555,0.0,10.751296888888888,0.0,10.751296888888888,0.895
1.47,1.97,0.5966666666666667,0.0,5.966666666666667,0.0,5.4853555555555555,0.0,10.806150444444445,0.0,10.806150444444445,0.895
1.48,1.98,0.5966666666666667,0.0,5.966666666666667,0.0,5.4853555555555555,0.0,10.861004,0.0,10.861004,0.895
1.49,1.99,0.5966666666666667,0.0,5.966666666666667,0.0,5.4853555555555555,0.0,10.915857555555556,0.0,10.915857555555556,0.895
1.5,2.0,0.5966666666666667,0.0,5.966666666666667,0.0,5.4853555555555555,0.0,10.970711111111111,0.0,10.970711111111111,0.895
1.51,2.01,0.5966666666666667,0.0,5.966666666666667,0.0,5.4853555555555555,0.0,11.025564666666666,0.0,11.025564666666666,0.895
1.52,2.02,0.5966666666666667,0.0,5.966666666666667,0.0,5.4853555555555555,0.0,11.080418222222223,0.0,11.080418222222223,0.895
1.53,2.0300000000000002,0.5966666666666667,0.0,5.966666666666667,0.0,5.4853555555555555,0.0,11.13527177777778,0.0,11.13527177777778,0.895
1.54,2.04,0.5966666666666667,0.0,5.966666666666667,0.0,5.4853555555555555,0.0,11.190125333333334,0.0,11.190125333333334,0.895
1.55,2.05,0.5966666666666667,0.0,5.966666666666667,0.0,5.4853555555555555,0.0,11.244978888888888,0.0,11.244978888888888,0.895
1.56,2.06,0.5966666666666667,0.0,5.966666666666667,0.0,5.4853555555555555,0.0,11.299832444444444,0.0,11.299832444444444,0.895
1.57,2.0700000000000003,0.5966666666666667,0.0,5.966666666666667,0.0,5.4853555555555555,0.0,11.354686000000001,0.0,11.354686000000001,0.895
1.58,2.08,0.5966666666666667,0.0,5.966666666666667,0.0,5.4853555555555555,0.0,11.409539555555556,0.0,11.409539555555556,0.895
1.59,2.09,0.5966666666666667,0.0,5.966666666666667,0.0,5.4853555555555555,0.0,11.46439311111111,0.0,11.46439311111111,0.895
1.6,2.1,0.5966666666666667,0.0,5.966666666666667,0.0,5.4853555555555555,0.0,11.519246666666668,0.0,11.519246666666668,0.895
1.61,2.1100000000000003,0.5966666666666667,0.0,5.966666666666667,0.0,5.4853555555555555,0.0,11.574100222222224,0.0,11.574100222222224,0.895
1.62,2.12,0.5966666666666667,0.0,5.966666666666667,0.0,5.4853555555555555,0.0,11.62895377777778,0.0,11.62895377777778,0.895
1.6300000000000001,2.13,0.5966666666666667,0.0,5.966666666666667,0.0,5.4853555555555555,0.0,11.683807333333332,0.0,11.683807333333332,0.895
1.6400000000000001,2.14,0.5966666666666667,0.0,5.966666666666667,0.0,5.4853555555555555,0.0,11.738660888888889,0.0,11.738660888888889,0.895
1.6500000000000001,2.1500000000000004,0.5966666666666667,0.0,5.966666666666667,0.0,5.4853555555555555,0.0,11.793514444444446,0.0,11.793514444444446,0.895
1.6600000000000001,2.16,0.5966666666666667,0.0,5.966666666666667,0.0,5.4853555555555555,0.0,11.848368,0.0,11.848368,0.895
1.67,2.17,0.5966666666666667,0.0,5.966666666666667,0.0,5.4853555555555555,0.0,11.903221555555556,0.0,11.903221555555556,0.895
1.68,2.1799999999999997,0.5966666666666667,0.0,5.966666666666667,0.0,5.4853555555555555,0.0,11.958075111111109,0.0,11.958075111111109,0.895
1.69,2.19,0.5966666666666667,0.0,5.966666666666667,0.0,5.4853555555555555,0.0,12.012928666666665,0.0,12.012928666666665,0.895
1.7,2.2,0.5966666666666667,0.0,5.966666666666667,0.0,5.4853555555555555,0.0,12.067782222222224,0.0,12.067782222222224,0.895
1.71,2.21,0.5966666666666667,0.0,5.966666666666667,0.0,5.4853555555555555,0.0,12.122635777777777,0.0,12.122635777777777,0.895
1.72,2.2199999999999998,0.5966666666666667,0.0,5.966666666666667,0.0,5.4853555555555555,0.0,12.177489333333332,0.0,12.177489333333332,0.895
1.73,2.23,0.5966666666666667,0.0,5.966666666666667,0.0,5.4853555555555555,0.0,12.232342888888889,0.0,12.232342888888889,0.895
1.74,2.24,0.5966666666666667,0.0,5.966666666666667,0.0,5.4853555555555555,0.0,12.287196444444445,0.0,12.287196444444445,0.895
1.75,2.25,0.5966666666666667,0.0,5.966666666666667,0.0,5.4853555555555555,0.0,12.34205,0.0,12.34205,0.895
1.76,2.26,0.5966666666666667,0.0,5.966666666666667,0.0,5.4853555555555555,0.0,12.396903555555554,0.0,12.396903555555554,0.895
1.77,2.27,0.5966666666666667,0.0,5.966666666666667,0.0,5.4853555555555555,0.0,12.451757111111112,0.0,12.451757111111112,0.895
1.78,2.2800000000000002,0.5966666666666667,0.0,5.966666666666667,0.0,5.4853555555555555,0.0,12.506610666666669,0.0,12.506610666666669,0.895
1.79,2.29,0.5966666666666667,0.0,5.966666666666667,0.0,5.4853555555555555,0.0,12.561464222222222,0.0,12.561464222222222,0.895
1.8,2.3,0.5966666666666667,0.0,5.966666666666667,0.0,5.4853555555555555,0.0,12.616317777777777,0.0,12.616317777777777,0.895
1.81,2.31,0.5966666666666667,0.0,5.966666666666667,0.0,5.4853555555555555,0.0,12.671171333333334,0.0,12.671171333333334,0.895
1.82,2.3200000000000003,0.5966666666666667,0.0,5.966666666666667,0.0,5.4853555555555555,0.0,12.72602488888889,0.0,12.72602488888889,0.895
1.83,2.33,0.5966666666666667,0.0,5.966666666666667,0.0,5.4853555555555555,0.0,12.780878444444445,0.0,12.780878444444445,0.895
1.84,2.34,0.5966666666666667,0.0,5.966666666666667,0.0,5.4853555555555555,0.0,12.835731999999998,0.0,12.835731999999998,0.895
1.85,2.35,0.5966666666666667,0.0,5.966666666666667,0.0,5.4853555555555555,0.0,12.890585555555557,0.0,12.890585555555557,0.895
1.86,2.3600000000000003,0.5966666666666667,0.0,5.966666666666667,0.0,5.4853555555555555,0.0,12.945439111111114,0.0,12.945439111111114,0.895
1.87,2.37,0.5966666666666667,0.0,5.966666666666667,0.0,5.4853555555555555,0.0,13.000292666666667,0.0,13.000292666666667,0.895
1.8800000000000001,2.38,0.5966666666666667,0.0,5.966666666666667,0.0,5.4853555555555555,0.0,13.055146222222222,0.0,13.055146222222222,0.895
1.8900000000000001,2.39,0.5966666666666667,0.0,5.966666666666667,0.0,5.4853555555555555,0.0,13.109999777777778,0.0,13.109999777777778,0.895
1.9000000000000001,2.4000000000000004,0.5966666666666667,0.0,5.966666666666667,0.0,5.4853555555555555,0.0,13.164853333333335,0.0,13.164853333333335,0.895
1.9100000000000001,2.41,0.5966666666666667,0.0,5.966666666666667,0.0,5.4853555555555555,0.0,13.21970688888889,0.0,13.21970688888889,0.895
1.92,2.42,0.5966666666666667,0.0,5.966666666666667,0.0,5.4853555555555555,0.0,13.274560444444443,0.0,13.274560444444443,0.895
1.93,2.4299999999999997,0.5966666666666667,0.0,5.966666666666667,0.0,5.4853555555555555,0.0,13.329413999999998,0.0,13.329413999999998,0.895
1.94,2.44,0.5966666666666667,0.0,5.966666666666667,0.0,5.4853555555555555,0.0,13.384267555555555,0.0,13.384267555555555,0.895
1.95,2.45,0.5966666666666667,0.0,5.966666666666667,0.0,5.4853555555555555,0.0,13.439121111111112,0.0,13.439121111111112,0.895
1.96,2.46,0.5966666666666667,0.0,5.966666666666667,0.0,5.4853555555555555,0.0,13.493974666666666,0.0,13.493974666666666,0.895
1.97,2.4699999999999998,0.5966666666666667,0.0,5.966666666666667,0.0,5.4853555555555555,0.0,13.548828222222221,0.0,13.548828222222221,0.895
1.98,2.48,0.5966666666666667,0.0,5.966666666666667,0.0,5.4853555555555555,0.0,13.603681777777778,0.0,13.603681777777778,0.895
1.99,2.49,0.5966666666666667,0.0,5.966666666666667,0.0,5.4853555555555555,0.0,13.658535333333335,0.0,13.658535333333335,0.895
2.0,2.5,0.5966666666666667,0.0,5.966666666666667,0.0,5.4853555555555555,0.0,13.71338888888889,0.0,13.71338888888889,0.895
