countryname,bankname,date,lt_borrow,st_borrow,tot_asset,cash_and_st_investments,net_income,net_rev,prof_margin,equity_book,bonds,total_liab,DP
brazil,abc_brasil,2014-03-01,4087514947.87,12327187883.260002,18401052706.81,,,,,1986349875.68,4087514947.87,16414702831.130001,14370945357.195002
brazil,abc_brasil,2014-06-01,4274975267.99,11929836866.279999,18236211813.05,,,,,2031399678.78,4274975267.99,16204812134.269999,14067324500.274998
brazil,abc_brasil,2014-09-01,5119103356.0,11971868247.5,19218713397.7,,,,,2127741794.2,5119103356.0,17090971603.5,14531419925.5
brazil,abc_brasil,2014-12-01,5291520263.74,13268252608.210001,20748318299.7,,,,,2188545427.75,5291520263.74,18559772871.95,15914012740.080002
brazil,abc_brasil,2015-03-01,5672914668.69,15186195636.660004,23135006384.99,,,,,2275896079.64,5672914668.69,20859110305.350002,18022652971.005005
brazil,abc_brasil,2015-06-01,5173187754.0,15583597628.869999,23091987358.1,,,,,2335201975.23,5173187754.0,20756785382.87,18170191505.87
brazil,abc_brasil,2015-09-01,5129857456.23,18992155807.420002,26562827604.18,,,,,2440814340.53,5129857456.23,24122013263.65,21557084535.535004
brazil,abc_brasil,2015-12-01,5057192079.57,16676788118.64,24243638454.16,,,,,2509658255.95,5057192079.57,21733980198.21,19205384158.425
brazil,abc_brasil,2016-03-01,4893948751.71,15935397239.029999,23459209785.39,,,,,2629863794.65,4893948751.71,20829345990.739998,18382371614.885
brazil,abc_brasil,2016-06-01,5253153519.59,14806905676.310001,22748878816.13,,,,,2688819620.23,5253153519.59,20060059195.9,17433482436.105003
brazil,abc_brasil,2016-09-01,5430152594.37,15294093022.260002,23555553265.06,,,,,2831307648.43,5430152594.37,20724245616.63,18009169319.445004
brazil,abc_brasil,2016-12-01,6157841376.93,16641552680.260002,25692611406.81,,,,,2893217349.62,6157841376.93,22799394057.190002,19720473368.725002
brazil,abc_brasil,2017-03-01,6695407155.81,16469052609.52,26196385013.75,,,,,3031925248.42,6695407155.81,23164459765.33,19816756187.425
brazil,abc_brasil,2017-06-01,7251683872.37,16208358667.61,26549966067.66,,,,,3089923527.68,7251683872.37,23460042539.98,19834200603.795002
brazil,abc_brasil,2017-09-01,7752042444.06,16008830342.039997,26989309636.46,,,,,3228436850.36,7752042444.06,23760872786.1,19884851564.069996
brazil,abc_brasil,2017-12-01,7996732907.26,17487371666.25,28768434743.6,,,,,3284330170.09,7996732907.26,25484104573.51,21485738119.88
brazil,abc_brasil,2018-03-01,8652597662.77,16290676661.0,28363135320.07,,,,,3419860996.3,8652597662.77,24943274323.77,20616975492.385002
brazil,abc_brasil,2018-06-01,8642049308.07,18835535288.300003,30923545190.22,,,,,3445960593.85,8642049308.07,27477584596.370003,23156559942.335003
brazil,abc_brasil,2018-09-01,8841996039.68,18869531561.14,31330378810.68,,,,,3618851209.86,8841996039.68,27711527600.82,23290529580.98
brazil,abc_brasil,2018-12-01,9030183510.05,20033443397.02,32729136260.3,,,,,3665509353.23,9030183510.05,29063626907.07,24548535152.045
brazil,abc_brasil,2019-03-01,9167660188.77,20852718308.56,33844740530.16,,,,,3824362032.83,9167660188.77,30020378497.33,25436548402.945
brazil,abc_brasil,2019-06-01,9600645132.69,21434111406.260002,34916973219.15,,,,,3882216680.2,9600645132.69,31034756538.95,26234433972.605003
brazil,abc_brasil,2019-09-01,9680007597.16,23443700923.989998,37079994781.81,,,,,3956286260.66,9680007597.16,33123708521.149998,28283704722.57
brazil,abc_brasil,2019-12-01,9505643509.81,22710932845.800003,36257308535.5,,,,,4040732179.89,9505643509.81,32216576355.61,27463754600.705
brazil,abc_brasil,2020-03-01,9271411732.11,35488952739.229996,48807043884.7,,,,,4046679413.36,9271411732.11,44760364471.34,40124658605.284996
brazil,abc_brasil,2020-06-01,10027320496.14,34986077230.43,49106696245.31,,,,,4093298518.74,10027320496.14,45013397726.57,39999737478.5
brazil,abc_brasil,2020-09-01,9236707899.04,32072895548.370003,45497159463.04,,,,,4187556015.63,9236707899.04,41309603447.41,36691249497.89
brazil,abc_brasil,2020-12-01,10432101528.97,27976786062.229996,42697150989.14,,,,,4288263397.94,10432101528.97,38408887591.2,33192836826.714996
brazil,abc_brasil,2021-03-01,10993683722.01,32498311264.21,47883947492.06,,,,,4391952505.84,10993683722.01,43491994986.22,37995153125.215
brazil,abc_brasil,2021-06-01,10654499238.19,28308473922.98999,43422143029.84,,,,,4459169868.66,10654499238.19,38962973161.17999,33635723542.08499
brazil,abc_brasil,2021-09-01,12150856884.87,32372221320.549995,49078770088.01,,,,,4555691882.59,12150856884.87,44523078205.42,38447649762.98499
brazil,abc_brasil,2021-12-01,12345026302.73,31493677877.679996,48509362115.03,,,,,4670657934.62,12345026302.73,43838704180.409996,37666191029.045
brazil,abc_brasil,2022-03-01,14018464231.52,26305835067.069996,45099488073.38,,,,,4775188774.79,14018464231.52,40324299298.59,33315067182.829994
brazil,abc_brasil,2022-06-01,15374139698.99,29173701476.340004,49459856799.11,,,,,4912015623.78,15374139698.99,44547841175.33,36860771325.83501
brazil,abc_brasil,2022-09-01,16595145128.54,29554594164.479996,51221801329.67,,,,,5072062036.65,16595145128.54,46149739293.02,37852166728.75
brazil,abc_brasil,2022-12-01,17351698076.59,33563491869.499996,56122593456.63,,,,,5207403510.54,17351698076.59,50915189946.09,42239340907.795
brazil,abc_brasil,2023-03-01,17015763249.9,30490000412.620003,52810022632.33,,,,,5304258969.81,17015763249.9,47505763662.520004,38997882037.57
brazil,abc_brasil,2023-06-01,18736716134.79,29484525509.07,53643964437.93,,,,,5422722794.07,18736716134.79,48221241643.86,38852883576.465
brazil,abc_brasil,2023-09-01,19393512375.21,30461472739.259995,55578242010.27,,,,,5723256895.8,19393512375.21,49854985114.46999,40158228926.86499
brazil,abc_brasil,2023-12-01,19805243658.62,33810132305.580006,59500746413.23,,,,,5885370449.03,19805243658.62,53615375964.200005,43712754134.89001
brazil,abc_brasil,2024-03-01,21283659193.84,32820699231.55,60251417832.34,,,,,6147059406.95,21283659193.84,54104358425.39,43462528828.47
brazil,abc_brasil,2024-06-01,21587539294.36,39762165659.57,67603052413.96,,,,,6253347460.03,21587539294.36,61349704953.93,50555935306.75
brazil,abc_brasil,2024-09-01,22184641614.85,41664369207.71,70245093413.04,,,,,6396082590.48,22184641614.85,63849010822.56,52756690015.134995
brazil,abc_brasil,2024-12-01,23149895505.53,42120414339.12001,71681420864.71,,,,,6411111020.06,23149895505.53,65270309844.65001,53695362091.88501
brazil,abc_brasil,2025-03-01,23621808634.66,34126403902.56,64235791331.55,,,,,6487578794.33,23621808634.66,57748212537.22,45937308219.89
brazil,abc_brasil,2025-06-01,24306623789.31,33527592477.250004,64438275895.26,,,,,6604059628.7,24306623789.31,57834216266.560005,45680904371.90501
brazil,abc_brasil,2025-09-01,24258525985.75,32257175895.519997,63238743841.59,,,,,6723041960.32,24258525985.75,56515701881.27,44386438888.395
brazil,abc_brasil,2025-12-01,24951603766.96,34588680429.86,66316410235.62,,,,,6776126038.8,24951603766.96,59540284196.82,47064482313.34
brazil,abc_brasil,2026-03-01,26141154262.51,35977096437.869995,69283220969.0,,,,,7164970268.62,26141154262.51,62118250700.38,49047673569.12499
brazil,banco_bmg,2014-03-01,2122427169.19,18867714484.7,24418268800.72,,,,,3428127146.83,2122427169.19,20990141653.89,19928928069.295002
brazil,banco_bmg,2014-06-01,2284605606.12,16281121289.240002,22029015839.24,,,,,3463288943.88,2284605606.12,18565726895.36,17423424092.300003
brazil,banco_bmg,2014-09-01,2548692038.14,12546664588.52,18656358441.27,,,,,3561001814.61,2548692038.14,15095356626.66,13821010607.59
brazil,banco_bmg,2014-12-01,2979098269.3,10500540729.84,17011941443.41,,,,,3532302444.27,2979098269.3,13479638999.14,11990089864.49
brazil,banco_bmg,2015-03-01,3163122088.03,10971659421.129997,17350055291.19,,,,,3215273782.03,3163122088.03,14134781509.159998,12553220465.144997
brazil,banco_bmg,2015-06-01,3058339118.17,11039487259.8,17265003802.16,,,,,3167177424.19,3058339118.17,14097826377.97,12568656818.884998
brazil,banco_bmg,2015-09-01,3227556197.71,11422253443.029999,17769405994.44,,,,,3119596353.7,3227556197.71,14649809640.739998,13036031541.884998
brazil,banco_bmg,2015-12-01,3388428254.6,10619921148.939999,17153203214.8,,,,,3144853811.26,3388428254.6,14008349403.539999,12314135276.239998
brazil,banco_bmg,2016-03-01,2923184062.66,10678484186.68,16738301152.6,,,,,3136632903.26,2923184062.66,13601668249.34,12140076218.01
brazil,banco_bmg,2016-06-01,2116517387.86,11309303750.0,16421543692.77,,,,,2995722554.91,2116517387.86,13425821137.86,12367562443.93
brazil,banco_bmg,2016-09-01,2169660181.12,11586588144.689999,16855592878.55,,,,,3099344552.74,2169660181.12,13756248325.81,12671418235.249998
brazil,banco_bmg,2016-12-01,1810694222.46,11213219186.98,15667162453.52,,,,,2643249044.08,1810694222.46,13023913409.44,12118566298.21
brazil,banco_bmg,2017-03-01,1393627164.02,11341191918.95,15377861094.67,,,,,2643042011.7,1393627164.02,12734819082.970001,12038005500.960001
brazil,banco_bmg,2017-06-01,1049750484.9,11890096724.36,15587937287.41,,,,,2648090078.15,1049750484.9,12939847209.26,12414971966.810001
brazil,banco_bmg,2017-09-01,1073732701.73,12566880540.08,16287200456.96,,,,,2646587215.15,1073732701.73,13640613241.81,13103746890.945
brazil,banco_bmg,2017-12-01,1118776117.3,12587544429.52,16309867990.66,,,,,2603547443.84,1118776117.3,13706320546.82,13146932488.17
brazil,banco_bmg,2018-03-01,948784479.14,12581290117.63,16197536664.3,,,,,2667462067.53,948784479.14,13530074596.769999,13055682357.199999
brazil,banco_bmg,2018-06-01,579353153.97,12905730232.42,16220351229.55,,,,,2735267843.16,579353153.97,13485083386.39,13195406809.405
brazil,banco_bmg,2018-09-01,603262436.93,13612863208.300001,17006208639.04,,,,,2790082993.81,603262436.93,14216125645.230001,13914494426.765001
brazil,banco_bmg,2018-12-01,525901390.5,13774180525.87,16981468270.29,,,,,2681386353.92,525901390.5,14300081916.37,14037131221.12
brazil,banco_bmg,2019-03-01,463444763.44,13695453080.989998,16872630296.46,,,,,2713732452.03,463444763.44,14158897844.429998,13927175462.709997
brazil,banco_bmg,2019-06-01,600917574.15,14031741211.860003,17374019377.4,,,,,2741360591.39,600917574.15,14632658786.010002,14332199998.935003
brazil,banco_bmg,2019-09-01,718422577.96,14595646844.45,18088422262.28,,,,,2774352839.87,718422577.96,15314069422.41,14954858133.43
brazil,banco_bmg,2019-12-01,726837197.81,14156390241.199999,18962273999.6,,,,,4079046560.59,726837197.81,14883227439.009998,14519808840.105
brazil,banco_bmg,2020-03-01,1126757070.34,15221689446.109999,20366842332.19,,,,,4018395815.74,1126757070.34,16348446516.449999,15785067981.279999
brazil,banco_bmg,2020-06-01,1951143193.26,16542890027.439997,22590798628.6,,,,,4096765407.9,1951143193.26,18494033220.699997,17518461624.069996
brazil,banco_bmg,2020-09-01,2868916917.25,18194140639.69,25184224428.96,,,,,4121166872.02,2868916917.25,21063057556.94,19628599098.315
brazil,banco_bmg,2020-12-01,3813728306.54,20295011486.27,28346023243.04,,,,,4237283450.23,3813728306.54,24108739792.81,22201875639.54
brazil,banco_bmg,2021-03-01,3785117660.57,20263108813.74,28201313308.66,,,,,4153086834.35,3785117660.57,24048226474.31,22155667644.025
brazil,banco_bmg,2021-06-01,2101388222.4,24084496893.66,30378084675.41,,,,,4192199559.35,2101388222.4,26185885116.06,25135191004.86
brazil,banco_bmg,2021-09-01,1320264422.48,27631341610.3,33085805585.73,,,,,4134199552.95,1320264422.48,28951606032.78,28291473821.54
brazil,banco_bmg,2021-12-01,2373376254.54,27122934529.059998,33572725641.55,,,,,4076414857.95,2373376254.54,29496310783.6,28309622656.329998
brazil,banco_bmg,2022-03-01,2175495165.31,27374119354.749996,33608935322.32,,,,,4059320802.26,2175495165.31,29549614520.059998,28461866937.404995
brazil,banco_bmg,2022-06-01,2551825859.48,33239122471.250004,39852495916.93,,,,,4061547586.2,2551825859.48,35790948330.73,34515035400.990005
brazil,banco_bmg,2022-09-01,2910275717.3,35589151920.020004,42599259873.41,,,,,4099832236.09,2910275717.3,38499427637.32001,37044289778.670006
brazil,banco_bmg,2022-12-01,1919387640.59,37500525862.07001,43625406417.54,,,,,4205492914.88,1919387640.59,39419913502.66,38460219682.365005
brazil,banco_bmg,2023-03-01,1981705152.8,37022630645.75,43165765126.98,,,,,4161429328.43,1981705152.8,39004335798.55,38013483222.15
brazil,banco_bmg,2023-06-01,3766349100.07,35733878241.32,43590550519.36,,,,,4090323177.97,3766349100.07,39500227341.39,37617052791.355
brazil,banco_bmg,2023-09-01,3305308089.17,35791409195.96001,42993037886.47,,,,,3896320601.34,3305308089.17,39096717285.130005,37444063240.545006
brazil,banco_bmg,2023-12-01,4160267508.08,35361736712.17,43447277095.84,,,,,3925272875.59,4160267508.08,39522004220.25,37441870466.21
brazil,banco_bmg,2024-03-01,3838936199.72,37732795391.65,45557769694.87,,,,,3986038103.5,3838936199.72,41571731591.37,39652263491.51
brazil,banco_bmg,2024-06-01,4598637239.96,36911925569.00001,45631089424.23,,,,,4120526615.27,4598637239.96,41510562808.96001,39211244188.98001
brazil,banco_bmg,2024-09-01,5572126227.78,35258671648.67,45088631743.67,,,,,4257833867.22,5572126227.78,40830797876.45,38044734762.56
brazil,banco_bmg,2024-12-01,5871382162.66,38366770261.06,48543894431.13,,,,,4305742007.41,5871382162.66,44238152423.72,41302461342.39
brazil,banco_bmg,2025-03-01,5774809402.87,40073203757.03,49496545100.76,,,,,3648531940.86,5774809402.87,45848013159.9,42960608458.465
brazil,banco_bmg,2025-06-01,7834013763.98,36055448276.89,47620674598.26,,,,,3731212557.39,7834013763.98,43889462040.87,39972455158.88
brazil,banco_bmg,2025-09-01,8136416878.23,35632161928.76001,47614775497.37,,,,,3846196690.38,8136416878.23,43768578806.990005,39700370367.87501
brazil,banco_bmg,2025-12-01,8402109567.02,35581568781.020004,47899896319.06,,,,,3916217971.02,8402109567.02,43983678348.04,39782623564.53001
brazil,banco_bmg,2026-03-01,8462574813.2,36808396400.670006,49511918093.76,,,,,4240946879.89,8462574813.2,45270971213.87,41039683807.270004
brazil,banco_do_brasil,2014-03-01,140516883996.55,1071171526456.6499,1283354458305.63,,,,,71666047852.43,140516883996.55,1211688410453.2,1141429968454.9248
brazil,banco_do_brasil,2014-06-01,149362281629.38,1086947324745.2699,1305960804103.41,,,,,69651197728.76,149362281629.38,1236309606374.65,1161628465559.96
brazil,banco_do_brasil,2014-09-01,154745234869.0,1103933118559.33,1329812437269.49,,,,,71134083841.16,154745234869.0,1258678353428.33,1181305735993.83
brazil,banco_do_brasil,2014-12-01,158066511194.38,1099087569700.0599,1327429074212.56,,,,,70274993318.12,158066511194.38,1257154080894.44,1178120825297.25
brazil,banco_do_brasil,2015-03-01,182372802760.5,1149799557873.23,1405488008000.45,,,,,73315647366.72,182372802760.5,1332172360633.73,1240985959253.48
brazil,banco_do_brasil,2015-06-01,187068629568.48,1113258041903.77,1372861144621.55,,,,,72534473149.3,187068629568.48,1300326671472.25,1206792356688.01
brazil,banco_do_brasil,2015-09-01,195430211375.46,1135194022068.74,1403991805262.02,,,,,73367571817.82,195430211375.46,1330624233444.2,1232909127756.47
brazil,banco_do_brasil,2015-12-01,185593532584.3,1146691190698.42,1403599145267.21,,,,,71314421984.49,185593532584.3,1332284723282.72,1239487956990.5698
brazil,banco_do_brasil,2016-03-01,177556069922.27,1155666605222.24,1406846003017.25,,,,,73623327872.74,177556069922.27,1333222675144.51,1244444640183.375
brazil,banco_do_brasil,2016-06-01,172617150712.91,1201214248513.56,1446930323309.46,,,,,73098924082.99,172617150712.91,1373831399226.47,1287522823870.0151
brazil,banco_do_brasil,2016-09-01,171671341886.49,1203010537491.33,1449721367771.57,,,,,75039488393.75,171671341886.49,1374681879377.82,1288846208434.5752
brazil,banco_do_brasil,2016-12-01,163269347402.14,1163703242630.42,1403675566791.34,,,,,76702976758.78,163269347402.14,1326972590032.56,1245337916331.49
brazil,banco_do_brasil,2017-03-01,154353032608.14,1166361289638.04,1399745843366.94,,,,,79031521120.76,154353032608.14,1320714322246.18,1243537805942.11
brazil,banco_do_brasil,2017-06-01,143016539216.75,1220151895667.28,1443368416694.79,,,,,80199981810.76,143016539216.75,1363168434884.03,1291660165275.655
brazil,banco_do_brasil,2017-09-01,134437263656.49,1180637969628.4802,1397650527272.86,,,,,82575293987.89,134437263656.49,1315075233284.9702,1247856601456.7253
brazil,banco_do_brasil,2017-12-01,130999889233.36,1148854718480.06,1367922565809.87,,,,,88067958096.45,130999889233.36,1279854607713.4202,1214354663096.74
brazil,banco_do_brasil,2018-03-01,128826836864.07,1201428966841.88,1420524993844.18,,,,,90269190138.23,128826836864.07,1330255803705.95,1265842385273.9148
brazil,banco_do_brasil,2018-06-01,131101666025.64,1225411382974.05,1448374132569.93,,,,,91861083570.24,131101666025.64,1356513048999.69,1290962215986.87
brazil,banco_do_brasil,2018-09-01,127247697360.19,1248814464783.87,1468808202951.44,,,,,92746040807.38,127247697360.19,1376062162144.06,1312438313463.965
brazil,banco_do_brasil,2018-12-01,121621116149.57,1203796870545.65,1417434155340.74,,,,,92016168645.52,121621116149.57,1325417986695.22,1264607428620.4348
brazil,banco_do_brasil,2019-03-01,126625431524.88,1294942392163.2803,1516147948604.78,,,,,94580124916.62,126625431524.88,1421567823688.1602,1358255107925.7202
brazil,banco_do_brasil,2019-06-01,128246273538.14,1321982043910.6802,1541886922293.78,,,,,91658604844.96,128246273538.14,1450228317448.82,1386105180679.7502
brazil,banco_do_brasil,2019-09-01,128915200916.71,1275865324986.41,1499244529074.45,,,,,94464003171.33,128915200916.71,1404780525903.1199,1340322925444.765
brazil,banco_do_brasil,2019-12-01,124713384714.43,1248849660528.69,1472484492363.38,,,,,98921447120.26,124713384714.43,1373563045243.1199,1311206352885.905
brazil,banco_do_brasil,2020-03-01,118929257690.93,1359727501645.09,1581042743431.58,,,,,102385984095.56,118929257690.93,1478656759336.02,1419192130490.5552
brazil,banco_do_brasil,2020-06-01,122888128493.45,1466333955194.4702,1694379512238.56,,,,,105157428550.64,122888128493.45,1589222083687.9202,1527778019441.1953
brazil,banco_do_brasil,2020-09-01,121264718502.91,1521129106141.47,1754708788462.19,,,,,112314963817.81,121264718502.91,1642393824644.38,1581761465392.925
brazil,banco_do_brasil,2020-12-01,118419565045.1,1477184363340.4397,1712544711210.64,,,,,116940782825.1,118419565045.1,1595603928385.5398,1536394145862.9897
brazil,banco_do_brasil,2021-03-01,119695501476.47,1567519461137.29,1815118154149.36,,,,,127903191535.6,119695501476.47,1687214962613.76,1627367211875.5251
brazil,banco_do_brasil,2021-06-01,114338080436.49,1593814303616.96,1843756572967.52,,,,,135604188914.07,114338080436.49,1708152384053.45,1650983343835.205
brazil,banco_do_brasil,2021-09-01,119618180568.63,1702841564324.6,1959470213076.63,,,,,137010468183.4,119618180568.63,1822459744893.23,1762650654608.915
brazil,banco_do_brasil,2021-12-01,125678179935.33,1658007426215.0498,1918208803990.18,,,,,134523197839.8,125678179935.33,1783685606150.38,1720846516182.7148
brazil,banco_do_brasil,2022-03-01,142302004680.41,1736832235617.6501,2021418240536.5,,,,,142284000238.44,142302004680.41,1879134240298.06,1807983237957.8552
brazil,banco_do_brasil,2022-06-01,156538125396.09,1773146721980.4,2075183054875.74,,,,,145498207499.25,156538125396.09,1929684847376.49,1851415784678.4448
brazil,banco_do_brasil,2022-09-01,166903167281.59,1812271126723.0,2127001170404.34,,,,,147826876399.75,166903167281.59,1979174294004.59,1895722710363.795
brazil,banco_do_brasil,2022-12-01,166479059522.83,1689396459196.8599,2010026525547.28,,,,,154151006827.59,166479059522.83,1855875518719.69,1772635988958.275
brazil,banco_do_brasil,2023-03-01,185603570674.15,1748104546842.34,2092967663915.57,,,,,159259546399.08,185603570674.15,1933708117516.49,1840906332179.415
brazil,banco_do_brasil,2023-06-01,213373004162.69,1708609223391.35,2079759534238.6,,,,,157777306684.56,213373004162.69,1921982227554.04,1815295725472.695
brazil,banco_do_brasil,2023-09-01,229092437442.75,1836683833569.29,2226820215080.65,,,,,161043944068.61,229092437442.75,2065776271012.04,1951230052290.665
brazil,banco_do_brasil,2023-12-01,236823334724.06,1751771741600.0898,2152538230501.63,,,,,163943154177.48,236823334724.06,1988595076324.15,1870183408962.1199
brazil,banco_do_brasil,2024-03-01,237194518948.02,1875706338871.9202,2282101722958.12,,,,,169200865138.18,237194518948.02,2112900857819.9402,1994303598345.9302
brazil,banco_do_brasil,2024-06-01,242050298136.42,1919585423811.4102,2334367942888.56,,,,,172732220940.73,242050298136.42,2161635721947.83,2040610572879.62
brazil,banco_do_brasil,2024-09-01,245774390474.01,2017821164270.8699,2442219638786.05,,,,,178624084041.17,245774390474.01,2263595554744.88,2140708359507.875
brazil,banco_do_brasil,2024-12-01,274961293467.07,1952430096378.07,2409480976558.0,,,,,182089586712.86,274961293467.07,2227391389845.14,2089910743111.605
brazil,banco_do_brasil,2025-03-01,296341195410.34,1949036586057.9202,2420957195834.81,,,,,175579414366.55,296341195410.34,2245377781468.2603,2097207183763.09
brazil,banco_do_brasil,2025-06-01,310394001737.68,1952863597518.1296,2438565534791.51,,,,,175307935535.7,310394001737.68,2263257599255.8096,2108060598386.9697
brazil,banco_do_brasil,2025-09-01,309365495778.23,2050330499757.65,2538286317706.65,,,,,178590322170.77,309365495778.23,2359695995535.88,2205013247646.7646
brazil,banco_do_brasil,2025-12-01,281575392677.52,1987048923408.75,2453521042455.96,,,,,184896726369.69,281575392677.52,2268624316086.27,2127836619747.51
brazil,banco_do_brasil,2026-03-01,258164738665.49,2160545935094.8801,2605723214959.39,,,,,187012541199.02,258164738665.49,2418710673760.37,2289628304427.625
brazil,banco_do_nordeste,2014-03-01,1453609528.63,30465225823.670002,34952720664.91,,,,,3033885312.61,1453609528.63,31918835352.300003,31192030587.985
brazil,banco_do_nordeste,2014-06-01,1421501891.76,31771452392.36,36407176134.5,,,,,3214221850.38,1421501891.76,33192954284.12,32482203338.24
brazil,banco_do_nordeste,2014-09-01,1609231930.9,33051368839.32,38060615071.71,,,,,3400014301.49,1609231930.9,34660600770.22,33855984804.77
brazil,banco_do_nordeste,2014-12-01,1685961138.14,33151221703.67,38204992323.28,,,,,3367809481.47,1685961138.14,34837182841.81,33994202272.739998
brazil,banco_do_nordeste,2015-03-01,2072580278.16,34299991948.48,39409982302.77,,,,,3037410076.13,2072580278.16,36372572226.64,35336282087.56
brazil,banco_do_nordeste,2015-06-01,2062726304.03,35643580665.020004,40573015117.0,,,,,2866708147.95,2062726304.03,37706306969.05,36674943817.035
brazil,banco_do_nordeste,2015-09-01,2466865907.91,36315062238.39,41524454800.39,,,,,2742526654.09,2466865907.91,38781928146.3,37548495192.345
brazil,banco_do_nordeste,2015-12-01,1419471674.64,37159277491.56,41421934876.17,,,,,2843185709.97,1419471674.64,38578749166.2,37869013328.88
brazil,banco_do_nordeste,2016-03-01,1337054700.49,37688075592.46,41994900284.64,,,,,2969769991.69,1337054700.49,39025130292.95,38356602942.705
brazil,banco_do_nordeste,2016-06-01,1231852698.77,38413627963.53,42680675821.27,,,,,3035195158.97,1231852698.77,39645480662.299995,39029554312.915
brazil,banco_do_nordeste,2016-09-01,1318834164.79,39222897078.159996,43567609057.53,,,,,3025877814.58,1318834164.79,40541731242.95,39882314160.55499
brazil,banco_do_nordeste,2016-12-01,1298869883.42,41659762815.06,46321127726.7,,,,,3362495028.22,1298869883.42,42958632698.479996,42309197756.77
brazil,banco_do_nordeste,2017-03-01,1290359415.01,43630635275.58,48351787018.19,,,,,3430792327.6,1290359415.01,44920994690.590004,44275814983.085
brazil,banco_do_nordeste,2017-06-01,1229973864.45,46096207162.98,50614702783.47,,,,,3288521756.04,1229973864.45,47326181027.43,46711194095.205
brazil,banco_do_nordeste,2017-09-01,1167776313.73,47412595544.98999,52067558605.77,,,,,3487186747.05,1167776313.73,48580371858.71999,47996483701.85499
brazil,banco_do_nordeste,2017-12-01,1189268335.85,49315631401.87,54046936649.31,,,,,3542036911.59,1189268335.85,50504899737.72,49910265569.795006
brazil,banco_do_nordeste,2018-03-01,1173448107.46,51772103014.14,56587670677.47,,,,,3642119555.87,1173448107.46,52945551121.6,52358827067.87
brazil,banco_do_nordeste,2018-06-01,1333220178.15,52720538774.479996,57826144025.25,,,,,3772385072.62,1333220178.15,54053758952.63,53387148863.55499
brazil,banco_do_nordeste,2018-09-01,1397035331.11,53516333297.590004,58788537355.15,,,,,3875168726.45,1397035331.11,54913368628.700005,54214850963.145004
brazil,banco_do_nordeste,2018-12-01,1311459395.19,53135482097.619995,58628962619.22,,,,,4182021126.41,1311459395.19,54446941492.81,53791211795.215
brazil,banco_do_nordeste,2019-03-01,1345496638.15,53927286874.649994,59771515616.38,,,,,4498732103.58,1345496638.15,55272783512.799995,54600035193.72499
brazil,banco_do_nordeste,2019-06-01,141563771.98,54810065094.27,59679411266.65,,,,,4727782400.4,141563771.98,54951628866.25,54880846980.259995
brazil,banco_do_nordeste,2019-09-01,117951393.85,54810268758.14001,60003255383.73,,,,,5075035231.74,117951393.85,54928220151.990005,54869244455.06501
brazil,banco_do_nordeste,2019-12-01,46106629.57,53157259708.34,58630771357.67,,,,,5427405019.76,46106629.57,53203366337.909996,53180313023.125
brazil,banco_do_nordeste,2020-03-01,11500189.03,53492914994.43,59121464258.77,,,,,5617049075.31,11500189.03,53504415183.46,53498665088.945
brazil,banco_do_nordeste,2020-06-01,1216679.73,53129857231.61,59019670488.41,,,,,5888596577.07,1216679.73,53131073911.340004,53130465571.475
brazil,banco_do_nordeste,2020-09-01,6003482.74,51453411665.07,57668880670.13,,,,,6209465522.32,6003482.74,51459415147.81,51456413406.44
brazil,banco_do_nordeste,2020-12-01,1177998.45,55644486548.26,61817639519.09,,,,,6171974972.38,1177998.45,55645664546.71,55645075547.485
brazil,banco_do_nordeste,2021-03-01,5683580.11,55264005488.64,61804560624.1,,,,,6534871555.35,5683580.11,55269689068.75,55266847278.695
brazil,banco_do_nordeste,2021-06-01,2513739.88,55865212502.450005,62807676245.64,,,,,6939950003.31,2513739.88,55867726242.33,55866469372.39001
brazil,banco_do_nordeste,2021-09-01,13949054.72,53394036756.009995,60535639160.81,,,,,7127653350.08,13949054.72,53407985810.729996,53401011283.369995
brazil,banco_do_nordeste,2021-12-01,6694169.14,52816312586.46,60302034380.85,,,,,7479027625.25,6694169.14,52823006755.6,52819659671.03
brazil,banco_do_nordeste,2022-03-01,29353386.11,55042122332.63,63006496021.95,,,,,7935020303.21,29353386.11,55071475718.74,55056799025.685
brazil,banco_do_nordeste,2022-06-01,9392251.39,56806096958.520004,65005840803.75,,,,,8190351593.84,9392251.39,56815489209.91,56810793084.215004
brazil,banco_do_nordeste,2022-09-01,40456507.51,55139420028.27,63769067573.06,,,,,8589191037.28,40456507.51,55179876535.78,55159648282.024994
brazil,banco_do_nordeste,2022-12-01,11798760.41,54159237177.6,63167036349.62,,,,,8996000411.61,11798760.41,54171035938.01,54165136557.805
brazil,banco_do_nordeste,2023-03-01,42393073.16,56605088193.64,66143327360.15,,,,,9495846093.35,42393073.16,56647481266.8,56626284730.22
brazil,banco_do_nordeste,2023-06-01,12071316.69,56942364043.33,66839287535.54,,,,,9884852175.52,12071316.69,56954435360.020004,56948399701.675
brazil,banco_do_nordeste,2023-09-01,42385888.76,54537758824.42,64870532335.64,,,,,10290387622.46,42385888.76,54580144713.18,54558951768.799995
brazil,banco_do_nordeste,2023-12-01,10906047.87,55011807794.1,65763917955.01,,,,,10741204113.04,10906047.87,55022713841.97,55017260818.034996
brazil,banco_do_nordeste,2024-03-01,35569896.61,55480305348.700005,66851314047.87,,,,,11335438802.56,35569896.61,55515875245.310005,55498090297.005005
brazil,banco_do_nordeste,2024-06-01,10220744.44,56674492190.7,68248580845.48,,,,,11563867910.34,10220744.44,56684712935.14,56679602562.92
brazil,banco_do_nordeste,2024-09-01,120878416.83,56879169550.05,70676383358.02,,,,,13676335391.14,120878416.83,57000047966.880005,56939608758.465004
brazil,banco_do_nordeste,2024-12-01,146456886.92,55865449979.45001,70063331042.85,,,,,14051424176.48,146456886.92,56011906866.37001,55938678422.91001
brazil,banco_do_nordeste,2025-03-01,221057008.42,56588163873.33001,71027840228.88,,,,,14218619347.13,221057008.42,56809220881.75001,56698692377.54001
brazil,banco_do_nordeste,2025-06-01,305857210.95,59223842250.090004,74463319609.92,,,,,14933620148.88,305857210.95,59529699461.04,59376770855.565
brazil,banco_do_nordeste,2025-09-01,420359822.64,55242322081.45,71287940406.92,,,,,15625258502.83,420359822.64,55662681904.09,55452501992.77
brazil,banco_do_nordeste,2025-12-01,534072640.3,56687656014.04,73391468620.63,,,,,16169739966.29,534072640.3,57221728654.340004,56954692334.19
brazil,banco_do_nordeste,2026-03-01,671520748.679999,58373553325.03,75747871327.39,,,,,16702797253.68,671520748.679999,59045074073.71,58709313699.369995
brazil,banco_inter,2014-03-01,409475812.5,811286233.4300001,1511880325.98,,,,,291118280.05,409475812.5,1220762045.93,1016024139.6800001
brazil,banco_inter,2014-06-01,422001711.98,966544317.0699999,1686364079.72,,,,,297818050.67,422001711.98,1388546029.05,1177545173.06
brazil,banco_inter,2014-09-01,446065878.38,1018788195.9600002,1765391673.45,,,,,300537599.11,446065878.38,1464854074.3400002,1241821135.15
brazil,banco_inter,2014-12-01,513459245.41,1031514636.8999999,1850151103.7,,,,,305177221.39,513459245.41,1544973882.31,1288244259.6049998
brazil,banco_inter,2015-03-01,578713041.64,1127823844.71,2019619878.96,,,,,313082992.61,578713041.64,1706536886.35,1417180365.53
brazil,banco_inter,2015-06-01,681277230.68,1189209061.54,2190372764.71,,,,,319886472.49,681277230.68,1870486292.22,1529847676.8799999
brazil,banco_inter,2015-09-01,799143188.09,1207233790.9099998,2333473906.9,,,,,327096927.9,799143188.09,2006376979.0,1606805384.955
brazil,banco_inter,2015-12-01,908883031.2,1286205977.6200001,2523520510.25,,,,,328431501.43,908883031.2,2195089008.82,1740647493.2200003
brazil,banco_inter,2016-03-01,975445956.83,1379354898.1000004,2691836289.11,,,,,337035434.18,975445956.83,2354800854.9300003,1867077876.5150003
brazil,banco_inter,2016-06-01,1057140002.83,1461209941.7200003,2856951453.03,,,,,338601508.48,1057140002.83,2518349944.55,1989779943.1350002
brazil,banco_inter,2016-09-01,1107161449.92,1621293272.0,3075750769.04,,,,,347296047.12,1107161449.92,2728454721.92,2174873996.96
brazil,banco_inter,2016-12-01,1193608000.94,1646561625.0300002,3185767104.17,,,,,345597478.2,1193608000.94,2840169625.9700003,2243365625.5
brazil,banco_inter,2017-03-01,1306017401.85,1737790886.1599998,3394527538.81,,,,,350719250.8,1306017401.85,3043808288.0099998,2390799587.085
brazil,banco_inter,2017-06-01,1324572768.12,1869789533.8200002,3560440554.87,,,,,366078252.93,1324572768.12,3194362301.94,2532075917.88
brazil,banco_inter,2017-09-01,1394719161.19,1742115713.1600003,3507333643.26,,,,,370498768.91,1394719161.19,3136834874.3500004,2439475293.755
brazil,banco_inter,2017-12-01,1401029965.72,1797061236.74,3581261500.69,,,,,383170298.23,1401029965.72,3198091202.46,2497576219.6
brazil,banco_inter,2018-03-01,1424737544.82,1991059988.8300002,3803357894.28,,,,,387560360.63,1424737544.82,3415797533.65,2703428761.2400002
brazil,banco_inter,2018-06-01,1511161819.67,2208675899.0699997,4638191768.74,,,,,918354050.0,1511161819.67,3719837718.74,2964256808.9049997
brazil,banco_inter,2018-09-01,1554315000.4,2516130677.73,5006782319.83,,,,,936336641.7,1554315000.4,4070445678.13,3293288177.9300003
brazil,banco_inter,2018-12-01,1763936049.3,2930474334.5599995,5643444268.19,,,,,949033884.33,1763936049.3,4694410383.86,3812442359.2099996
brazil,banco_inter,2019-03-01,1786902938.46,3227155686.45,5962404594.74,,,,,948345969.83,1786902938.46,5014058624.91,4120607155.68
brazil,banco_inter,2019-06-01,1835286984.69,3952559761.9499993,6760944890.9,,,,,973098144.26,1835286984.69,5787846746.639999,4870203254.294999
brazil,banco_inter,2019-09-01,1974116369.9,5090467947.26,9253264839.77,,,,,2188680522.61,1974116369.9,7064584317.16,6077526132.21
brazil,banco_inter,2019-12-01,1757919324.2,6074836778.400001,10034301159.0,,,,,2201545056.4,1757919324.2,7832756102.6,6953796440.500001
brazil,banco_inter,2020-03-01,1687311402.36,6649972838.280001,10485774042.51,,,,,2148489801.87,1687311402.36,8337284240.64,7493628539.460001
brazil,banco_inter,2020-06-01,1782897997.88,8492525879.03,12423603669.97,,,,,2148179793.06,1782897997.88,10275423876.91,9383974877.97
brazil,banco_inter,2020-09-01,1766778378.42,11397684084.31,16464050787.11,,,,,3299588324.38,1766778378.42,13164462462.73,12281073273.52
brazil,banco_inter,2020-12-01,1728297999.68,14730536037.2,19794821385.18,,,,,3335987348.3,1728297999.68,16458834036.880001,15594685037.04
brazil,banco_inter,2021-03-01,1704747692.52,16275924242.219997,21214163130.8,,,,,3233491196.06,1704747692.52,17980671934.739998,17128298088.479998
brazil,banco_inter,2021-06-01,2112224654.42,19274115577.42,30025318708.14,,,,,8638978476.3,2112224654.42,21386340231.84,20330227904.629997
brazil,banco_inter,2021-09-01,3093320012.55,21881740678.43,33378030891.82,,,,,8402970200.84,3093320012.55,24975060690.98,23428400684.705
brazil,banco_inter,2021-12-01,3595756829.24,24370648888.949997,36495619814.59,,,,,8529214096.4,3595756829.24,27966405718.189995,26168527303.569996
brazil,banco_inter,2022-03-01,4323105992.93,25483387121.95,38290563441.26,,,,,8484070326.38,4323105992.93,29806493114.88,27644940118.415
brazil,banco_inter,2022-06-01,4992625092.7,27209934141.71,40596646250.29,,,,,8394087015.88,4992625092.7,32202559234.41,29706246688.059998
brazil,banco_inter,2022-09-01,5738780063.3,29462122806.06,43644350330.05,,,,,8443447460.69,5738780063.3,35200902869.36,32331512837.710003
brazil,banco_inter,2022-12-01,6202162672.14,32573297686.53,45945931590.69,,,,,7170471232.02,6202162672.14,38775460358.67,35674379022.6
brazil,banco_inter,2023-03-01,6640816998.47,33231469001.049995,47023824955.07,,,,,7151538955.55,6640816998.47,39872285999.52,36551877500.284996
brazil,banco_inter,2023-06-01,7006190792.21,35483193196.79,49805022617.39,,,,,7315638628.39,7006190792.21,42489383989.0,38986288592.895004
brazil,banco_inter,2023-09-01,7462564537.27,40038230895.399994,54764770332.83,,,,,7263974900.16,7462564537.27,47500795432.67,43769513164.034996
brazil,banco_inter,2023-12-01,8095041728.92,44515981401.75,60052459165.7,,,,,7441436035.03,8095041728.92,52611023130.67,48563502266.21
brazil,banco_inter,2024-03-01,8249539080.0,45996421373.490005,61598763463.8,,,,,7352803010.31,8249539080.0,54245960453.490005,50121190913.490005
brazil,banco_inter,2024-06-01,8543541937.33,49601537174.479996,65492383436.83,,,,,7347304325.02,8543541937.33,58145079111.81,53873308143.145
brazil,banco_inter,2024-09-01,9048056306.47,52244097024.22,68590354629.17,,,,,7298201298.48,9048056306.47,61292153330.69,56768125177.455
brazil,banco_inter,2024-12-01,9890219359.2,57671664272.39,74900858307.72,,,,,7338974676.13,9890219359.2,67561883631.590004,62616773951.99
brazil,banco_inter,2025-03-01,10690559477.95,61152339374.399994,79093993067.62,,,,,7251094215.27,10690559477.95,71842898852.34999,66497619113.37499
brazil,banco_inter,2025-06-01,10865605571.52,64586727745.979996,82765269298.17,,,,,7312935980.67,10865605571.52,75452333317.5,70019530531.73999
brazil,banco_inter,2025-09-01,11708503846.59,70682673405.72,89763788786.64,,,,,7372611534.33,11708503846.59,82391177252.31,76536925329.015
brazil,banco_inter,2025-12-01,13119081030.92,75935165590.18001,96452502598.19,,,,,7398255977.09,13119081030.92,89054246621.1,82494706105.64001
brazil,banco_inter,2026-03-01,13900085453.79,76117694086.9,97475795577.0,,,,,7458016036.31,13900085453.79,90017779540.69,83067736813.795
brazil,banco_pan,2014-03-01,5413965279.03,14731261570.54,22386242110.64,,,,,2241015261.07,5413965279.03,20145226849.57,17438244210.055
brazil,banco_pan,2014-06-01,4865116265.33,15737435288.729998,22774205901.12,,,,,2171654347.06,4865116265.33,20602551554.059998,18169993421.394997
brazil,banco_pan,2014-09-01,5015786952.99,17157245759.860003,25595776069.58,,,,,3422743356.73,5015786952.99,22173032712.850002,19665139236.355003
brazil,banco_pan,2014-12-01,5168050606.88,16847400656.259998,25649957494.35,,,,,3634506231.21,5168050606.88,22015451263.14,19431425959.699997
brazil,banco_pan,2015-03-01,5583191952.7,17025060755.630001,26166906626.5,,,,,3558653918.17,5583191952.7,22608252708.33,19816656731.98
brazil,banco_pan,2015-06-01,5213410743.08,17397791709.85,26172125837.77,,,,,3560923384.84,5213410743.08,22611202452.93,20004497081.39
brazil,banco_pan,2015-09-01,4569335252.93,18281741619.11,26453119302.56,,,,,3602042430.52,4569335252.93,22851076872.04,20566409245.575
brazil,banco_pan,2015-12-01,4004143108.5,18514625320.93,26162584075.3,,,,,3643815645.87,4004143108.5,22518768429.43,20516696875.18
brazil,banco_pan,2016-03-01,3741192486.67,20214203879.03,27505456465.23,,,,,3550060099.53,3741192486.67,23955396365.7,22084800122.364998
brazil,banco_pan,2016-06-01,3773059079.03,20305912777.73,27500893870.16,,,,,3421922013.4,3773059079.03,24078971856.76,22192442317.245
brazil,banco_pan,2016-09-01,3513598546.82,21014372653.38,27939548979.97,,,,,3411577779.77,3513598546.82,24527971200.2,22771171926.79
brazil,banco_pan,2016-12-01,3155707670.75,21008243517.100002,27576113500.2,,,,,3412162312.35,3155707670.75,24163951187.850002,22586097352.475002
brazil,banco_pan,2017-03-01,2775111442.65,21476156541.56,27669163337.49,,,,,3417895353.28,2775111442.65,24251267984.210003,22863712262.885002
brazil,banco_pan,2017-06-01,2494997671.43,21347805068.129997,27303013131.48,,,,,3460210391.92,2494997671.43,23842802739.559998,22595303903.844997
brazil,banco_pan,2017-09-01,2354097374.07,21373059669.61,27249569560.24,,,,,3522412516.56,2354097374.07,23727157043.68,22550108356.645
brazil,banco_pan,2017-12-01,2249555651.19,20102284900.86,25907664769.64,,,,,3555824217.59,2249555651.19,22351840552.05,21227062726.455
brazil,banco_pan,2018-03-01,1710598473.35,20832350422.11,26533158754.87,,,,,3990209859.41,1710598473.35,22542948895.46,21687649658.785
brazil,banco_pan,2018-06-01,1455558406.96,21319109669.2,26791045982.02,,,,,4016377905.86,1455558406.96,22774668076.16,22046888872.68
brazil,banco_pan,2018-09-01,1384254774.84,22440008157.33,27871444651.38,,,,,4047181719.21,1384254774.84,23824262932.170002,23132135544.75
brazil,banco_pan,2018-12-01,1249960794.41,21986136497.99,27332016123.16,,,,,4095918830.76,1249960794.41,23236097292.4,22611116895.195004
brazil,banco_pan,2019-03-01,1191567273.56,23282559084.95,28628208227.09,,,,,4154081868.58,1191567273.56,24474126358.510002,23878342721.73
brazil,banco_pan,2019-06-01,1875991375.56,24222499597.45,30325047495.7,,,,,4226556522.69,1875991375.56,26098490973.010002,25160495285.23
brazil,banco_pan,2019-09-01,1871633083.42,24959968181.690002,31662417804.52,,,,,4830816539.41,1871633083.42,26831601265.11,25895784723.4
brazil,banco_pan,2019-12-01,1868324009.93,26114456985.84,32908949522.81,,,,,4926168527.04,1868324009.93,27982780995.77,27048618990.805
brazil,banco_pan,2020-03-01,1880605406.48,26520292415.54,33422797680.31,,,,,5021899858.29,1880605406.48,28400897822.02,27460595118.780003
brazil,banco_pan,2020-06-01,4213619333.08,24143002025.739998,33469363550.49,,,,,5112742191.67,4213619333.08,28356621358.82,26249811692.28
brazil,banco_pan,2020-09-01,4584295123.76,25266718468.21,35072431374.29,,,,,5221417782.32,4584295123.76,29851013591.97,27558866030.09
brazil,banco_pan,2020-12-01,5346049316.99,27987915631.18,38651432758.7,,,,,5317467810.53,5346049316.99,33333964948.17,30660940289.675
brazil,banco_pan,2021-03-01,5699987216.06,27706108456.76,38840241992.85,,,,,5434146320.03,5699987216.06,33406095672.82,30556102064.789997
brazil,banrisul,2014-03-01,2732889911.5,49610414574.48,57504454478.01,,,,,5161149992.03,2732889911.5,52343304485.98,50976859530.23
brazil,banrisul,2014-06-01,2729855798.09,49267994946.619995,57271309534.06,,,,,5273458789.35,2729855798.09,51997850744.71,50632922845.66499
brazil,banrisul,2014-09-01,2794600358.21,50934429244.13,59149575821.61,,,,,5420546219.27,2794600358.21,53729029602.34,52331729423.235
brazil,banrisul,2014-12-01,2837792281.82,51109052222.83,59618018637.1,,,,,5671174132.45,2837792281.82,53946844504.65,52527948363.740005
brazil,banrisul,2015-03-01,2817670188.71,52854734816.93,61414382531.49,,,,,5741977525.85,2817670188.71,55672405005.64,54263569911.285
brazil,banrisul,2015-06-01,2883762577.05,55090037200.759995,63824901459.9,,,,,5851101682.09,2883762577.05,57973799777.81,56531918489.284996
brazil,banrisul,2015-09-01,2079914875.18,57069912886.76,65264763393.91,,,,,6114935631.97,2079914875.18,59149827761.94,58109870324.35
brazil,banrisul,2015-12-01,2348769466.4,58351827536.229996,66908909961.24,,,,,6208312958.61,2348769466.4,60700597002.63,59526212269.42999
brazil,banrisul,2016-03-01,2671037612.55,56867942913.04,65861633483.29,,,,,6322652957.7,2671037612.55,59538980525.590004,58203461719.315
brazil,banrisul,2016-06-01,2733563438.38,58734842648.79001,67913787561.41,,,,,6445381474.24,2733563438.38,61468406087.170006,60101624367.98001
brazil,banrisul,2016-09-01,1862196628.71,59606123681.759995,67940221088.84,,,,,6471900778.37,1862196628.71,61468320310.46999,60537221996.115
brazil,banrisul,2016-12-01,1978938153.16,60666900233.61,69089077895.99,,,,,6443239509.22,1978938153.16,62645838386.770004,61656369310.19
brazil,banrisul,2017-03-01,1859031804.09,60595786708.270004,68939583503.0,,,,,6484764990.64,1859031804.09,62454818512.36,61525302610.315
brazil,banrisul,2017-06-01,1967011779.69,61986479877.65,70556334487.46,,,,,6602842830.12,1967011779.69,63953491657.340004,62969985767.495
brazil,banrisul,2017-09-01,2091890418.32,62553930157.89,71376721786.89,,,,,6730901210.68,2091890418.32,64645820576.21,63599875367.05
brazil,banrisul,2017-12-01,2037847923.87,64267579153.0,73340306059.55,,,,,7034878982.68,2037847923.87,66305427076.87,65286503114.935
brazil,banrisul,2018-03-01,1989851350.9,62651802606.74,71839739364.31,,,,,7198085406.67,1989851350.9,64641653957.64,63646728282.189995
brazil,banrisul,2018-06-01,2185084602.04,66169004351.939995,75388848392.4,,,,,7034759438.42,2185084602.04,68354088953.979996,67261546652.95999
brazil,banrisul,2018-09-01,2625820037.86,66019190444.34,75896672278.23,,,,,7251661796.03,2625820037.86,68645010482.2,67332100463.27
brazil,banrisul,2018-12-01,2840000592.28,67358827496.68001,77477513213.86,,,,,7278685124.9,2840000592.28,70198828088.96,68778827792.82
brazil,banrisul,2019-03-01,3197120781.46,67357576628.079994,77923438042.34,,,,,7368740632.8,3197120781.46,70554697409.54,68956137018.81
brazil,banrisul,2019-06-01,3299225994.26,68707711591.49,79529181837.16,,,,,7522244251.41,3299225994.26,72006937585.75,70357324588.62
brazil,banrisul,2019-09-01,3497542073.76,69470232852.94,80702433937.64,,,,,7734659010.94,3497542073.76,72967774926.7,71219003889.82
brazil,banrisul,2019-12-01,3560165648.54,70249974693.00002,81604245137.46,,,,,7794104795.92,3560165648.54,73810140341.54001,72030057517.27002
brazil,banrisul,2020-03-01,3351221990.28,71902646616.65001,83322657642.05,,,,,8068789035.12,3351221990.28,75253868606.93001,73578257611.79001
brazil,banrisul,2020-06-01,3083447587.18,75335897897.87001,86638205314.86,,,,,8218859829.81,3083447587.18,78419345485.05,76877621691.46
brazil,banrisul,2020-09-01,2663940482.69,79200167321.97,90218745705.35,,,,,8354637900.69,2663940482.69,81864107804.66,80532137563.315
brazil,banrisul,2020-12-01,2440535530.71,81088641580.21999,91875097980.7,,,,,8345920869.77,2440535530.71,83529177110.93,82308909345.57498
brazil,banrisul,2021-03-01,1919839060.21,84989776225.25,95490543897.25,,,,,8580928611.79,1919839060.21,86909615285.46,85949695755.355
brazil,banrisul,2021-06-01,1742544964.73,87705990908.6,98102636702.75,,,,,8654100829.42,1742544964.73,89448535873.33,88577263390.96501
brazil,banrisul,2021-09-01,1606917130.21,91312500282.34999,101668567027.87,,,,,8749149615.31,1606917130.21,92919417412.56,92115958847.45499
brazil,banrisul,2021-12-01,1738001264.66,93817847205.7,104604113206.89,,,,,9048264736.53,1738001264.66,95555848470.36,94686847838.03
brazil,banrisul,2022-03-01,1835551040.0,93283472522.29001,104115641058.24,,,,,8996617495.95,1835551040.0,95119023562.29001,94201248042.29001
brazil,banrisul,2022-06-01,2193751818.08,98495244921.99,109659052855.85,,,,,8970056115.78,2193751818.08,100688996740.07,99592120831.03
brazil,banrisul,2022-09-01,2653647517.03,101652901510.48,113315874005.28,,,,,9009324977.77,2653647517.03,104306549027.51,102979725268.995
brazil,banrisul,2022-12-01,3060453046.29,99794010850.29001,112274241293.7,,,,,9419777397.12,3060453046.29,102854463896.58,101324237373.43501
brazil,banrisul,2023-03-01,3513875073.98,99562404109.84001,112553971001.66,,,,,9477691817.84,3513875073.98,103076279183.82,101319341646.83002
brazil,banrisul,2023-06-01,4005320544.64,102598934088.39,116032287192.27,,,,,9428032559.24,4005320544.64,106604254633.03,104601594360.71
brazil,banrisul,2023-09-01,4936302188.25,108522146057.95999,122943140867.01,,,,,9484692620.8,4936302188.25,113458448246.20999,110990297152.08499
brazil,banrisul,2023-12-01,6463988180.76,108315412078.59001,124447910357.16,,,,,9668510097.81,6463988180.76,114779400259.35,111547406168.97002
brazil,banrisul,2024-03-01,6833136075.23,111822749027.77,128457718960.14,,,,,9801833857.14,6833136075.23,118655885103.0,115239317065.38501
brazil,banrisul,2024-06-01,6697036457.48,119484584613.34,136280731715.84,,,,,10099110645.02,6697036457.48,126181621070.81999,122833102842.08
brazil,banrisul,2024-09-01,6742498144.94,123891257297.93,140890845744.0,,,,,10257090301.13,6742498144.94,130633755442.87,127262506370.4
brazil,banrisul,2024-12-01,7215522782.03,128291389880.44002,145920230408.98,,,,,10413317746.51,7215522782.03,135506912662.47002,131899151271.45502
brazil,banrisul,2025-03-01,8194887064.51,132908515970.76,151516168606.78,,,,,10412765571.51,8194887064.51,141103403035.27,137005959503.015
brazil,banrisul,2025-06-01,9604755056.01,136026011931.7,156279630803.8,,,,,10648863816.09,9604755056.01,145630766987.71,140828389459.705
brazil,banrisul,2025-09-01,8850572709.23,138977948550.83,158706131309.93,,,,,10877610049.87,8850572709.23,147828521260.06,143403234905.44498
brazil,banrisul,2025-12-01,8099303562.59,144448432635.40002,163726144976.64,,,,,11178408778.65,8099303562.59,152547736197.99002,148498084416.69504
brazil,banrisul,2026-03-01,8072132405.12,144433875027.72998,163832836863.36,,,,,11326829430.51,8072132405.12,152506007432.84998,148469941230.28998
brazil,bradesco,2014-03-01,70135768890.63,640776531124.59,784373108871.62,,,,,73460808856.4,70135768890.63,710912300015.22,675844415569.905
brazil,bradesco,2014-06-01,75645921721.73,626402250052.71,778950374328.5,,,,,76902202554.06,75645921721.73,702048171774.44,664225210913.575
brazil,bradesco,2014-09-01,81489533921.94,658053461657.8899,818890063807.96,,,,,79347068228.13,81489533921.94,739542995579.83,698798228618.8599
brazil,bradesco,2014-12-01,89701516224.46,691533321399.15,862756007440.51,,,,,81521169816.9,89701516224.46,781234837623.61,736384079511.38
brazil,bradesco,2015-03-01,93267603650.48,688026790031.14,866329574127.24,,,,,85035180445.62,93267603650.48,781294393681.62,734660591856.38
brazil,bradesco,2015-06-01,99537185086.83,658246651023.79,844769113767.75,,,,,86985277657.13,99537185086.83,757783836110.62,708015243567.2051
brazil,bradesco,2015-09-01,115300210500.08,673783107482.2001,875330129653.09,,,,,86246811670.81,115300210500.08,789083317982.28,731433212732.2401
brazil,bradesco,2015-12-01,117335709585.84,677725719329.6001,883981368480.66,,,,,88919939565.22,117335709585.84,795061428915.4401,736393574122.5201
brazil,bradesco,2016-03-01,120692410870.26,661098830000.4199,875135677395.44,,,,,93344436524.76,120692410870.26,781791240870.6799,721445035435.5499
brazil,bradesco,2016-06-01,121171215735.59,699330661856.9,916875028609.46,,,,,96373151016.97,121171215735.59,820501877592.49,759916269724.6951
brazil,bradesco,2016-09-01,162631212984.09,741869258895.09,1003067016818.19,,,,,98566544939.01,162631212984.09,904500471879.1799,823184865387.135
brazil,bradesco,2016-12-01,162213586200.9,735451474933.61,998124137821.43,,,,,100459076686.92,162213586200.9,897665061134.51,816558268034.0599
brazil,bradesco,2017-03-01,154565752092.39,739711382602.29,998852463537.26,,,,,104575328842.58,154565752092.39,894277134694.68,816994258648.4851
brazil,bradesco,2017-06-01,143634241981.79,748832748090.62,999292203881.15,,,,,106825213808.74,143634241981.79,892466990072.41,820649869081.515
brazil,bradesco,2017-09-01,148362166483.76,760229234605.15,1018910065092.92,,,,,110318664004.01,148362166483.76,908591401088.91,834410317847.03
brazil,bradesco,2017-12-01,147364554519.79,732472163424.58,990312322580.52,,,,,110475604636.15,147364554519.79,879836717944.37,806154440684.475
brazil,bradesco,2018-03-01,156814827224.87,759214879293.29,1029894946965.78,,,,,113865240447.62,156814827224.87,916029706518.16,837622292905.7251
brazil,bradesco,2018-06-01,167506562777.81,750362431834.19,1030977854834.04,,,,,113108860222.04,167506562777.81,917868994612.0,834115713223.095
brazil,bradesco,2018-09-01,163763202645.36,783121290975.31,1062626610975.91,,,,,115742117355.24,163763202645.36,946884493620.67,865002892297.99
brazil,bradesco,2018-12-01,162622958899.01,779896747916.73,1063713836053.84,,,,,121194129238.1,162622958899.01,942519706815.74,861208227366.235
brazil,bradesco,2019-03-01,172640485876.06,796818624519.47,1096209379605.54,,,,,126750269210.01,172640485876.06,969459110395.53,883138867457.5
brazil,bradesco,2019-06-01,178561229269.36,811019756246.9199,1123293884528.41,,,,,133712899012.13,178561229269.36,989580985516.2799,900300370881.5999
brazil,bradesco,2019-09-01,178716154716.42,810027552680.82,1127121643397.99,,,,,138377936000.75,178716154716.42,988743707397.24,899385630039.0299
brazil,bradesco,2019-12-01,186297850100.38,812398510039.41,1132482047449.28,,,,,133785687309.49,186297850100.38,998696360139.79,905547435089.6001
brazil,bradesco,2020-03-01,179864965500.75,915153844269.7499,1224626506383.38,,,,,129607696612.88,179864965500.75,1095018809770.4999,1005086327020.1249
brazil,bradesco,2020-06-01,170645102585.31,985143189670.2898,1290983146057.19,,,,,135194853801.59,170645102585.31,1155788292255.5999,1070465740962.9448
brazil,bradesco,2020-09-01,162933487143.4,1072209921108.32,1372611832713.19,,,,,137468424461.47,162933487143.4,1235143408251.72,1153676664680.02
brazil,bradesco,2020-12-01,153764739195.44,1049272490241.6699,1346747227925.17,,,,,143709998488.06,153764739195.44,1203037229437.1099,1126154859839.39
brazil,bradesco,2021-03-01,151472978268.81,1080940288947.6001,1376666827175.32,,,,,144253559958.91,151472978268.81,1232413267216.4102,1156676778082.0051
brazil,bradesco,2021-06-01,143653201086.44,1097346687169.98,1387506720479.79,,,,,146506832223.37,143653201086.44,1240999888256.42,1169173287713.2
brazil,bradesco,2021-09-01,157848929412.21,1143341499241.88,1448810801633.13,,,,,147620372979.04,157848929412.21,1301190428654.0898,1222265963947.9849
brazil,bradesco,2021-12-01,175473879677.44,1080450131767.4502,1403055696476.29,,,,,147131685031.4,175473879677.44,1255924011444.8901,1168187071606.1702
brazil,bradesco,2022-03-01,193355447852.85,1085321862113.1,1431036747272.2,,,,,152359437306.25,193355447852.85,1278677309965.95,1181999586039.525
brazil,bradesco,2022-06-01,206268289728.95,1101075260328.5,1461693737407.05,,,,,154350187349.6,206268289728.95,1307343550057.45,1204209405192.975
brazil,bradesco,2022-09-01,225328351068.79,1260354570166.27,1644250388154.17,,,,,158567466919.11,225328351068.79,1485682921235.06,1373018745700.665
brazil,bradesco,2022-12-01,232842221019.46,1119884863039.06,1508457402264.87,,,,,155730318206.35,232842221019.46,1352727084058.52,1236305973548.79
brazil,bradesco,2023-03-01,239417724429.49,1137747186964.93,1533402962632.21,,,,,156238051237.79,239417724429.49,1377164911394.42,1257456049179.6748
brazil,bradesco,2023-06-01,237109371223.19,1154532929239.47,1552012193321.97,,,,,160369892859.31,237109371223.19,1391642300462.66,1273087614851.065
brazil,bradesco,2023-09-01,237912128391.82,1192964346379.3499,1592736216665.16,,,,,161859741893.99,237912128391.82,1430876474771.17,1311920410575.2598
brazil,bradesco,2023-12-01,252754156423.08,1188043226550.3398,1603371174769.39,,,,,162573791795.97,252754156423.08,1440797382973.42,1314420304761.88
brazil,bradesco,2024-03-01,261056334892.83,1213006948881.39,1636052544420.16,,,,,161989260645.94,261056334892.83,1474063283774.22,1343535116327.805
brazil,bradesco,2024-06-01,261463104286.32,1259824437103.5198,1682417432548.73,,,,,161129891158.89,261463104286.32,1521287541389.8398,1390555989246.6797
brazil,bradesco,2024-09-01,264240529426.92,1258122234280.3801,1686086260333.45,,,,,163723496626.15,264240529426.92,1522362763707.3,1390242498993.84
brazil,bradesco,2024-12-01,263433887870.45,1293801559117.09,1718892235093.62,,,,,161656788106.08,263433887870.45,1557235446987.54,1425518503052.3152
brazil,bradesco,2025-03-01,270747970199.44,1236239600645.62,1674151468953.35,,,,,167163898108.29,270747970199.44,1506987570845.06,1371613585745.34
brazil,bradesco,2025-06-01,288654869118.85,1279854723199.44,1739141349393.46,,,,,170631757075.17,288654869118.85,1568509592318.29,1424182157758.865
brazil,bradesco,2025-09-01,304271546513.94,1317035402296.7402,1794848789306.04,,,,,173541840495.36,304271546513.94,1621306948810.6802,1469171175553.7102
brazil,bradesco,2025-12-01,313869498468.01,1420959798823.23,1911249346329.81,,,,,176420049038.57,313869498468.01,1734829297291.24,1577894548057.2349
brazil,bradesco,2026-03-01,328922675779.52,1484478555071.77,1990625784341.53,,,,,177224553490.24,328922675779.52,1813401230851.29,1648939892961.53
brazil,btg_pactual,2014-03-01,15706089101.59,98184144651.93001,126897572450.75,,,,,13007338697.23,15706089101.59,113890233753.52,106037189202.725
brazil,btg_pactual,2014-06-01,17509506378.26,85705499247.73001,116640123272.85,,,,,13425117646.86,17509506378.26,103215005625.99,94460252436.86002
brazil,btg_pactual,2014-09-01,18756896271.87,101070658377.82,134048382612.49,,,,,14220827962.8,18756896271.87,119827554649.69,110449106513.755
brazil,btg_pactual,2014-12-01,20165981820.42,115447685065.27,150292533439.73,,,,,14678866554.04,20165981820.42,135613666885.69,125530675975.48001
brazil,btg_pactual,2015-03-01,21604419485.79,116505782434.59998,153578020067.24,,,,,15467818146.85,21604419485.79,138110201920.38998,127307992177.49498
brazil,btg_pactual,2015-06-01,22356851487.21,140694489615.85,179348321628.3,,,,,16296980525.24,22356851487.21,163051341103.06,151872915359.45502
brazil,btg_pactual,2015-09-01,24095400623.98,245420963793.59,288390572694.4,,,,,18874208276.83,24095400623.98,269516364417.57,257468664105.58
brazil,btg_pactual,2015-12-01,18786579301.25,215840644490.53998,254295455080.74,,,,,19668231288.95,18786579301.25,234627223791.78998,225233934141.16498
brazil,btg_pactual,2016-03-01,16342246341.5,186778956542.19,223474441129.73,,,,,20353238246.04,16342246341.5,203121202883.69,194950079712.94
brazil,btg_pactual,2016-06-01,13411115869.85,169060017626.87,203305592109.68,,,,,20834458612.96,13411115869.85,182471133496.72,175765575561.79498
brazil,btg_pactual,2016-09-01,10789232109.4,166457956328.39,198514172609.29,,,,,21266984171.5,10789232109.4,177247188437.79,171852572383.09003
brazil,btg_pactual,2016-12-01,9716207133.89,84221332263.86,111615906126.18,,,,,17678366728.43,9716207133.89,93937539397.75,89079435830.805
brazil,btg_pactual,2017-03-01,8363828029.3,98174112043.6,124826919157.63,,,,,18288979084.73,8363828029.3,106537940072.90001,102356026058.25
brazil,btg_pactual,2017-06-01,8343187170.8,91929563895.3,118303206977.95,,,,,18030455911.85,8343187170.8,100272751066.1,96101157480.7
brazil,btg_pactual,2017-09-01,7356876729.15,87154557920.29001,113072115921.21,,,,,18560681271.77,7356876729.15,94511434649.44,90832996284.865
brazil,btg_pactual,2017-12-01,9677486449.42,98049233047.03,126196048459.79,,,,,18469328963.34,9677486449.42,107726719496.45,102887976271.74
brazil,btg_pactual,2018-03-01,9515935078.08,117912507316.74,146087475773.03,,,,,18659033378.21,9515935078.08,127428442394.82,122670474855.78
brazil,btg_pactual,2018-06-01,11733433093.03,124964171499.9,155873132603.36,,,,,19175528010.43,11733433093.03,136697604592.93,130830888046.415
brazil,btg_pactual,2018-09-01,13487174601.36,129044097796.56001,161675268371.76,,,,,19143995973.84,13487174601.36,142531272397.92,135787685097.24002
brazil,btg_pactual,2018-12-01,13785842041.46,102994544624.26001,135590117030.52,,,,,18809730364.8,13785842041.46,116780386665.72,109887465644.99
brazil,btg_pactual,2019-03-01,14245624434.87,175311629791.14,208952839533.44,,,,,19395585307.43,14245624434.87,189557254226.01,182434442008.575
brazil,btg_pactual,2019-06-01,16408294376.96,134520654098.64001,171309195405.91,,,,,20380246930.31,16408294376.96,150928948475.6,142724801287.12003
brazil,btg_pactual,2019-09-01,20722501957.75,123673633545.39001,165163771012.75,,,,,20767635509.61,20722501957.75,144396135503.14,134034884524.26501
brazil,btg_pactual,2019-12-01,22308749077.03,118327681200.95001,161969620598.88,,,,,21333190320.9,22308749077.03,140636430277.98,129482055739.46501
brazil,btg_pactual,2020-03-01,24393032996.28,152319179071.16998,198715922622.9,,,,,22003710555.45,24393032996.28,176712212067.44998,164515695569.31
brazil,btg_pactual,2020-06-01,35686871419.86,167138184615.94,228402326289.58,,,,,25577270253.78,35686871419.86,202825056035.8,184981620325.87
brazil,btg_pactual,2020-09-01,41220590935.13,182659476059.81,249877879382.23,,,,,25997812387.29,41220590935.13,223880066994.94,203269771527.375
brazil,btg_pactual,2020-12-01,41910582997.35,172213432493.96,240809392287.2,,,,,26685376795.89,41910582997.35,214124015491.31,193168723992.63498
brazil,btg_pactual,2021-03-01,48771751303.01,196752086142.33,275943602955.63,,,,,30419765510.29,48771751303.01,245523837445.34,221137961793.835
brazil,btg_pactual,2021-06-01,57602650286.57,236854695455.02002,331074330453.51,,,,,36616984711.92,57602650286.57,294457345741.59,265656020598.30502
brazil,btg_pactual,2021-09-01,61897070872.94,266241740621.56,366008028153.33,,,,,37869216658.83,61897070872.94,328138811494.5,297190276058.03
brazil,btg_pactual,2021-12-01,56983313670.96,242285230268.96005,338303271107.03,,,,,39034727167.11,56983313670.96,299268543939.92004,270776887104.44006
brazil,btg_pactual,2022-03-01,59902606814.96,269098634429.83005,372513732244.84,,,,,43512491000.05,59902606814.96,329001241244.79004,299049937837.31006
brazil,btg_pactual,2022-06-01,64362495169.69,334579330890.61005,444459033170.52,,,,,45517207110.22,64362495169.69,398941826060.30005,366760578475.4551
brazil,btg_pactual,2022-09-01,69333328413.17,311079066392.13,427330257462.76,,,,,46917862657.46,69333328413.17,380412394805.3,345745730598.715
brazil,btg_pactual,2022-12-01,67742767004.12,324143161598.44,438448509979.98,,,,,46562581377.42,67742767004.12,391885928602.56,358014545100.5
brazil,btg_pactual,2023-03-01,69103340538.71,338662447532.05,456306761801.99,,,,,48540973731.23,69103340538.71,407765788070.76,373214117801.40497
brazil,btg_pactual,2023-06-01,67908515944.29,338444664461.08,457749209044.55,,,,,51396028639.18,67908515944.29,406353180405.37,372398922433.22504
brazil,btg_pactual,2023-09-01,70930013672.26,356035666764.54004,478602039233.64,,,,,51636358796.84,70930013672.26,426965680436.80005,391500673600.67004
brazil,btg_pactual,2023-12-01,73283987896.01,355183862185.63,481948436479.99,,,,,53480586398.35,73283987896.01,428467850081.64,391825856133.635
brazil,btg_pactual,2024-03-01,83351071737.65,415705621681.6,555006785476.08,,,,,55950092056.83,83351071737.65,499056693419.24994,457381157550.425
brazil,btg_pactual,2024-06-01,87843690407.33,436653023326.02997,582263551197.25,,,,,57766837463.89,87843690407.33,524496713733.36,480574868529.69495
brazil,btg_pactual,2024-09-01,101367822539.08,424713245122.06,588589911564.41,,,,,62508843903.27,101367822539.08,526081067661.14,475397156391.6
brazil,btg_pactual,2024-12-01,105627931998.59,442258595956.7401,611379876430.31,,,,,63493348474.98,105627931998.59,547886527955.3301,495072561956.0351
brazil,btg_pactual,2025-03-01,103460521567.79,404462454696.0101,572974709442.15,,,,,65051733178.35,103460521567.79,507922976263.80005,456192715479.9051
brazil,btg_pactual,2025-06-01,95697575249.33,440516257045.45996,605549134353.25,,,,,69335302058.46,95697575249.33,536213832294.79,488365044670.12494
brazil,btg_pactual,2025-09-01,99356559716.28,459421365696.62,631011425680.98,,,,,72233500268.08,99356559716.28,558777925412.9,509099645554.76
brazil,btg_pactual,2025-12-01,104015844758.72,567169497961.21,746102634351.73,,,,,74917291631.8,104015844758.72,671185342719.9299,619177420340.57
brazil,btg_pactual,2026-03-01,107637296465.58,600035784949.75,785839959932.99,,,,,78166878517.66,107637296465.58,707673081415.33,653854433182.54
brazil,itau_unibanco,2014-03-01,43873515374.44,898573899404.81,1031628205792.98,,,,,89180791013.73,43873515374.44,942447414779.25,920510657092.03
brazil,itau_unibanco,2014-06-01,45298637039.39,888778839357.72,1026770059608.46,,,,,92692583211.35,45298637039.39,934077476397.11,911428157877.4149
brazil,itau_unibanco,2014-09-01,47096615353.5,921923250031.13,1066499552315.99,,,,,97479686931.36,47096615353.5,969019865384.63,945471557707.88
brazil,itau_unibanco,2014-12-01,47757528255.41,967851749213.83,1117943423285.17,,,,,102334145815.93,47757528255.41,1015609277469.24,991730513341.5349
brazil,itau_unibanco,2015-03-01,50761813918.73,1053332387867.95,1206487236455.65,,,,,102393034668.97,50761813918.73,1104094201786.68,1078713294827.315
brazil,itau_unibanco,2015-06-01,52183360603.0,962826281953.6901,1120897723134.86,,,,,105888080578.17,52183360603.0,1015009642556.6901,988917962255.1901
brazil,itau_unibanco,2015-09-01,59483714521.82,1042004964386.5702,1209739846570.57,,,,,108251167662.18,59483714521.82,1101488678908.3901,1071746821647.4802
brazil,itau_unibanco,2015-12-01,75596039780.56,1051988870958.74,1238646330067.29,,,,,111061419327.99,75596039780.56,1127584910739.3,1089786890849.02
brazil,itau_unibanco,2016-03-01,74357708891.0,971511331807.8301,1156830981554.62,,,,,110961940855.79,74357708891.0,1045869040698.8301,1008690186253.3301
brazil,itau_unibanco,2016-06-01,84234785534.1,1047583053938.9,1258692129219.37,,,,,126874289746.37,84234785534.1,1131817839473.0,1089700446705.9501
brazil,itau_unibanco,2016-09-01,90968589134.12,1034003931611.63,1255731476172.41,,,,,130758955426.66,90968589134.12,1124972520745.75,1079488226178.69
brazil,itau_unibanco,2016-12-01,93716666749.1,1053051238056.0902,1276702842690.35,,,,,129934937885.16,93716666749.1,1146767904805.1902,1099909571430.6401
brazil,itau_unibanco,2017-03-01,96366131632.63,1029984440530.7601,1255125061903.28,,,,,128774489739.89,96366131632.63,1126350572163.3901,1078167506347.0752
brazil,itau_unibanco,2017-06-01,108082181852.87,1044274631007.65,1284632296569.99,,,,,132275483709.47,108082181852.87,1152356812860.52,1098315721934.085
brazil,itau_unibanco,2017-09-01,106642285015.98,1050231865241.3799,1293767777672.9,,,,,136893627415.54,106642285015.98,1156874150257.3599,1103553007749.3699
brazil,itau_unibanco,2017-12-01,107581024769.85,1076293197144.9,1324222211592.44,,,,,140347989677.69,107581024769.85,1183874221914.75,1130083709529.825
brazil,itau_unibanco,2018-03-01,115236505868.26,1093862668671.69,1340911345439.74,,,,,131812170899.79,115236505868.26,1209099174539.95,1151480921605.8198
brazil,itau_unibanco,2018-06-01,115008431692.57,1105898986433.94,1356641659921.09,,,,,135734241794.58,115008431692.57,1220907418126.51,1163403202280.2249
brazil,itau_unibanco,2018-09-01,118684377036.91,1164476045838.37,1422242683925.55,,,,,139082261050.27,118684377036.91,1283160422875.28,1223818234356.8252
brazil,itau_unibanco,2018-12-01,111565922204.83,1197512803152.65,1453209507519.43,,,,,144130782161.95,111565922204.83,1309078725357.48,1253295764255.065
brazil,itau_unibanco,2019-03-01,117040026933.72,1202491843568.65,1451854664749.72,,,,,132322794247.35,117040026933.72,1319531870502.3699,1261011857035.51
brazil,itau_unibanco,2019-06-01,125336186215.46,1210285673766.54,1473837122622.26,,,,,138215262640.26,125336186215.46,1335621859982.0,1272953766874.27
brazil,itau_unibanco,2019-09-01,130883428651.63,1260244325241.6797,1529608884520.4,,,,,138481130627.09,130883428651.63,1391127753893.3098,1325686039567.4946
brazil,itau_unibanco,2019-12-01,143568500044.73,1241683847854.6301,1528608478408.85,,,,,143356130509.49,143568500044.73,1385252347899.36,1313468097876.995
brazil,itau_unibanco,2020-03-01,154145953061.33,1487660369240.23,1777634159121.5,,,,,135827836819.94,154145953061.33,1641806322301.56,1564733345770.895
brazil,itau_unibanco,2020-06-01,145139948490.05,1582544567834.39,1865493911611.89,,,,,137809395287.45,145139948490.05,1727684516324.44,1655114542079.4148
brazil,itau_unibanco,2020-09-01,139782795063.79,1618225762935.8699,1900366109054.63,,,,,142357551054.97,139782795063.79,1758008557999.66,1688117160467.765
brazil,itau_unibanco,2020-12-01,136637831895.57,1612487876433.4897,1896790404029.38,,,,,147664695700.32,136637831895.57,1749125708329.0598,1680806792381.2747
brazil,itau_unibanco,2021-03-01,140351247886.34,1619185993075.04,1911910189836.05,,,,,152372948874.67,140351247886.34,1759537240961.3801,1689361617018.21
brazil,itau_unibanco,2021-06-01,127625371680.33,1569958122079.2698,1844214222714.64,,,,,146630728955.04,127625371680.33,1697583493759.5999,1633770807919.4348
brazil,itau_unibanco,2021-09-01,132616497164.57,1652985956396.69,1935715336445.02,,,,,150112882883.76,132616497164.57,1785602453561.26,1719294204978.9749
brazil,itau_unibanco,2021-12-01,143137774755.77,1647619061534.32,1946268623607.61,,,,,155511787317.52,143137774755.77,1790756836290.09,1719187948912.205
brazil,itau_unibanco,2022-03-01,172058309077.36,1633333598442.2202,1960180160203.34,,,,,154788252683.76,172058309077.36,1805391907519.58,1719362752980.9001
brazil,itau_unibanco,2022-06-01,205431473700.25,1695650370278.0,2062595991753.58,,,,,161514147775.33,205431473700.25,1901081843978.25,1798366107128.125
brazil,itau_unibanco,2022-09-01,233977423324.67,1784187432871.79,2184727550842.57,,,,,166562694646.11,233977423324.67,2018164856196.46,1901176144534.125
brazil,itau_unibanco,2022-12-01,256494922336.86,1799338560847.04,2226497249013.9,,,,,170663765830.0,256494922336.86,2055833483183.9,1927586022015.47
brazil,itau_unibanco,2023-03-01,276725092183.2,1844672475713.12,2296425633664.31,,,,,175028065767.99,276725092183.2,2121397567896.32,1983035021804.7202
brazil,itau_unibanco,2023-06-01,289835592071.25,1856063118039.6401,2325477166742.85,,,,,179578456631.96,289835592071.25,2145898710110.8901,2000980914075.2651
brazil,itau_unibanco,2023-09-01,294396866004.35,1933819203781.3398,2411605059474.28,,,,,183388989688.59,294396866004.35,2228216069785.69,2081017636783.515
brazil,itau_unibanco,2023-12-01,301634679802.6,1925375798415.3901,2416946738083.33,,,,,189936259865.34,301634679802.6,2227010478217.99,2076193138316.6902
brazil,itau_unibanco,2024-03-01,302988347900.68,2014727224259.3499,2502517909406.86,,,,,184802337246.83,302988347900.68,2317715572160.03,2166221398209.69
brazil,itau_unibanco,2024-06-01,306023415217.99,2137565187132.1702,2636882506064.81,,,,,193293903714.65,306023415217.99,2443588602350.16,2290576894741.165
brazil,itau_unibanco,2024-09-01,308230489933.4,2183936061177.08,2694659039069.27,,,,,202492487958.79,308230489933.4,2492166551110.48,2338051306143.7803
brazil,itau_unibanco,2024-12-01,332119903453.76,2188353669054.1301,2732287752005.12,,,,,211814179497.23,332119903453.76,2520473572507.89,2354413620781.0103
brazil,itau_unibanco,2025-03-01,348161723610.64,1948766314328.9702,2500942811802.22,,,,,204014773862.61,348161723610.64,2296928037939.6104,2122847176134.2903
brazil,itau_unibanco,2025-06-01,356678451346.16,1991268392633.9797,2565430328521.15,,,,,217483484541.01,356678451346.16,2347946843980.1396,2169607618307.0598
brazil,itau_unibanco,2025-09-01,354642891262.59,2068920607271.2,2652283636155.31,,,,,228720137621.52,354642891262.59,2423563498533.79,2246242052902.495
brazil,itau_unibanco,2025-12-01,376774468295.27,2134678908494.62,2739215108933.35,,,,,227761732143.46,376774468295.27,2511453376789.89,2323066142642.255
brazil,itau_unibanco,2026-03-01,380082903093.5,2221820504939.79,2834355732183.17,,,,,232452324149.88,380082903093.5,2601903408033.29,2411861956486.54
brazil,santander_brasil,2014-03-01,65705908596.95,372503738116.49,506189909306.96,,,,,67980262593.52,65705908596.95,438209646713.44,405356692414.96497
brazil,santander_brasil,2014-06-01,69467472229.29,367237668166.68005,505919235291.71,,,,,69214094895.74,69467472229.29,436705140395.97003,401971404281.3251
brazil,santander_brasil,2014-09-01,75273061387.2,382403459943.24,517023894910.31,,,,,59347373579.87,75273061387.2,457676521330.44,420039990636.83997
brazil,santander_brasil,2014-12-01,75012557003.06,457779846753.81995,591553339388.59,,,,,58760935631.71,75012557003.06,532792403756.87994,495286125255.35
brazil,santander_brasil,2015-03-01,83722284512.92,470277599130.7399,612697395314.34,,,,,58697511670.68,83722284512.92,553999883643.6599,512138741387.19995
brazil,santander_brasil,2015-06-01,90496396474.69,452762490787.75995,606370373347.36,,,,,63111486084.91,90496396474.69,543258887262.44995,498010689025.105
brazil,santander_brasil,2015-09-01,99202392616.27,544648472669.9,703733155636.4,,,,,59882290350.23,99202392616.27,643850865286.17,594249668978.035
brazil,santander_brasil,2015-12-01,99847227450.63,521207605998.55005,678126465415.53,,,,,57071631966.35,99847227450.63,621054833449.18,571131219723.865
brazil,santander_brasil,2016-03-01,96862062310.57,512536705347.72003,669686496458.62,,,,,60287728800.33,96862062310.57,609398767658.29,560967736503.005
brazil,santander_brasil,2016-06-01,100246041641.86,493076053652.13,655438139163.38,,,,,62116043869.39,100246041641.86,593322095293.99,543199074473.06
brazil,santander_brasil,2016-09-01,104294001225.61,492937268120.76,660941862456.07,,,,,63710593109.7,104294001225.61,597231269346.37,545084268733.565
brazil,santander_brasil,2016-12-01,105169729947.71,536232745145.88995,701600569040.01,,,,,60198093946.41,105169729947.71,641402475093.6,588817610119.745
brazil,santander_brasil,2017-03-01,95008785388.03,555209141168.8599,713380964296.7,,,,,63163037739.81,95008785388.03,650217926556.8899,602713533862.8749
brazil,santander_brasil,2017-06-01,85139295464.73,504504984050.13,652922169807.72,,,,,63277890292.86,85139295464.73,589644279514.86,547074631782.495
brazil,santander_brasil,2017-09-01,78142799420.87,533449696767.7201,676455295554.78,,,,,64862799366.19,78142799420.87,611592496188.5901,572521096478.155
brazil,santander_brasil,2017-12-01,76656476809.03,544436956122.7499,682985479041.2,,,,,61892046109.42,76656476809.03,621093432931.7799,582765194527.2649
brazil,santander_brasil,2018-03-01,81440686862.39,576931711964.41,723133579726.99,,,,,64761180900.19,81440686862.39,658372398826.8,617652055395.605
brazil,santander_brasil,2018-06-01,77045111042.44,594908513563.5901,737891062746.51,,,,,65937438140.48,77045111042.44,671953624606.03,633431069084.81
brazil,santander_brasil,2018-09-01,82220508741.43,618411847872.6201,768891359390.01,,,,,68259002775.96,82220508741.43,700632356614.05,659522102243.3351
brazil,santander_brasil,2018-12-01,82113231282.61,654349216556.63,804403352836.36,,,,,67940904997.12,82113231282.61,736462447839.24,695405832197.935
brazil,santander_brasil,2019-03-01,85846975392.43,644635278020.8,801337799474.84,,,,,70855546061.61,85846975392.43,730482253413.23,687558765717.015
brazil,santander_brasil,2019-06-01,88147182100.41,671694314309.3,832962661276.56,,,,,73121164866.85,88147182100.41,759841496409.7101,715767905359.505
brazil,santander_brasil,2019-09-01,89320626060.98,668961948652.2,834535025788.99,,,,,76252451075.81,89320626060.98,758282574713.1799,713622261682.69
brazil,santander_brasil,2019-12-01,85962615887.16,697315403362.36,855589775458.53,,,,,72311756209.01,85962615887.16,783278019249.52,740296711305.94
brazil,santander_brasil,2020-03-01,88408001940.39,835922957070.65,998730512990.73,,,,,74399553979.69,88408001940.39,924330959011.04,880126958040.845
brazil,santander_brasil,2020-06-01,81831846717.8,827755747170.6799,986056926013.17,,,,,76469332124.69,81831846717.8,909587593888.48,868671670529.58
brazil,santander_brasil,2020-09-01,73548166263.04,827805677758.5299,980295584956.94,,,,,78941740935.37,73548166263.04,901353844021.57,864579760890.0499
brazil,santander_brasil,2020-12-01,70627767809.52,847532682785.16,999160953421.53,,,,,81000502826.85,70627767809.52,918160450594.68,882846566689.92
brazil,santander_brasil,2021-03-01,70726446111.36,839111774223.28,992406472925.29,,,,,82568252590.65,70726446111.36,909838220334.64,874474997278.9601
brazil,santander_brasil,2021-06-01,73674716501.94,797583385027.3499,955210519872.33,,,,,83952418343.04,73674716501.94,871258101529.2899,834420743278.3198
brazil,santander_brasil,2021-09-01,81890962870.43,817732028468.8601,983517694673.92,,,,,83894703334.6299,81890962870.43,899622991339.2902,858677509904.0751
brazil,santander_brasil,2021-12-01,93024172229.64,813714451797.34,990385558241.73,,,,,83646934214.75,93024172229.64,906738624026.98,860226537912.1599
brazil,santander_brasil,2022-03-01,105665417066.81,797872230901.4299,987895425574.3,,,,,84357777606.0601,105665417066.81,903537647968.24,850704939434.835
brazil,santander_brasil,2022-06-01,114690327631.22,812373670036.54,1012696855834.06,,,,,85632858166.3,114690327631.22,927063997667.76,869718833852.15
brazil,santander_brasil,2022-09-01,119802718854.89,826547645382.18,1034193567033.81,,,,,87843202796.74,119802718854.89,946350364237.0701,886449004809.625
brazil,santander_brasil,2022-12-01,127409086768.39,859903928020.74,1081978778574.52,,,,,94665763785.39,127409086768.39,987313014789.13,923608471404.9349
brazil,santander_brasil,2023-03-01,139765304104.95,844767727702.46,1080291410285.49,,,,,95758378478.08,139765304104.95,984533031807.41,914650379754.9349
brazil,santander_brasil,2023-06-01,149672989006.11,883669436492.07,1130735040509.97,,,,,97392615011.79,149672989006.11,1033342425498.1799,958505930995.125
brazil,santander_brasil,2023-09-01,149348434801.3,952779207815.78,1196996611039.48,,,,,94868968422.4,149348434801.3,1102127642617.08,1027453425216.43
brazil,santander_brasil,2023-12-01,149203270096.87,943605668440.6399,1188583171857.13,,,,,95774233319.62,149203270096.87,1092808938537.5099,1018207303489.075
brazil,santander_brasil,2024-03-01,151072487291.49,954521359860.5801,1202275672494.78,,,,,96681825342.71,151072487291.49,1105593847152.07,1030057603506.3251
brazil,santander_brasil,2024-06-01,150973042831.13,1029767491984.0001,1279020308105.52,,,,,98279773290.39,150973042831.13,1180740534815.1301,1105254013399.5652
brazil,santander_brasil,2024-09-01,153699314569.47,1057987927558.1599,1311147746059.94,,,,,99460503932.31,153699314569.47,1211687242127.63,1134837584842.895
brazil,santander_brasil,2024-12-01,164263961452.67,1106453687239.1401,1369785601155.34,,,,,99067952463.53,164263961452.67,1270717648691.81,1188585667965.475
brazil,santander_brasil,2025-03-01,169527098849.85,994190182979.64,1263098846891.4,,,,,99381565061.91,169527098849.85,1163717281829.49,1078953732404.5651
brazil,santander_brasil,2025-06-01,171625651763.61,982522003960.4899,1256084820584.19,,,,,101937164860.09,171625651763.61,1154147655724.0999,1068334829842.2949
brazil,santander_brasil,2025-09-01,179741498761.97,1003046840015.21,1286241579623.45,,,,,103453240846.27,179741498761.97,1182788338777.18,1092917589396.195
brazil,santander_brasil,2025-12-01,188255277728.2,993901254043.9402,1290865553019.51,,,,,108709021247.37,188255277728.2,1182156531772.1401,1088028892908.0402
brazil,santander_brasil,2026-03-01,189798697608.55,1019626460694.6101,1316473089129.82,,,,,107047930826.66,189798697608.55,1209425158303.1602,1114525809498.885
