DATES,STX
08/07/2026,9690.63
07/07/2026,9936.50
06/07/2026,9784.99
01/07/2026,9350.84
30/06/2026,9365.49
29/06/2026,9283.49
25/06/2026,9680.20
24/06/2026,9645.83
23/06/2026,9697.77
22/06/2026,9865.97
17/06/2026,9948.89
16/06/2026,9739.36
15/06/2026,9834.49
11/06/2026,9578.42
10/06/2026,9584.31
09/06/2026,9744.59
08/06/2026,9613.25
04/06/2026,9692.39
03/06/2026,9648.64
02/06/2026,9667.03
01/06/2026,9616.33
25/05/2026,9691.92
21/05/2026,9645.92
20/05/2026,9691.86
19/05/2026,9826.86
18/05/2026,9644.59
14/05/2026,9831.33
13/05/2026,9957.41
12/05/2026,10164.78
11/05/2026,10328.49
06/05/2026,10228.29
05/05/2026,10032.17
04/05/2026,9817.36
30/04/2026,9826.55
29/04/2026,9994.48
28/04/2026,9942.69
27/04/2026,10086.52
23/04/2026,10021.70
22/04/2026,9910.76
21/04/2026,10032.35
20/04/2026,10069.00
16/04/2026,9978.33
15/04/2026,9779.56
14/04/2026,9585.95
09/04/2026,9341.21
08/04/2026,9206.47
07/04/2026,8769.54
06/04/2026,9113.17
02/04/2026,8855.81
01/04/2026,8924.82
31/03/2026,8632.61
30/03/2026,8599.09
26/03/2026,8980.95
25/03/2026,9058.65
24/03/2026,8906.12
18/03/2026,9194.21
17/03/2026,8662.99
16/03/2026,8491.23
12/03/2026,8809.22
11/03/2026,8947.36
10/03/2026,9257.20
09/03/2026,8854.66
05/03/2026,9099.27
04/03/2026,8821.04
03/03/2026,8978.37
02/03/2026,9309.71
26/02/2026,9678.28
25/02/2026,9669.22
24/02/2026,9955.92
23/02/2026,10057.13
19/02/2026,9953.85
18/02/2026,10207.94
17/02/2026,10241.28
16/02/2026,10141.02
12/02/2026,9925.97
11/02/2026,9675.06
10/02/2026,9861.42
09/02/2026,9857.57
05/02/2026,9900.37
04/02/2026,9884.09
03/02/2026,9662.58
02/02/2026,9414.08
28/01/2026,9595.14
27/01/2026,9519.93
26/01/2026,9441.02
22/01/2026,9215.03
21/01/2026,9159.03
20/01/2026,9163.67
19/01/2026,9035.86
15/01/2026,8748.98
14/01/2026,8523.00
13/01/2026,8693.10
12/01/2026,8411.87
08/01/2026,7888.36
06/01/2026,7813.15
05/01/2026,7646.06
31/12/2025,7831.88
30/12/2025,7826.99
29/12/2025,7860.49
25/12/2025,7775.26
24/12/2025,7874.68
23/12/2025,7833.47
22/12/2025,7744.30
18/12/2025,7727.81
17/12/2025,7956.58
16/12/2025,8157.02
15/12/2025,8169.34
11/12/2025,8095.95
10/12/2025,8099.59
09/12/2025,8120.70
08/12/2025,8198.25
04/12/2025,8190.09
03/12/2025,8127.37
02/12/2025,7856.69
01/12/2025,7769.80
27/11/2025,7715.08
26/11/2025,7593.56
25/11/2025,7686.67
24/11/2025,7519.15
20/11/2025,7706.43
19/11/2025,7765.68
18/11/2025,7775.70
17/11/2025,7879.21
13/11/2025,7731.26
12/11/2025,7808.98
11/11/2025,7845.04
10/11/2025,7851.75
06/11/2025,7797.64
05/11/2025,7600.57
04/11/2025,7550.17
03/11/2025,7454.73
30/10/2025,7360.67
29/10/2025,7321.15
28/10/2025,7369.93
27/10/2025,7283.71
23/10/2025,7212.68
22/10/2025,7222.53
21/10/2025,7227.34
20/10/2025,7305.03
16/10/2025,7273.51
15/10/2025,7308.48
14/10/2025,7227.13
13/10/2025,7224.16
08/10/2025,7310.56
07/10/2025,7231.00
06/10/2025,7210.25
02/10/2025,7173.10
01/10/2025,7098.30
30/09/2025,7061.66
29/09/2025,7001.94
25/09/2025,6860.81
24/09/2025,6968.51
23/09/2025,6785.91
22/09/2025,6763.75
18/09/2025,6872.10
17/09/2025,6757.02
16/09/2025,6693.00
15/09/2025,6737.42
12/09/2025,6629.97
11/09/2025,6629.97
10/09/2025,6581.84
09/09/2025,6544.27
08/09/2025,6591.11
03/09/2025,6604.90
02/09/2025,6635.55
01/09/2025,6617.65
28/08/2025,6737.48
27/08/2025,6781.28
26/08/2025,6671.98
25/08/2025,6784.98
21/08/2025,6758.75
20/08/2025,6784.92
19/08/2025,6870.41
18/08/2025,6797.79
14/08/2025,6775.51
13/08/2025,6867.00
12/08/2025,6866.96
11/08/2025,6836.40
07/08/2025,6905.10
06/08/2025,6844.76
05/08/2025,6751.64
04/08/2025,6576.65
31/07/2025,6418.38
30/07/2025,6417.69
29/07/2025,6368.63
28/07/2025,6405.10
23/07/2025,6322.11
22/07/2025,6222.11
21/07/2025,6289.56
17/07/2025,6200.94
16/07/2025,6086.74
15/07/2025,6190.52
14/07/2025,6114.91
11/07/2025,5963.80
10/07/2025,5963.80
09/07/2025,5918.10
07/07/2025,5892.44
02/07/2025,5901.29
01/07/2025,5911.33
30/06/2025,5858.84
25/06/2025,5855.91
24/06/2025,5789.48
23/06/2025,5541.00
19/06/2025,5452.50
18/06/2025,5603.02
17/06/2025,5607.05
16/06/2025,5578.74
12/06/2025,5764.45
11/06/2025,5832.53
10/06/2025,5790.19
04/06/2025,5831.77
03/06/2025,5781.94
02/06/2025,5741.91
29/05/2025,5876.35
28/05/2025,5780.42
27/05/2025,5747.91
26/05/2025,5650.16
22/05/2025,5647.14
21/05/2025,5658.43
20/05/2025,5662.67
19/05/2025,5674.24
15/05/2025,5809.00
14/05/2025,5814.77
13/05/2025,5743.34
12/05/2025,5712.15
08/05/2025,5746.25
07/05/2025,5752.05
06/05/2025,5834.72
05/05/2025,5788.18
30/04/2025,5784.49
29/04/2025,5730.69
28/04/2025,5738.02
23/04/2025,5656.74
22/04/2025,5488.86
17/04/2025,5537.19
16/04/2025,5500.42
15/04/2025,5486.74
14/04/2025,5509.35
10/04/2025,5580.63
09/04/2025,5422.56
08/04/2025,5472.06
07/04/2025,5492.20
03/04/2025,5659.14
27/03/2025,5824.42
26/03/2025,5773.83
25/03/2025,5773.53
24/03/2025,5772.96
20/03/2025,5656.48
19/03/2025,5553.93
18/03/2025,5568.68
17/03/2025,5545.23
13/03/2025,5504.61
12/03/2025,5469.67
11/03/2025,5479.75
10/03/2025,5539.47
06/03/2025,5521.40
05/03/2025,5527.58
04/03/2025,5449.32
03/03/2025,5505.89
27/02/2025,5442.59
26/02/2025,5459.87
25/02/2025,5485.99
24/02/2025,5593.12
20/02/2025,5569.84
19/02/2025,5601.99
18/02/2025,5560.72
17/02/2025,5578.30
13/02/2025,5519.74
12/02/2025,5462.30
11/02/2025,5430.89
10/02/2025,5430.41
06/02/2025,5502.25
05/02/2025,5425.84
04/02/2025,5378.59
03/02/2025,5411.13
30/01/2025,5425.15
29/01/2025,5403.34
28/01/2025,5383.74
27/01/2025,5407.85
23/01/2025,5425.33
22/01/2025,5389.36
21/01/2025,5400.66
20/01/2025,5352.89
16/01/2025,5393.32
15/01/2025,5365.46
14/01/2025,5288.21
13/01/2025,5161.33
09/01/2025,5400.80
08/01/2025,5499.07
06/01/2025,5512.54
02/01/2025,5577.50
31/12/2024,5568.92
30/12/2024,5516.17
26/12/2024,5684.37
25/12/2024,5727.65
24/12/2024,5717.83
23/12/2024,5773.19
19/12/2024,5825.41
18/12/2024,5804.65
17/12/2024,5765.62
16/12/2024,5847.55
12/12/2024,5807.46
11/12/2024,5765.82
10/12/2024,5673.81
09/12/2024,5758.76
05/12/2024,5743.91
04/12/2024,5783.27
03/12/2024,5788.40
02/12/2024,5727.18
28/11/2024,5675.21
27/11/2024,5532.41
26/11/2024,5630.94
25/11/2024,5585.99
21/11/2024,5620.24
20/11/2024,5632.62
19/11/2024,5644.56
18/11/2024,5690.66
14/11/2024,5793.15
13/11/2024,5785.08
12/11/2024,5779.11
11/11/2024,5801.45
07/11/2024,5733.99
06/11/2024,5703.40
05/11/2024,5681.35
04/11/2024,5627.75
31/10/2024,5632.34
30/10/2024,5614.98
29/10/2024,5657.82
28/10/2024,5695.92
24/10/2024,5597.73
23/10/2024,5563.57
22/10/2024,5593.72
21/10/2024,5625.29
17/10/2024,5562.74
16/10/2024,5646.41
15/10/2024,5670.54
14/10/2024,5644.33
10/10/2024,5670.13
09/10/2024,5759.23
08/10/2024,5771.30
07/10/2024,5902.48
03/10/2024,5902.72
02/10/2024,5887.01
01/10/2024,5967.24
30/09/2024,5890.71
26/09/2024,5889.34
25/09/2024,5879.46
24/09/2024,5837.34
23/09/2024,5862.79
19/09/2024,5936.63
18/09/2024,5805.02
17/09/2024,5796.50
16/09/2024,5812.09
12/09/2024,5867.82
11/09/2024,5803.15
10/09/2024,5797.19
09/09/2024,5811.92
05/09/2024,5943.84
04/09/2024,5918.78
03/09/2024,5920.68
02/09/2024,5873.71
29/08/2024,5917.30
28/08/2024,5918.71
27/08/2024,5868.28
26/08/2024,5831.96
22/08/2024,5900.98
21/08/2024,5775.58
20/08/2024,5744.18
19/08/2024,5615.24
15/08/2024,5699.45
14/08/2024,5660.38
13/08/2024,5652.23
12/08/2024,5745.98
08/08/2024,5546.90
07/08/2024,5539.92
06/08/2024,5480.00
05/08/2024,5428.83
01/08/2024,5612.49
31/07/2024,5599.17
30/07/2024,5534.58
29/07/2024,5504.33
24/07/2024,5548.87
23/07/2024,5519.42
22/07/2024,5488.39
18/07/2024,5365.79
17/07/2024,5335.16
16/07/2024,5263.76
15/07/2024,5314.81
10/07/2024,5378.75
09/07/2024,5378.24
08/07/2024,5412.97
04/07/2024,5408.07
03/07/2024,5287.60
02/07/2024,5226.10
01/07/2024,5246.84
27/06/2024,5217.27
26/06/2024,5143.46
25/06/2024,5097.83
24/06/2024,5039.41
13/06/2024,4980.67
12/06/2024,4986.87
11/06/2024,4964.98
10/06/2024,4950.60
06/06/2024,5088.18
05/06/2024,5107.43
04/06/2024,5149.86
03/06/2024,5160.66
30/05/2024,5267.81
29/05/2024,5145.22
28/05/2024,5161.52
27/05/2024,5145.97
23/05/2024,5101.62
22/05/2024,5089.73
21/05/2024,5062.03
20/05/2024,5057.34
16/05/2024,5003.37
15/05/2024,4938.14
14/05/2024,4944.14
13/05/2024,4909.92
09/05/2024,4903.32
08/05/2024,4880.94
07/05/2024,5143.29
02/05/2024,4935.69
01/05/2024,4871.68
30/04/2024,4780.43
29/04/2024,5020.67
26/04/2024,5007.72
24/04/2024,5007.72
23/04/2024,5197.72
22/04/2024,5425.72
19/04/2024,5366.21
18/04/2024,5366.21
17/04/2024,5510.32
16/04/2024,5494.57
15/04/2024,5521.38
12/04/2024,5380.84
11/04/2024,5380.84
10/04/2024,5380.84
09/04/2024,5380.84
08/04/2024,5380.84
05/04/2024,5452.25
04/04/2024,5452.25
03/04/2024,5371.20
02/04/2024,5384.54
01/04/2024,5499.01
28/03/2024,5400.40
27/03/2024,5551.37
26/03/2024,5653.72
25/03/2024,5722.96
21/03/2024,5676.97
20/03/2024,5680.55
19/03/2024,5679.67
18/03/2024,5873.15
14/03/2024,6069.21
13/03/2024,5936.88
12/03/2024,6374.45
11/03/2024,6579.92
07/03/2024,5833.87
06/03/2024,5422.85
05/03/2024,5413.91
04/03/2024,5321.74
29/02/2024,5249.83
28/02/2024,5251.73
27/02/2024,5307.20
26/02/2024,5302.37
23/02/2024,5666.37
22/02/2024,5666.37
21/02/2024,5614.35
20/02/2024,5631.36
19/02/2024,5705.94
16/02/2024,5618.38
15/02/2024,5618.38
14/02/2024,5666.97
13/02/2024,5598.87
12/02/2024,5702.98
08/02/2024,5578.52
07/02/2024,5393.91
06/02/2024,5183.75
05/02/2024,5417.78
01/02/2024,5816.30
31/01/2024,5998.92
30/01/2024,6159.65
29/01/2024,5828.66
24/01/2024,5344.37
23/01/2024,5411.30
22/01/2024,5450.48
18/01/2024,5287.97
17/01/2024,5288.67
16/01/2024,5369.09
15/01/2024,5270.87
12/01/2024,5112.20
11/01/2024,5112.20
10/01/2024,5094.56
09/01/2024,5186.87
08/01/2024,5171.93
05/01/2024,5182.82
04/01/2024,5182.82
03/01/2024,5137.20
02/01/2024,5195.03
29/12/2023,5013.75
28/12/2023,5013.75
27/12/2023,4927.05
26/12/2023,4872.19
25/12/2023,4953.31
22/12/2023,4949.92
21/12/2023,4949.92
20/12/2023,5068.30
19/12/2023,5155.19
18/12/2023,5277.10
14/12/2023,5157.83
13/12/2023,5197.91
12/12/2023,5164.56
11/12/2023,5221.84
08/12/2023,5218.03
07/12/2023,5218.03
06/12/2023,5210.22
05/12/2023,5267.10
04/12/2023,5293.79
01/12/2023,5237.45
30/11/2023,5237.45
29/11/2023,5294.48
28/11/2023,5400.82
27/11/2023,5656.58
23/11/2023,5385.90
22/11/2023,5167.74
21/11/2023,5122.54
20/11/2023,5171.15
16/11/2023,4979.95
15/11/2023,4927.36
14/11/2023,4850.53
13/11/2023,4937.70
09/11/2023,5017.75
08/11/2023,4861.08
07/11/2023,4617.35
06/11/2023,4467.01
03/11/2023,4351.53
02/11/2023,4351.53
01/11/2023,4292.64
31/10/2023,4277.97
30/10/2023,4352.32
27/10/2023,4208.54
26/10/2023,4208.54
25/10/2023,4108.64
24/10/2023,4064.69
23/10/2023,4147.87
19/10/2023,4173.75
18/10/2023,4250.67
17/10/2023,4234.86
16/10/2023,4129.17
12/10/2023,4174.23
11/10/2023,4150.36
10/10/2023,4213.29
09/10/2023,4198.83
06/10/2023,4257.09
05/10/2023,4257.09
04/10/2023,4257.09
03/10/2023,4257.04
02/10/2023,4232.40
29/09/2023,4168.11
27/09/2023,4168.11
26/09/2023,4202.98
25/09/2023,4184.22
22/09/2023,4190.66
21/09/2023,4190.66
20/09/2023,4139.75
19/09/2023,4187.99
18/09/2023,4147.89
15/09/2023,4129.56
14/09/2023,4129.56
13/09/2023,4079.20
12/09/2023,4035.99
11/09/2023,4067.20
08/09/2023,4128.11
07/09/2023,4128.11
06/09/2023,4110.21
05/09/2023,4010.89
04/09/2023,3931.07
31/08/2023,3941.43
30/08/2023,3884.97
29/08/2023,3777.63
28/08/2023,3805.04
25/08/2023,3666.31
24/08/2023,3666.31
23/08/2023,3682.40
22/08/2023,3684.06
21/08/2023,3614.90
17/08/2023,3643.38
16/08/2023,3650.17
15/08/2023,3612.56
14/08/2023,3588.34
10/08/2023,3554.59
09/08/2023,3546.89
08/08/2023,3539.17
07/08/2023,3549.05
04/08/2023,3545.59
03/08/2023,3545.59
02/08/2023,3566.17
01/08/2023,3544.65
31/07/2023,3556.47
27/07/2023,3551.63
26/07/2023,3540.58
25/07/2023,3573.69
24/07/2023,3572.23
19/07/2023,3542.09
18/07/2023,3529.86
17/07/2023,3522.25
13/07/2023,3494.20
12/07/2023,3452.26
11/07/2023,3435.90
10/07/2023,3408.99
06/07/2023,3416.92
05/07/2023,3492.61
04/07/2023,3540.14
30/06/2023,3614.39
29/06/2023,3614.39
28/06/2023,3614.39
27/06/2023,3614.39
26/06/2023,3614.39
22/06/2023,3630.15
21/06/2023,3647.85
20/06/2023,3679.99
19/06/2023,3692.06
15/06/2023,3712.65
14/06/2023,3681.65
13/06/2023,3638.17
12/06/2023,3641.66
08/06/2023,3683.24
07/06/2023,3648.97
06/06/2023,3655.22
05/06/2023,3617.16
01/06/2023,3657.67
31/05/2023,3637.35
30/05/2023,3651.47
29/05/2023,3588.97
26/05/2023,3599.38
25/05/2023,3599.38
24/05/2023,3620.28
23/05/2023,3563.92
22/05/2023,3558.82
18/05/2023,3500.53
17/05/2023,3562.92
16/05/2023,3549.17
15/05/2023,3549.11
12/05/2023,3554.63
11/05/2023,3554.63
10/05/2023,3597.87
09/05/2023,3572.48
08/05/2023,3632.17
04/05/2023,3624.29
03/05/2023,3624.29
02/05/2023,3609.30
01/05/2023,3620.85
27/04/2023,3649.06
26/04/2023,3577.38
25/04/2023,3640.22
21/04/2023,3640.22
20/04/2023,3640.22
19/04/2023,3640.22
18/04/2023,3695.64
17/04/2023,3897.67
14/04/2023,3897.67
13/04/2023,3897.67
12/04/2023,3488.73
11/04/2023,3540.77
10/04/2023,3499.28
06/04/2023,3511.63
05/04/2023,3619.90
04/04/2023,3579.15
03/04/2023,3593.40
31/03/2023,3494.27
30/03/2023,3494.27
29/03/2023,3433.70
28/03/2023,3351.50
27/03/2023,3451.41
23/03/2023,3413.82
22/03/2023,3350.78
21/03/2023,3324.90
20/03/2023,3255.91
17/03/2023,3220.50
16/03/2023,3220.50
15/03/2023,3262.69
14/03/2023,3320.82
13/03/2023,3376.98
10/03/2023,3602.76
09/03/2023,3602.76
08/03/2023,3592.63
07/03/2023,3581.80
06/03/2023,3665.70
02/03/2023,3658.57
01/03/2023,3759.64
28/02/2023,3698.06
27/02/2023,3753.54
23/02/2023,3761.44
22/02/2023,3680.19
21/02/2023,3720.89
20/02/2023,3671.39
16/02/2023,3802.09
15/02/2023,3841.09
14/02/2023,3853.20
13/02/2023,3833.41
09/02/2023,3996.67
08/02/2023,3777.96
07/02/2023,3727.93
06/02/2023,3627.02
02/02/2023,3505.47
01/02/2023,3484.27
31/01/2023,3456.97
30/01/2023,3630.58
25/01/2023,3500.39
24/01/2023,3390.91
23/01/2023,3251.86
19/01/2023,3209.77
18/01/2023,3152.09
17/01/2023,3082.15
16/01/2023,3002.66
12/01/2023,2963.44
11/01/2023,2965.02
10/01/2023,3057.74
09/01/2023,3259.95
05/01/2023,3208.70
04/01/2023,3091.18
03/01/2023,2986.78
02/01/2023,2989.55
29/12/2022,2913.92
28/12/2022,2896.29
27/12/2022,2899.62
26/12/2022,2942.21
22/12/2022,2940.66
21/12/2022,2938.76
20/12/2022,2897.28
19/12/2022,2990.70
15/12/2022,3159.59
14/12/2022,3230.94
13/12/2022,3136.92
12/12/2022,3120.22
08/12/2022,3143.40
07/12/2022,3150.11
06/12/2022,3063.33
05/12/2022,3007.00
01/12/2022,2856.74
30/11/2022,2757.47
29/11/2022,2753.97
28/11/2022,2665.03
24/11/2022,2638.64
23/11/2022,2590.57
22/11/2022,2644.91
21/11/2022,2602.74
17/11/2022,2618.06
16/11/2022,2530.81
15/11/2022,2504.16
14/11/2022,2510.08
10/11/2022,2423.09
09/11/2022,2529.04
08/11/2022,2279.91
07/11/2022,2319.50
03/11/2022,2253.19
02/11/2022,2230.57
01/11/2022,2280.02
31/10/2022,2282.45
27/10/2022,2244.99
26/10/2022,2081.76
25/10/2022,2078.44
24/10/2022,2000.80
20/10/2022,1956.18
19/10/2022,1935.06
18/10/2022,1930.39
17/10/2022,1915.10
13/10/2022,1865.22
12/10/2022,1853.69
11/10/2022,1849.21
10/10/2022,1854.91
05/10/2022,1873.09
04/10/2022,1840.54
03/10/2022,1781.50
29/09/2022,1812.88
28/09/2022,1779.45
27/09/2022,1793.96
26/09/2022,1811.88
22/09/2022,1875.81
21/09/2022,1876.37
20/09/2022,1865.82
19/09/2022,1833.59
15/09/2022,1864.69
14/09/2022,1887.74
13/09/2022,1908.79
12/09/2022,1913.25
08/09/2022,1862.85
07/09/2022,1862.03
06/09/2022,1869.10
05/09/2022,1854.73
01/09/2022,1837.35
31/08/2022,1834.80
30/08/2022,1892.99
29/08/2022,1901.75
25/08/2022,1936.52
24/08/2022,1917.94
23/08/2022,1914.91
22/08/2022,1920.52
18/08/2022,1878.07
17/08/2022,1875.46
16/08/2022,1817.19
15/08/2022,1830.87
11/08/2022,1857.43
10/08/2022,1861.52
09/08/2022,1844.75
08/08/2022,1867.25
04/08/2022,1828.90
03/08/2022,1800.72
02/08/2022,1785.47
01/08/2022,1811.34
28/07/2022,1805.31
27/07/2022,1789.51
26/07/2022,1795.20
25/07/2022,1769.17
21/07/2022,1798.62
20/07/2022,1762.18
19/07/2022,1764.72
18/07/2022,1717.92
08/07/2022,1699.78
07/07/2022,1699.78
06/07/2022,1669.97
05/07/2022,1658.29
04/07/2022,1659.73
29/06/2022,1767.17
28/06/2022,1771.97
27/06/2022,1775.75
23/06/2022,1769.77
22/06/2022,1819.52
21/06/2022,1836.64
20/06/2022,1828.46
17/06/2022,1856.34
16/06/2022,1856.34
15/06/2022,1883.86
14/06/2022,1896.47
13/06/2022,1901.36
09/06/2022,1944.99
08/06/2022,1937.03
07/06/2022,1894.50
06/06/2022,1885.19
02/06/2022,1901.57
01/06/2022,1940.80
31/05/2022,1949.96
30/05/2022,1941.85
26/05/2022,1968.73
25/05/2022,1960.16
24/05/2022,1999.13
23/05/2022,2005.65
19/05/2022,1999.74
18/05/2022,1954.27
17/05/2022,1932.35
16/05/2022,1958.05
12/05/2022,2005.89
11/05/2022,2032.09
10/05/2022,2051.80
09/05/2022,2055.06
28/04/2022,2106.27
27/04/2022,2045.17
26/04/2022,2046.99
21/04/2022,2008.81
20/04/2022,2006.91
19/04/2022,2076.79
18/04/2022,2122.02
14/04/2022,2085.55
13/04/2022,2071.48
12/04/2022,2094.97
11/04/2022,2063.99
07/04/2022,2154.33
06/04/2022,2210.78
05/04/2022,2216.73
04/04/2022,2272.15
31/03/2022,2206.66
30/03/2022,2201.13
29/03/2022,2255.13
28/03/2022,2234.53
24/03/2022,2318.82
23/03/2022,2324.28
22/03/2022,2323.94
21/03/2022,2260.66
17/03/2022,2066.99
16/03/2022,2039.40
15/03/2022,1989.81
14/03/2022,1990.84
10/03/2022,1970.49
09/03/2022,1968.44
08/03/2022,1957.19
07/03/2022,2046.93
03/03/2022,2245.03
02/03/2022,2223.86
01/03/2022,2257.97
28/02/2022,2239.68
24/02/2022,2189.27
23/02/2022,2304.66
22/02/2022,2313.96
21/02/2022,2367.83
17/02/2022,2350.54
16/02/2022,2369.96
15/02/2022,2369.72
14/02/2022,2320.53
10/02/2022,2351.60
09/02/2022,2345.08
08/02/2022,2346.78
07/02/2022,2357.10
03/02/2022,2390.80
02/02/2022,2402.31
01/02/2022,2396.67
31/01/2022,2369.23
26/01/2022,2394.06
25/01/2022,2408.82
24/01/2022,2441.16
20/01/2022,2441.20
19/01/2022,2426.21
18/01/2022,2468.51
17/01/2022,2478.95
13/01/2022,2506.01
12/01/2022,2503.98
11/01/2022,2476.27
10/01/2022,2476.55
05/01/2022,2474.12
04/01/2022,2465.53
03/01/2022,2469.94
31/12/2021,2476.50
30/12/2021,2476.50
29/12/2021,2469.88
28/12/2021,2474.09
27/12/2021,2461.46
23/12/2021,2423.97
22/12/2021,2387.29
21/12/2021,2371.19
20/12/2021,2367.86
16/12/2021,2396.39
15/12/2021,2422.50
14/12/2021,2442.87
13/12/2021,2459.49
09/12/2021,2398.16
08/12/2021,2414.42
07/12/2021,2442.16
06/12/2021,2414.74
02/12/2021,2404.02
01/12/2021,2430.59
30/11/2021,2427.63
29/11/2021,2385.89
25/11/2021,2441.64
24/11/2021,2452.49
23/11/2021,2468.85
22/11/2021,2484.10
18/11/2021,2463.96
17/11/2021,2505.60
16/11/2021,2499.18
15/11/2021,2500.47
11/11/2021,2514.56
10/11/2021,2515.91
09/11/2021,2547.13
08/11/2021,2490.79
04/11/2021,2546.07
03/11/2021,2557.54
02/11/2021,2531.43
01/11/2021,2496.79
28/10/2021,2446.58
27/10/2021,2408.33
26/10/2021,2348.46
25/10/2021,2337.14
20/10/2021,2318.47
19/10/2021,2336.22
18/10/2021,2361.57
14/10/2021,2285.16
13/10/2021,2250.61
12/10/2021,2224.92
11/10/2021,2207.52
06/10/2021,2148.98
05/10/2021,2102.10
04/10/2021,2111.62
30/09/2021,2125.56
29/09/2021,2104.17
28/09/2021,2130.89
27/09/2021,2138.05
23/09/2021,2161.37
22/09/2021,2156.84
21/09/2021,2159.75
20/09/2021,2185.99
16/09/2021,2222.07
15/09/2021,2272.04
14/09/2021,2291.02
13/09/2021,2293.16
10/09/2021,2292.80
09/09/2021,2292.80
08/09/2021,2307.09
07/09/2021,2299.25
06/09/2021,2303.11
02/09/2021,2327.29
01/09/2021,2333.33
31/08/2021,2301.05
30/08/2021,2304.59
26/08/2021,2307.97
25/08/2021,2310.81
24/08/2021,2290.72
23/08/2021,2276.68
19/08/2021,2243.31
18/08/2021,2268.69
17/08/2021,2267.96
16/08/2021,2312.03
11/08/2021,2247.54
10/08/2021,2230.82
09/08/2021,2205.56
05/08/2021,2179.14
04/08/2021,2183.02
03/08/2021,2188.68
02/08/2021,2201.08
29/07/2021,2180.29
28/07/2021,2182.01
27/07/2021,2188.83
26/07/2021,2182.52
15/07/2021,2164.16
14/07/2021,2169.82
13/07/2021,2124.49
12/07/2021,2073.59
08/07/2021,2065.87
07/07/2021,2074.41
06/07/2021,2035.82
05/07/2021,2058.90
30/06/2021,2035.69
29/06/2021,1992.93
28/06/2021,2023.61
24/06/2021,2029.30
23/06/2021,2023.16
22/06/2021,2012.93
21/06/2021,1999.42
17/06/2021,1955.72
16/06/2021,1970.73
15/06/2021,1978.07
14/06/2021,1979.52
10/06/2021,1961.22
09/06/2021,1986.90
08/06/2021,1976.32
07/06/2021,2025.76
03/06/2021,2062.65
02/06/2021,2083.08
01/06/2021,2113.27
31/05/2021,2117.46
27/05/2021,2112.69
26/05/2021,2176.14
25/05/2021,2238.57
24/05/2021,2281.85
20/05/2021,2234.06
19/05/2021,2242.89
18/05/2021,2250.27
17/05/2021,2248.88
11/05/2021,2328.38
10/05/2021,2333.34
06/05/2021,2305.86
05/05/2021,2286.98
04/05/2021,2263.84
28/04/2021,2256.06
27/04/2021,2298.94
26/04/2021,2270.78
22/04/2021,2261.43
21/04/2021,2286.22
20/04/2021,2274.93
19/04/2021,2218.63
15/04/2021,2126.06
14/04/2021,2090.59
13/04/2021,2125.47
12/04/2021,2174.67
08/04/2021,2178.09
07/04/2021,2172.84
06/04/2021,2167.14
05/04/2021,2161.93
01/04/2021,2233.61
31/03/2021,2252.44
30/03/2021,2293.46
29/03/2021,2302.03
25/03/2021,2379.21
24/03/2021,2323.35
23/03/2021,2277.68
22/03/2021,2298.92
18/03/2021,2360.18
17/03/2021,2387.87
16/03/2021,2414.26
15/03/2021,2415.83
11/03/2021,2419.73
10/03/2021,2421.09
09/03/2021,2450.64
08/03/2021,2467.02
04/03/2021,2427.40
03/03/2021,2461.64
02/03/2021,2456.02
01/03/2021,2464.30
25/02/2021,2485.26
24/02/2021,2446.84
23/02/2021,2425.62
22/02/2021,2447.45
18/02/2021,2393.77
17/02/2021,2416.09
16/02/2021,2443.80
15/02/2021,2440.16
11/02/2021,2449.61
10/02/2021,2455.33
09/02/2021,2445.97
08/02/2021,2470.80
04/02/2021,2523.20
03/02/2021,2527.07
02/02/2021,2523.72
01/02/2021,2505.32
27/01/2021,2523.67
26/01/2021,2507.43
25/01/2021,2503.49
21/01/2021,2558.98
20/01/2021,2543.23
19/01/2021,2517.06
18/01/2021,2506.99
14/01/2021,2512.28
13/01/2021,2488.66
12/01/2021,2482.52
11/01/2021,2447.75
06/01/2021,2354.94
05/01/2021,2340.15
04/01/2021,2335.15
31/12/2020,2347.93
30/12/2020,2347.47
29/12/2020,2330.24
28/12/2020,2320.32
24/12/2020,2344.68
23/12/2020,2345.38
22/12/2020,2347.28
21/12/2020,2351.10
17/12/2020,2393.53
16/12/2020,2438.00
15/12/2020,2444.63
14/12/2020,2447.74
10/12/2020,2439.14
09/12/2020,2428.76
08/12/2020,2420.02
07/12/2020,2416.54
03/12/2020,2416.03
02/12/2020,2419.26
01/12/2020,2416.28
30/11/2020,2379.87
26/11/2020,2397.80
25/11/2020,2416.07
24/11/2020,2384.91
23/11/2020,2364.38
19/11/2020,2387.07
18/11/2020,2412.93
17/11/2020,2421.53
16/11/2020,2426.17
12/11/2020,2452.23
11/11/2020,2455.31
10/11/2020,2488.06
09/11/2020,2443.26
05/11/2020,2409.01
04/11/2020,2385.07
03/11/2020,2379.44
02/11/2020,2349.15
28/10/2020,2340.61
27/10/2020,2331.96
26/10/2020,2322.67
22/10/2020,2516.54
21/10/2020,2521.80
20/10/2020,2531.50
19/10/2020,2532.25
15/10/2020,2568.99
14/10/2020,2564.35
13/10/2020,2558.85
12/10/2020,2571.60
07/10/2020,2576.12
06/10/2020,2534.39
05/10/2020,2508.78
01/10/2020,2510.81
30/09/2020,2507.66
29/09/2020,2512.24
28/09/2020,2514.54
24/09/2020,2514.82
23/09/2020,2516.65
22/09/2020,2519.51
21/09/2020,2508.49
17/09/2020,2533.42
16/09/2020,2558.62
15/09/2020,2544.57
14/09/2020,2535.72
10/09/2020,2546.94
09/09/2020,2523.91
08/09/2020,2517.10
07/09/2020,2533.63
03/09/2020,2525.02
02/09/2020,2527.79
01/09/2020,2535.31
31/08/2020,2566.41
27/08/2020,2605.12
26/08/2020,2600.89
25/08/2020,2602.93
24/08/2020,2578.04
19/08/2020,2512.02
18/08/2020,2493.92
17/08/2020,2504.71
13/08/2020,2450.97
12/08/2020,2435.14
11/08/2020,2433.87
10/08/2020,2448.07
06/08/2020,2424.07
05/08/2020,2383.39
04/08/2020,2364.00
29/07/2020,2385.69
28/07/2020,2387.30
27/07/2020,2392.36
22/07/2020,2383.43
21/07/2020,2422.33
20/07/2020,2364.61
16/07/2020,2384.71
15/07/2020,2433.07
14/07/2020,2479.38
13/07/2020,2500.59
09/07/2020,2507.61
08/07/2020,2534.02
07/07/2020,2515.34
06/07/2020,2529.30
03/07/2020,2455.70
30/06/2020,2455.70
29/06/2020,2466.61
25/06/2020,2525.89
24/06/2020,2573.42
23/06/2020,2522.28
22/06/2020,2533.48
19/06/2020,2577.75
18/06/2020,2577.75
17/06/2020,2590.70
16/06/2020,2596.22
15/06/2020,2521.21
11/06/2020,2567.65
10/06/2020,2581.70
09/06/2020,2632.87
08/06/2020,2647.03
04/06/2020,2509.81
03/06/2020,2444.36
02/06/2020,2420.53
01/06/2020,2397.52
25/05/2020,2398.31
21/05/2020,2398.31
20/05/2020,2446.13
19/05/2020,2476.80
18/05/2020,2457.01
15/05/2020,2454.40
14/05/2020,2454.40
13/05/2020,2471.35
12/05/2020,2521.09
11/05/2020,2463.30
08/05/2020,2420.64
07/05/2020,2420.64
06/05/2020,2414.48
05/05/2020,2394.59
04/05/2020,2371.33
30/04/2020,2463.64
29/04/2020,2455.19
28/04/2020,2392.32
27/04/2020,2410.30
23/04/2020,2372.07
22/04/2020,2293.43
21/04/2020,2323.44
16/04/2020,2405.72
15/04/2020,2482.63
14/04/2020,2520.51
13/04/2020,2512.60
09/04/2020,2527.05
08/04/2020,2425.99
07/04/2020,2345.18
06/04/2020,2237.91
02/04/2020,2243.77
01/04/2020,2245.61
31/03/2020,2283.23
30/03/2020,2287.13
26/03/2020,2400.65
25/03/2020,2402.52
24/03/2020,2392.88
23/03/2020,2472.44
19/03/2020,2287.43
18/03/2020,2140.64
17/03/2020,2241.21
16/03/2020,2233.64
11/03/2020,2669.20
10/03/2020,2665.33
09/03/2020,2587.92
05/03/2020,2921.11
04/03/2020,2882.35
03/03/2020,2957.19
02/03/2020,2945.31
27/02/2020,3117.57
26/02/2020,3154.67
25/02/2020,3180.36
24/02/2020,3221.55
20/02/2020,3267.02
19/02/2020,3261.69
18/02/2020,3235.00
17/02/2020,3262.68
13/02/2020,3252.13
12/02/2020,3242.71
11/02/2020,3285.76
10/02/2020,3279.10
06/02/2020,3312.20
05/02/2020,3283.64
04/02/2020,3268.74
03/02/2020,3256.51
30/01/2020,3244.88
29/01/2020,3224.66
28/01/2020,3213.37
27/01/2020,3217.25
23/01/2020,3226.59
22/01/2020,3253.42
21/01/2020,3222.64
20/01/2020,3252.92
16/01/2020,3221.65
15/01/2020,3207.84
14/01/2020,3197.92
13/01/2020,3175.89
09/01/2020,3195.70
08/01/2020,3170.76
06/01/2020,3100.62
02/01/2020,3186.98
31/12/2019,3194.52
30/12/2019,3179.30
26/12/2019,3174.91
25/12/2019,3124.83
24/12/2019,3160.02
23/12/2019,3174.95
19/12/2019,3133.97
18/12/2019,3101.33
17/12/2019,3057.32
16/12/2019,3013.52
12/12/2019,3010.67
11/12/2019,3016.97
10/12/2019,3017.76
09/12/2019,2996.36
05/12/2019,3029.43
04/12/2019,3028.67
03/12/2019,3008.53
02/12/2019,3032.90
28/11/2019,3055.68
27/11/2019,3022.30
26/11/2019,3021.76
25/11/2019,3051.43
21/11/2019,3082.46
20/11/2019,3135.84
19/11/2019,3162.81
18/11/2019,3175.30
14/11/2019,3190.25
13/11/2019,3204.66
12/11/2019,3223.19
11/11/2019,3251.50
07/11/2019,3261.90
06/11/2019,3255.22
05/11/2019,3268.21
04/11/2019,3199.38
31/10/2019,3175.05
30/10/2019,3157.04
29/10/2019,3163.39
28/10/2019,3124.48
24/10/2019,3111.72
23/10/2019,3104.51
22/10/2019,3110.74
21/10/2019,3096.14
17/10/2019,3087.53
16/10/2019,3115.14
15/10/2019,3091.62
14/10/2019,3106.70
10/10/2019,3134.19
09/10/2019,3101.42
08/10/2019,3138.48
07/10/2019,3148.41
03/10/2019,3105.70
02/10/2019,3143.33
01/10/2019,3151.84
30/09/2019,3082.50
26/09/2019,3046.01
25/09/2019,2970.21
24/09/2019,2865.15
23/09/2019,3021.22
19/09/2019,3192.27
18/09/2019,3218.92
17/09/2019,3201.06
16/09/2019,3230.04
12/09/2019,3241.29
11/09/2019,3203.97
10/09/2019,3187.04
09/09/2019,3194.82
05/09/2019,3198.36
04/09/2019,3164.03
03/09/2019,3202.42
02/09/2019,3230.67
29/08/2019,3145.23
28/08/2019,3078.06
27/08/2019,2983.51
26/08/2019,2993.70
22/08/2019,2983.89
21/08/2019,2993.00
20/08/2019,3014.75
19/08/2019,3007.52
15/08/2019,2996.67
14/08/2019,3058.83
08/08/2019,2983.81
07/08/2019,2935.97
06/08/2019,2903.21
05/08/2019,2907.40
01/08/2019,2891.78
31/07/2019,2865.24
30/07/2019,2833.02
29/07/2019,2832.82
25/07/2019,2861.68
24/07/2019,2879.13
22/07/2019,2886.48
18/07/2019,2871.70
17/07/2019,2868.27
16/07/2019,2883.15
15/07/2019,2853.09
11/07/2019,2897.14
10/07/2019,2942.88
09/07/2019,2951.04
08/07/2019,2939.58
04/07/2019,2924.04
03/07/2019,2932.87
02/07/2019,2935.48
27/06/2019,2944.64
26/06/2019,2945.77
25/06/2019,2928.83
24/06/2019,2927.77
20/06/2019,2950.91
19/06/2019,2975.68
18/06/2019,2992.57
17/06/2019,2985.55
13/06/2019,2957.40
12/06/2019,2958.67
11/06/2019,2963.75
10/06/2019,2918.15
03/06/2019,2882.17
30/05/2019,2872.36
29/05/2019,2884.70
28/05/2019,2877.04
27/05/2019,2881.13
23/05/2019,2834.18
22/05/2019,2821.34
21/05/2019,2840.79
20/05/2019,2791.80
16/05/2019,2846.48
15/05/2019,2877.32
14/05/2019,2912.81
13/05/2019,2878.86
09/05/2019,2947.06
08/05/2019,2976.90
07/05/2019,3015.82
06/05/2019,2934.79
02/05/2019,3086.75
30/04/2019,3109.09
24/04/2019,3053.95
23/04/2019,3015.03
22/04/2019,3020.50
18/04/2019,3012.62
17/04/2019,3020.94
16/04/2019,3050.79
15/04/2019,3055.56
11/04/2019,3064.52
10/04/2019,3042.74
09/04/2019,3032.43
08/04/2019,3021.59
04/04/2019,3043.68
03/04/2019,3039.22
02/04/2019,3031.73
01/04/2019,2950.50
28/03/2019,2847.46
27/03/2019,2817.55
26/03/2019,2843.01
25/03/2019,2857.05
21/03/2019,2863.46
20/03/2019,2880.02
19/03/2019,2845.12
18/03/2019,2892.73
14/03/2019,2919.49
13/03/2019,2961.08
12/03/2019,2971.89
11/03/2019,2969.28
07/03/2019,2928.80
06/03/2019,2857.56
05/03/2019,2884.54
04/03/2019,2935.40
28/02/2019,2909.74
27/02/2019,2917.63
26/02/2019,2948.67
25/02/2019,2983.95
21/02/2019,3056.58
20/02/2019,3065.12
19/02/2019,3051.15
18/02/2019,3076.07
14/02/2019,3042.59
13/02/2019,3018.01
12/02/2019,3001.96
11/02/2019,2964.34
07/02/2019,2961.30
06/02/2019,2964.72
05/02/2019,2948.11
04/02/2019,2876.97
31/01/2019,2802.88
30/01/2019,2806.27
29/01/2019,2814.79
28/01/2019,2825.53
23/01/2019,2763.39
22/01/2019,2712.56
21/01/2019,2745.16
17/01/2019,2708.92
16/01/2019,2690.79
15/01/2019,2647.15
14/01/2019,2611.07
10/01/2019,2586.16
09/01/2019,2592.09
08/01/2019,2625.36
03/01/2019,2629.11
02/01/2019,2619.32
31/12/2018,2567.85
27/12/2018,2533.81
26/12/2018,2494.03
25/12/2018,2467.58
24/12/2018,2503.11
20/12/2018,2590.82
19/12/2018,2552.24
18/12/2018,2554.02
17/12/2018,2575.21
13/12/2018,2527.40
12/12/2018,2516.66
11/12/2018,2473.23
10/12/2018,2437.98
06/12/2018,2402.62
05/12/2018,2459.71
04/12/2018,2447.57
03/12/2018,2519.16
29/11/2018,2593.55
28/11/2018,2573.45
27/11/2018,2559.60
26/11/2018,2527.88
22/11/2018,2716.04
21/11/2018,2744.06
19/11/2018,2803.36
15/11/2018,2765.70
14/11/2018,2718.43
13/11/2018,2719.41
12/11/2018,2729.65
08/11/2018,2748.66
07/11/2018,2708.22
06/11/2018,2688.11
05/11/2018,2670.79
01/11/2018,2662.25
31/10/2018,2669.73
30/10/2018,2629.43
29/10/2018,2611.83
25/10/2018,2638.64
24/10/2018,2666.04
23/10/2018,2732.73
22/10/2018,2716.29
18/10/2018,2678.57
17/10/2018,2728.88
16/10/2018,2696.27
15/10/2018,2659.82
11/10/2018,2613.89
10/10/2018,2672.68
09/10/2018,2657.11
08/10/2018,2656.77
04/10/2018,2728.42
03/10/2018,2758.43
02/10/2018,2788.73
01/10/2018,2822.17
27/09/2018,2855.89
26/09/2018,2815.48
25/09/2018,2762.37
24/09/2018,2722.73
20/09/2018,2737.33
19/09/2018,2739.60
18/09/2018,2818.37
17/09/2018,2799.80
13/09/2018,2910.42
12/09/2018,2947.95
10/09/2018,2981.41
06/09/2018,2990.90
05/09/2018,2983.65
04/09/2018,3015.42
03/09/2018,3013.27
30/08/2018,3034.13
29/08/2018,2983.74
28/08/2018,2943.45
27/08/2018,2839.24
16/08/2018,2912.73
15/08/2018,2945.91
14/08/2018,2947.33
13/08/2018,2986.49
09/08/2018,3002.59
08/08/2018,2990.55
07/08/2018,2978.48
06/08/2018,2978.02
02/08/2018,3014.56
01/08/2018,2958.01
31/07/2018,2956.15
30/07/2018,2914.49
26/07/2018,2858.31
25/07/2018,2865.38
24/07/2018,2892.95
19/07/2018,2834.77
18/07/2018,2865.92
17/07/2018,2851.68
16/07/2018,2936.31
12/07/2018,2963.01
11/07/2018,2988.91
10/07/2018,2980.87
09/07/2018,2983.56
05/07/2018,3018.59
04/07/2018,3055.72
03/07/2018,3072.27
02/07/2018,3059.67
28/06/2018,3059.43
27/06/2018,3024.64
26/06/2018,3034.02
25/06/2018,3057.74
21/06/2018,3015.64
20/06/2018,2965.32
19/06/2018,2985.92
14/06/2018,3042.55
13/06/2018,3017.36
12/06/2018,2982.64
11/06/2018,2979.17
07/06/2018,3036.40
06/06/2018,3012.31
05/06/2018,2999.58
04/06/2018,3073.92
31/05/2018,3040.16
30/05/2018,3111.48
29/05/2018,3131.93
28/05/2018,3069.50
24/05/2018,3044.19
23/05/2018,3031.90
22/05/2018,3040.37
21/05/2018,3057.02
17/05/2018,3114.68
16/05/2018,3167.06
15/05/2018,3140.78
14/05/2018,3144.02
10/05/2018,3162.51
09/05/2018,3253.45
08/05/2018,3287.18
07/05/2018,3221.48
03/05/2018,3340.87
02/05/2018,3408.22
30/04/2018,3396.61
26/04/2018,3419.35
24/04/2018,3359.66
23/04/2018,3302.14
19/04/2018,3267.73
18/04/2018,3245.43
17/04/2018,3228.60
16/04/2018,3197.65
12/04/2018,3198.37
11/04/2018,3255.49
10/04/2018,3271.87
05/04/2018,3214.05
04/04/2018,3213.67
03/04/2018,3229.55
02/04/2018,3278.57
29/03/2018,3324.41
28/03/2018,3316.47
27/03/2018,3308.42
26/03/2018,3303.07
22/03/2018,3290.38
21/03/2018,3295.33
20/03/2018,3336.93
19/03/2018,3354.74
15/03/2018,3333.95
14/03/2018,3281.08
13/03/2018,3311.34
12/03/2018,3273.38
08/03/2018,3282.72
07/03/2018,3225.02
06/03/2018,3106.22
05/03/2018,3018.42
01/03/2018,2969.03
28/02/2018,2978.62
27/02/2018,2995.79
26/02/2018,3006.46
22/02/2018,3039.63
21/02/2018,3011.23
20/02/2018,2964.16
19/02/2018,2943.83
15/02/2018,2930.17
14/02/2018,2899.96
13/02/2018,2867.32
12/02/2018,2935.16
08/02/2018,2963.00
07/02/2018,2987.29
06/02/2018,2921.16
05/02/2018,2970.86
01/02/2018,3011.74
31/01/2018,2992.35
30/01/2018,3055.43
29/01/2018,3075.36
24/01/2018,2998.60
23/01/2018,2983.94
22/01/2018,2991.78
18/01/2018,3037.08
17/01/2018,3001.29
16/01/2018,3002.14
15/01/2018,3027.61
11/01/2018,3081.13
10/01/2018,3083.63
09/01/2018,3092.81
08/01/2018,3024.68
04/01/2018,2968.72
03/01/2018,2970.43
02/01/2018,3026.42
28/12/2017,3045.55
27/12/2017,3003.58
26/12/2017,3009.58
25/12/2017,2973.75
21/12/2017,2936.65
20/12/2017,2924.81
19/12/2017,2894.92
18/12/2017,2913.98
14/12/2017,2948.66
13/12/2017,2946.49
12/12/2017,2933.40
11/12/2017,2906.21
07/12/2017,2901.35
06/12/2017,2915.42
05/12/2017,2956.10
04/12/2017,2992.11
29/11/2017,2998.56
28/11/2017,2973.74
27/11/2017,2904.63
23/11/2017,2929.45
22/11/2017,2919.04
21/11/2017,2915.27
20/11/2017,2918.21
16/11/2017,2919.65
15/11/2017,2959.84
14/11/2017,3005.23
13/11/2017,3015.49
09/11/2017,3075.32
08/11/2017,3026.74
07/11/2017,3004.65
06/11/2017,2992.72
02/11/2017,3036.12
01/11/2017,3032.95
31/10/2017,3045.92
30/10/2017,3005.05
26/10/2017,2956.10
25/10/2017,2964.42
24/10/2017,2976.06
23/10/2017,2962.51
19/10/2017,2920.34
18/10/2017,2882.87
17/10/2017,2890.54
16/10/2017,2914.18
12/10/2017,2975.51
11/10/2017,2948.26
10/10/2017,2931.86
09/10/2017,2984.04
04/10/2017,3000.56
03/10/2017,3049.08
02/10/2017,3094.22
28/09/2017,3088.45
27/09/2017,3071.67
26/09/2017,3075.09
25/09/2017,3077.31
20/09/2017,3097.01
19/09/2017,3089.17
18/09/2017,3077.53
14/09/2017,3102.54
13/09/2017,3078.34
12/09/2017,3104.33
11/09/2017,3119.98
07/09/2017,3125.34
06/09/2017,3112.91
05/09/2017,3162.31
30/08/2017,3182.44
29/08/2017,3101.98
28/08/2017,3054.32
24/08/2017,3035.39
23/08/2017,3039.62
22/08/2017,3056.57
21/08/2017,3051.40
17/08/2017,3043.07
16/08/2017,3058.34
15/08/2017,3056.20
14/08/2017,3064.23
10/08/2017,3150.51
09/08/2017,3190.82
08/08/2017,3214.11
07/08/2017,3218.78
03/08/2017,3143.94
02/08/2017,3163.24
01/08/2017,3165.06
31/07/2017,3167.59
27/07/2017,3214.11
26/07/2017,3280.39
25/07/2017,3275.13
24/07/2017,3275.24
20/07/2017,3273.83
19/07/2017,3263.11
18/07/2017,3269.11
17/07/2017,3327.81
13/07/2017,3287.86
12/07/2017,3242.89
11/07/2017,3242.79
10/07/2017,3183.81
06/07/2017,3109.03
05/07/2017,3104.64
04/07/2017,3109.14
03/07/2017,3134.07
28/06/2017,3102.34
22/06/2017,3119.62
21/06/2017,3113.01
20/06/2017,3146.74
19/06/2017,3150.41
15/06/2017,3139.15
14/06/2017,3167.20
13/06/2017,3171.61
12/06/2017,3176.02
08/06/2017,3236.39
07/06/2017,3226.16
06/06/2017,3254.65
05/06/2017,3217.36
01/06/2017,3205.71
31/05/2017,3175.20
30/05/2017,3101.21
29/05/2017,3105.21
25/05/2017,3063.22
24/05/2017,2997.83
23/05/2017,2974.39
22/05/2017,2954.61
18/05/2017,2997.99
17/05/2017,3030.62
16/05/2017,3006.20
15/05/2017,3017.68
11/05/2017,3051.38
10/05/2017,3067.55
09/05/2017,3038.68
08/05/2017,3014.39
04/05/2017,2996.48
03/05/2017,2976.75
02/05/2017,2961.11
27/04/2017,2947.55
26/04/2017,2988.42
24/04/2017,2978.37
20/04/2017,3021.32
19/04/2017,3005.63
18/04/2017,3039.33
13/04/2017,3022.10
12/04/2017,3040.77
11/04/2017,3047.71
10/04/2017,3015.18
06/04/2017,3086.82
05/04/2017,3136.68
04/04/2017,3098.66
03/04/2017,3035.00
30/03/2017,3012.17
29/03/2017,3025.25
28/03/2017,3041.26
27/03/2017,3034.63
23/03/2017,3059.38
22/03/2017,3028.41
21/03/2017,3032.96
20/03/2017,3088.11
16/03/2017,3095.39
15/03/2017,3016.59
14/03/2017,3034.72
13/03/2017,3065.47
09/03/2017,3025.57
08/03/2017,2978.56
07/03/2017,2978.74
06/03/2017,2983.98
02/03/2017,2923.12
01/03/2017,2834.52
28/02/2017,2825.75
27/02/2017,2838.96
23/02/2017,2911.63
22/02/2017,2966.56
21/02/2017,3059.17
20/02/2017,3009.25
16/02/2017,3072.47
15/02/2017,3015.74
14/02/2017,3045.81
13/02/2017,3101.89
09/02/2017,3161.50
08/02/2017,3187.85
07/02/2017,3151.59
06/02/2017,3085.08
02/02/2017,3073.06
01/02/2017,3036.10
31/01/2017,3046.40
30/01/2017,3094.31
26/01/2017,3098.11
24/01/2017,3086.35
23/01/2017,3126.75
19/01/2017,3059.13
18/01/2017,3134.72
17/01/2017,3160.67
16/01/2017,3136.34
12/01/2017,3117.38
11/01/2017,3131.68
10/01/2017,3104.25
09/01/2017,3038.03
05/01/2017,3037.44
04/01/2017,3008.61
03/01/2017,2971.58
02/01/2017,2925.92
29/12/2016,2970.86
28/12/2016,2941.04
27/12/2016,2913.31
26/12/2016,2914.60
22/12/2016,2970.94
21/12/2016,2962.57
20/12/2016,2915.53
19/12/2016,2792.68
15/12/2016,2699.39
14/12/2016,2704.33
13/12/2016,2701.53
12/12/2016,2724.43
08/12/2016,2707.24
07/12/2016,2727.22
06/12/2016,2767.64
05/12/2016,2735.05
01/12/2016,2768.25
30/11/2016,2740.66
29/11/2016,2655.65
28/11/2016,2691.13
24/11/2016,2712.75
23/11/2016,2765.63
22/11/2016,2762.37
21/11/2016,2782.22
17/11/2016,2735.57
16/11/2016,2684.00
15/11/2016,2618.63
14/11/2016,2664.96
10/11/2016,2665.30
09/11/2016,2570.97
08/11/2016,2563.90
07/11/2016,2504.96
03/11/2016,2200.29
02/11/2016,2093.93
01/11/2016,2072.34
31/10/2016,2059.46
27/10/2016,2066.54
26/10/2016,2052.66
25/10/2016,2066.30
24/10/2016,2074.42
20/10/2016,2087.50
19/10/2016,2066.08
18/10/2016,2080.22
17/10/2016,2085.16
13/10/2016,2132.06
12/10/2016,2027.86
11/10/2016,2048.30
10/10/2016,2074.61
05/10/2016,2051.31
04/10/2016,1995.95
03/10/2016,1966.94
29/09/2016,1898.15
28/09/2016,1907.82
27/09/2016,1922.56
26/09/2016,1927.55
22/09/2016,1894.31
21/09/2016,1903.69
20/09/2016,1923.36
19/09/2016,1899.55
15/09/2016,1886.64
14/09/2016,1930.74
08/09/2016,1947.38
07/09/2016,1937.12
06/09/2016,1942.82
05/09/2016,1951.58
01/09/2016,1911.61
31/08/2016,1920.28
30/08/2016,1895.68
29/08/2016,1885.50
25/08/2016,1909.32
24/08/2016,1935.58
23/08/2016,1920.94
22/08/2016,1943.33
18/08/2016,1972.46
17/08/2016,1986.96
16/08/2016,2006.29
15/08/2016,2011.81
11/08/2016,1983.29
10/08/2016,1938.32
09/08/2016,1911.22
08/08/2016,1933.59
04/08/2016,1939.75
03/08/2016,1895.80
02/08/2016,1860.18
01/08/2016,1861.79
28/07/2016,1886.87
27/07/2016,1826.44
26/07/2016,1725.96
25/07/2016,1718.06
21/07/2016,1692.03
20/07/2016,1707.63
19/07/2016,1725.93
18/07/2016,1731.10
14/07/2016,1717.67
13/07/2016,1710.94
12/07/2016,1689.61
11/07/2016,1708.66
04/07/2016,1601.84
29/06/2016,1561.59
28/06/2016,1565.65
27/06/2016,1565.87
23/06/2016,1639.23
22/06/2016,1616.76
21/06/2016,1632.62
20/06/2016,1607.05
16/06/2016,1642.73
15/06/2016,1636.24
14/06/2016,1687.25
13/06/2016,1688.91
09/06/2016,1717.46
08/06/2016,1719.53
07/06/2016,1709.46
06/06/2016,1692.44
02/06/2016,1676.56
01/06/2016,1672.38
31/05/2016,1655.52
30/05/2016,1643.54
26/05/2016,1671.37
25/05/2016,1675.88
24/05/2016,1664.63
23/05/2016,1651.11
19/05/2016,1688.36
18/05/2016,1722.43
17/05/2016,1697.53
16/05/2016,1673.04
12/05/2016,1689.62
11/05/2016,1682.14
10/05/2016,1714.40
09/05/2016,1709.27
05/05/2016,1685.64
04/05/2016,1672.87
03/05/2016,1702.55
28/04/2016,1753.35
27/04/2016,1774.98
26/04/2016,1762.51
21/04/2016,1702.20
20/04/2016,1693.36
19/04/2016,1683.00
18/04/2016,1621.82
14/04/2016,1583.45
13/04/2016,1582.43
12/04/2016,1567.11
11/04/2016,1575.24
07/04/2016,1589.88
06/04/2016,1581.56
05/04/2016,1601.76
04/04/2016,1565.77
31/03/2016,1550.87
30/03/2016,1560.55
29/03/2016,1584.99
28/03/2016,1564.56
24/03/2016,1582.87
23/03/2016,1584.51
22/03/2016,1577.10
21/03/2016,1586.89
17/03/2016,1572.15
16/03/2016,1535.73
15/03/2016,1532.05
14/03/2016,1531.90
10/03/2016,1426.03
09/03/2016,1370.66
08/03/2016,1353.16
07/03/2016,1327.98
03/03/2016,1281.57
02/03/2016,1269.41
01/03/2016,1276.64
29/02/2016,1286.25
25/02/2016,1264.30
24/02/2016,1264.62
23/02/2016,1281.98
22/02/2016,1284.77
18/02/2016,1243.76
17/02/2016,1241.46
16/02/2016,1226.08
15/02/2016,1199.38
11/02/2016,1209.37
10/02/2016,1274.33
09/02/2016,1257.04
08/02/2016,1308.34
04/02/2016,1295.21
03/02/2016,1247.47
02/02/2016,1234.09
01/02/2016,1206.87
28/01/2016,1220.55
27/01/2016,1218.91
26/01/2016,1206.75
21/01/2016,1168.19
20/01/2016,1185.62
19/01/2016,1272.99
18/01/2016,1239.98
14/01/2016,1215.76
13/01/2016,1289.69
12/01/2016,1340.33
11/01/2016,1395.82
06/01/2016,1465.29
05/01/2016,1495.27
04/01/2016,1486.71
31/12/2015,1472.02
30/12/2015,1461.84
29/12/2015,1411.15
28/12/2015,1400.66
24/12/2015,1423.92
22/12/2015,1424.92
21/12/2015,1434.24
17/12/2015,1390.66
16/12/2015,1336.55
15/12/2015,1328.53
14/12/2015,1337.95
10/12/2015,1395.82
09/12/2015,1380.71
08/12/2015,1381.50
07/12/2015,1425.88
03/12/2015,1427.40
02/12/2015,1427.40
01/12/2015,1337.01
30/11/2015,1310.84
26/11/2015,1314.72
25/11/2015,1299.45
24/11/2015,1270.41
23/11/2015,1301.51
19/11/2015,1339.03
18/11/2015,1298.53
17/11/2015,1309.13
16/11/2015,1335.41
12/11/2015,1417.96
11/11/2015,1418.49
10/11/2015,1416.18
09/11/2015,1493.43
05/11/2015,1594.07
04/11/2015,1581.50
03/11/2015,1579.96
02/11/2015,1583.91
29/10/2015,1588.27
28/10/2015,1575.83
27/10/2015,1586.89
26/10/2015,1599.79
22/10/2015,1621.36
21/10/2015,1632.37
20/10/2015,1637.60
19/10/2015,1636.35
15/10/2015,1647.44
13/10/2015,1665.17
12/10/2015,1659.39
08/10/2015,1638.72
07/10/2015,1605.84
05/10/2015,1578.48
01/10/2015,1593.85
30/09/2015,1597.20
29/09/2015,1604.82
28/09/2015,1625.26
22/09/2015,1602.09
21/09/2015,1580.17
17/09/2015,1573.58
16/09/2015,1573.50
15/09/2015,1556.01
14/09/2015,1546.15
10/09/2015,1516.21
09/09/2015,1520.22
08/09/2015,1485.66
07/09/2015,1541.76
03/09/2015,1550.83
02/09/2015,1511.55
01/09/2015,1531.54
31/08/2015,1559.92
27/08/2015,1523.50
26/08/2015,1488.67
25/08/2015,1473.01
24/08/2015,1415.16
20/08/2015,1501.14
19/08/2015,1522.30
18/08/2015,1564.48
17/08/2015,1618.18
13/08/2015,1687.05
12/08/2015,1694.60
11/08/2015,1735.93
10/08/2015,1725.09
05/08/2015,1736.84
04/08/2015,1766.50
03/08/2015,1743.91
30/07/2015,1768.27
29/07/2015,1757.22
28/07/2015,1725.11
27/07/2015,1707.17
22/07/2015,1746.48
21/07/2015,1734.46
16/07/2015,1722.08
15/07/2015,1701.11
14/07/2015,1662.93
13/07/2015,1639.47
09/07/2015,1629.48
08/07/2015,1604.98
07/07/2015,1661.11
06/07/2015,1683.86
02/07/2015,1781.43
29/06/2015,1787.74
25/06/2015,1810.81
24/06/2015,1824.56
23/06/2015,1829.85
22/06/2015,1831.23
18/06/2015,1830.72
17/06/2015,1827.95
16/06/2015,1827.39
15/06/2015,1825.59
11/06/2015,1841.51
10/06/2015,1834.15
09/06/2015,1835.77
08/06/2015,1834.49
04/06/2015,1829.82
03/06/2015,1864.46
02/06/2015,1845.05
01/06/2015,1812.18
28/05/2015,1844.03
27/05/2015,1851.84
26/05/2015,1856.28
25/05/2015,1885.27
21/05/2015,1882.50
20/05/2015,1867.18
19/05/2015,1880.88
18/05/2015,1882.99
14/05/2015,1784.46
13/05/2015,1821.64
12/05/2015,1847.14
11/05/2015,1845.65
07/05/2015,1843.89
06/05/2015,1847.82
05/05/2015,1870.21
04/05/2015,1849.90
30/04/2015,1858.15
29/04/2015,1825.07
28/04/2015,1795.15
27/04/2015,1828.66
23/04/2015,1859.66
22/04/2015,1829.32
21/04/2015,1810.86
20/04/2015,1814.64
16/04/2015,1896.72
15/04/2015,1897.68
14/04/2015,1892.24
09/04/2015,1875.91
08/04/2015,1851.25
07/04/2015,1837.31
06/04/2015,1791.69
02/04/2015,1867.20
01/04/2015,1913.34
31/03/2015,1909.90
30/03/2015,1920.81
26/03/2015,1907.96
25/03/2015,1929.27
24/03/2015,1956.06
23/03/2015,1950.11
19/03/2015,1971.54
18/03/2015,1972.52
17/03/2015,1977.77
16/03/2015,1971.36
12/03/2015,2003.24
11/03/2015,1976.84
10/03/2015,1994.89
09/03/2015,1995.16
05/03/2015,1972.58
04/03/2015,1945.59
03/03/2015,1943.93
02/03/2015,1943.61
26/02/2015,1925.87
25/02/2015,1959.41
24/02/2015,1985.65
23/02/2015,1975.88
19/02/2015,1941.99
18/02/2015,1943.23
17/02/2015,1929.25
16/02/2015,1956.42
12/02/2015,1990.78
11/02/2015,1994.37
10/02/2015,2023.84
09/02/2015,2017.12
05/02/2015,2038.27
04/02/2015,2057.28
03/02/2015,2041.59
02/02/2015,2023.41
29/01/2015,2014.00
28/01/2015,2008.84
27/01/2015,2023.36
26/01/2015,1999.64
22/01/2015,2012.81
21/01/2015,1986.39
20/01/2015,1952.43
19/01/2015,1902.88
15/01/2015,1897.36
14/01/2015,1907.64
13/01/2015,1857.35
12/01/2015,1825.80
08/01/2015,1793.51
06/01/2015,1757.86
05/01/2015,1803.69
31/12/2014,1788.63
30/12/2014,1813.18
29/12/2014,1789.46
25/12/2014,1722.79
24/12/2014,1726.59
23/12/2014,1707.97
22/12/2014,1696.68
18/12/2014,1662.33
17/12/2014,1612.15
16/12/2014,1682.74
15/12/2014,1755.29
11/12/2014,1807.95
10/12/2014,1843.44
09/12/2014,1870.33
08/12/2014,1889.99
04/12/2014,1873.22
03/12/2014,1844.89
02/12/2014,1813.41
01/12/2014,1820.19
27/11/2014,1842.91
26/11/2014,1823.83
25/11/2014,1796.00
24/11/2014,1808.75
20/11/2014,1842.26
19/11/2014,1840.48
18/11/2014,1845.41
17/11/2014,1827.56
13/11/2014,1850.19
12/11/2014,1872.04
11/11/2014,1911.69
10/11/2014,1909.12
06/11/2014,1894.08
05/11/2014,1912.74
04/11/2014,1908.02
03/11/2014,1883.83
30/10/2014,1820.32
29/10/2014,1795.45
28/10/2014,1752.85
27/10/2014,1743.71
23/10/2014,1757.91
22/10/2014,1762.52
21/10/2014,1710.32
20/10/2014,1692.42
16/10/2014,1726.04
15/10/2014,1777.77
14/10/2014,1771.79
13/10/2014,1815.66
09/10/2014,1871.02
08/10/2014,1888.85
02/10/2014,1920.38
01/10/2014,1941.13
30/09/2014,1956.92
29/09/2014,1950.90
25/09/2014,1934.43
24/09/2014,1936.86
23/09/2014,1949.29
22/09/2014,1936.24
18/09/2014,1930.83
17/09/2014,1907.93
16/09/2014,1896.16
15/09/2014,1880.43
11/09/2014,1889.43
10/09/2014,1896.45
09/09/2014,1891.85
08/09/2014,1910.73
04/09/2014,1900.69
03/09/2014,1894.75
02/09/2014,1898.75
01/09/2014,1858.69
28/08/2014,1852.15
27/08/2014,1844.33
26/08/2014,1838.00
25/08/2014,1844.90
21/08/2014,1832.73
20/08/2014,1827.53
19/08/2014,1821.10
18/08/2014,1802.94
14/08/2014,1809.79
13/08/2014,1776.21
12/08/2014,1775.51
11/08/2014,1772.60
07/08/2014,1748.52
06/08/2014,1714.74
05/08/2014,1726.51
04/08/2014,1735.42
31/07/2014,1705.05
24/07/2014,1677.01
22/07/2014,1625.90
21/07/2014,1601.06
17/07/2014,1627.34
16/07/2014,1616.70
15/07/2014,1617.92
14/07/2014,1599.77
10/07/2014,1591.20
09/07/2014,1592.17
08/07/2014,1573.22
07/07/2014,1553.68
03/07/2014,1538.34
02/07/2014,1522.33
30/06/2014,1528.87
26/06/2014,1513.04
25/06/2014,1519.06
24/06/2014,1535.40
23/06/2014,1566.53
19/06/2014,1572.25
18/06/2014,1597.75
17/06/2014,1590.19
16/06/2014,1612.09
12/06/2014,1657.00
11/06/2014,1646.35
10/06/2014,1613.96
09/06/2014,1623.17
05/06/2014,1611.69
04/06/2014,1547.56
03/06/2014,1525.45
02/06/2014,1541.44
29/05/2014,1568.50
28/05/2014,1633.44
26/05/2014,1670.42
22/05/2014,1670.06
21/05/2014,1648.44
20/05/2014,1656.32
19/05/2014,1630.80
15/05/2014,1630.64
14/05/2014,1619.58
13/05/2014,1588.97
12/05/2014,1583.25
08/05/2014,1584.02
07/05/2014,1607.91
06/05/2014,1612.35
05/05/2014,1601.79
30/04/2014,1600.34
29/04/2014,1578.63
28/04/2014,1576.86
23/04/2014,1595.13
22/04/2014,1583.78
17/04/2014,1551.94
16/04/2014,1553.18
15/04/2014,1548.49
14/04/2014,1526.25
10/04/2014,1520.51
09/04/2014,1504.24
08/04/2014,1495.38
07/04/2014,1464.94
03/04/2014,1497.56
02/04/2014,1537.77
01/04/2014,1530.66
31/03/2014,1485.98
27/03/2014,1568.27
26/03/2014,1609.29
25/03/2014,1609.02
24/03/2014,1591.07
20/03/2014,1606.88
19/03/2014,1555.04
18/03/2014,1546.35
17/03/2014,1552.02
13/03/2014,1545.46
12/03/2014,1536.68
11/03/2014,1548.89
10/03/2014,1528.07
06/03/2014,1521.45
05/03/2014,1533.71
04/03/2014,1516.78
03/03/2014,1502.89
27/02/2014,1544.18
26/02/2014,1527.67
25/02/2014,1534.85
24/02/2014,1547.70
20/02/2014,1530.90
19/02/2014,1535.23
18/02/2014,1498.22
17/02/2014,1470.04
13/02/2014,1475.71
12/02/2014,1468.42
11/02/2014,1451.49
10/02/2014,1447.98
06/02/2014,1441.15
05/02/2014,1432.39
04/02/2014,1425.98
03/02/2014,1457.43
30/01/2014,1462.85
29/01/2014,1464.76
28/01/2014,1464.48
27/01/2014,1443.80
23/01/2014,1435.63
22/01/2014,1430.31
21/01/2014,1412.88
20/01/2014,1410.52
16/01/2014,1426.77
15/01/2014,1440.62
14/01/2014,1444.69
09/01/2014,1404.58
08/01/2014,1390.91
06/01/2014,1380.64
02/01/2014,1380.86
31/12/2013,1377.22
30/12/2013,1377.83
26/12/2013,1386.50
25/12/2013,1399.00
24/12/2013,1383.90
23/12/2013,1370.89
19/12/2013,1371.84
18/12/2013,1371.38
17/12/2013,1369.34
16/12/2013,1356.82
12/12/2013,1353.85
11/12/2013,1333.07
10/12/2013,1329.40
09/12/2013,1336.36
05/12/2013,1295.87
04/12/2013,1280.99
03/12/2013,1273.78
02/12/2013,1269.83
28/11/2013,1252.08
27/11/2013,1261.97
26/11/2013,1265.81
25/11/2013,1303.56
21/11/2013,1314.05
20/11/2013,1324.71
19/11/2013,1308.28
18/11/2013,1298.52
14/11/2013,1277.51
13/11/2013,1280.85
12/11/2013,1296.17
11/11/2013,1298.36
07/11/2013,1308.06
06/11/2013,1294.15
04/11/2013,1260.84
31/10/2013,1255.78
30/10/2013,1248.13
29/10/2013,1234.31
28/10/2013,1234.43
24/10/2013,1244.48
23/10/2013,1242.35
22/10/2013,1253.34
21/10/2013,1229.62
10/10/2013,1195.69
09/10/2013,1171.19
08/10/2013,1165.79
07/10/2013,1172.73
03/10/2013,1170.05
02/10/2013,1165.08
01/10/2013,1158.96
30/09/2013,1144.26
26/09/2013,1161.62
25/09/2013,1159.79
24/09/2013,1163.79
23/09/2013,1151.14
19/09/2013,1129.37
18/09/2013,1132.75
17/09/2013,1136.81
16/09/2013,1130.00
12/09/2013,1127.32
11/09/2013,1119.73
10/09/2013,1116.21
09/09/2013,1080.33
05/09/2013,1061.55
04/09/2013,1065.24
03/09/2013,1067.35
02/09/2013,1079.59
29/08/2013,1083.49
28/08/2013,1076.51
27/08/2013,1098.48
26/08/2013,1119.57
22/08/2013,1112.72
21/08/2013,1106.89
20/08/2013,1106.26
19/08/2013,1093.89
14/08/2013,1154.77
13/08/2013,1171.89
12/08/2013,1181.06
07/08/2013,1177.78
06/08/2013,1193.86
05/08/2013,1204.49
01/08/2013,1169.82
31/07/2013,1156.85
30/07/2013,1156.23
29/07/2013,1142.93
25/07/2013,1167.71
24/07/2013,1170.76
22/07/2013,1182.02
18/07/2013,1162.54
17/07/2013,1160.59
16/07/2013,1162.81
15/07/2013,1156.39
11/07/2013,1141.51
10/07/2013,1150.12
09/07/2013,1152.23
08/07/2013,1120.04
04/07/2013,1164.14
03/07/2013,1092.61
02/07/2013,1100.75
27/06/2013,1035.11
26/06/2013,1025.64
25/06/2013,991.76
24/06/2013,995.71
20/06/2013,1026.56
19/06/2013,1045.67
18/06/2013,1050.86
17/06/2013,1038.02
13/06/2013,1035.47
12/06/2013,1025.59
11/06/2013,1077.43
10/06/2013,1057.29
06/06/2013,1108.25
05/06/2013,1108.00
04/06/2013,1138.26
03/06/2013,1152.47
31/05/2013,1182.70
30/05/2013,1182.70
29/05/2013,1158.30
28/05/2013,1172.42
27/05/2013,1153.46
24/05/2013,1156.65
23/05/2013,1156.65
22/05/2013,1172.72
21/05/2013,1171.37
20/05/2013,1178.23
17/05/2013,1177.34
16/05/2013,1177.34
15/05/2013,1182.39
14/05/2013,1171.12
13/05/2013,1178.75
10/05/2013,1172.10
09/05/2013,1172.10
08/05/2013,1172.38
07/05/2013,1166.51
06/05/2013,1146.84
03/05/2013,1146.84
02/05/2013,1146.84
01/05/2013,1129.37
30/04/2013,1129.37
29/04/2013,1129.58
26/04/2013,1136.72
25/04/2013,1136.72
24/04/2013,1136.72
23/04/2013,1138.68
22/04/2013,1134.99
19/04/2013,1146.60
18/04/2013,1146.60
17/04/2013,1146.48
16/04/2013,1152.04
15/04/2013,1148.48
12/04/2013,1137.74
11/04/2013,1137.74
10/04/2013,1124.23
09/04/2013,1128.88
08/04/2013,1120.18
05/04/2013,1089.11
04/04/2013,1089.11
03/04/2013,1074.09
02/04/2013,1097.73
01/04/2013,1107.26
29/03/2013,1132.31
28/03/2013,1132.31
27/03/2013,1124.38
26/03/2013,1115.52
25/03/2013,1137.34
22/03/2013,1133.89
21/03/2013,1133.89
20/03/2013,1119.04
19/03/2013,1136.20
18/03/2013,1123.50
15/03/2013,1126.47
14/03/2013,1126.47
13/03/2013,1154.62
12/03/2013,1175.80
11/03/2013,1173.39
08/03/2013,1170.26
07/03/2013,1170.26
06/03/2013,1146.75
05/03/2013,1141.54
04/03/2013,1175.95
01/03/2013,1198.97
28/02/2013,1198.97
27/02/2013,1204.18
26/02/2013,1211.21
25/02/2013,1213.00
22/02/2013,1228.43
21/02/2013,1228.43
20/02/2013,1223.71
19/02/2013,1223.14
18/02/2013,1236.77
15/02/2013,1241.74
14/02/2013,1241.74
13/02/2013,1247.26
12/02/2013,1251.22
11/02/2013,1241.19
08/02/2013,1242.69
07/02/2013,1242.69
06/02/2013,1239.54
05/02/2013,1265.22
04/02/2013,1256.15
01/02/2013,1226.94
31/01/2013,1226.94
30/01/2013,1222.48
29/01/2013,1205.94
28/01/2013,1232.16
25/01/2013,1248.32
24/01/2013,1248.32
23/01/2013,1248.32
22/01/2013,1249.24
21/01/2013,1246.39
18/01/2013,1243.45
17/01/2013,1243.45
16/01/2013,1247.50
15/01/2013,1240.00
14/01/2013,1253.55
11/01/2013,1257.20
10/01/2013,1257.19
09/01/2013,1281.97
08/01/2013,1265.86
07/01/2013,1249.73
04/01/2013,1247.78
03/01/2013,1246.30
02/01/2013,1224.15
01/01/2013,1188.03
31/12/2012,1188.03
28/12/2012,1174.64
27/12/2012,1174.64
26/12/2012,1152.51
25/12/2012,1155.70
24/12/2012,1167.96
21/12/2012,1181.03
20/12/2012,1181.03
19/12/2012,1176.60
18/12/2012,1157.28
17/12/2012,1152.65
14/12/2012,1126.62
13/12/2012,1126.62
12/12/2012,1134.18
11/12/2012,1103.80
10/12/2012,1095.12
07/12/2012,1063.74
06/12/2012,1063.74
05/12/2012,1116.66
04/12/2012,1097.00
03/12/2012,1058.98
30/11/2012,1054.33
29/11/2012,1054.33
28/11/2012,1059.04
27/11/2012,1109.91
26/11/2012,1111.34
23/11/2012,1190.77
22/11/2012,1190.77
21/11/2012,1200.90
20/11/2012,1182.97
19/11/2012,1183.25
16/11/2012,1238.06
15/11/2012,1238.06
14/11/2012,1238.06
13/11/2012,1241.89
12/11/2012,1234.51
09/11/2012,1227.61
08/11/2012,1227.61
07/11/2012,1222.32
06/11/2012,1218.07
05/11/2012,1195.82
02/11/2012,1210.41
01/11/2012,1210.41
31/10/2012,1236.91
30/10/2012,1252.67
29/10/2012,1282.02
26/10/2012,1260.50
25/10/2012,1260.50
24/10/2012,1260.50
23/10/2012,1242.51
22/10/2012,1249.61
19/10/2012,1268.76
18/10/2012,1268.76
17/10/2012,1272.06
16/10/2012,1249.33
15/10/2012,1249.97
12/10/2012,1255.64
11/10/2012,1255.64
10/10/2012,1259.19
09/10/2012,1215.51
08/10/2012,1222.14
05/10/2012,1250.22
04/10/2012,1250.22
03/10/2012,1233.92
02/10/2012,1225.95
01/10/2012,1229.75
28/09/2012,1275.61
27/09/2012,1275.54
26/09/2012,1291.22
25/09/2012,1288.61
24/09/2012,1262.81
21/09/2012,1262.53
20/09/2012,1262.53
19/09/2012,1280.31
18/09/2012,1278.71
17/09/2012,1284.48
14/09/2012,1239.23
13/09/2012,1239.23
12/09/2012,1256.23
11/09/2012,1249.57
10/09/2012,1233.74
07/09/2012,1217.26
06/09/2012,1217.26
05/09/2012,1209.65
04/09/2012,1216.73
03/09/2012,1200.03
31/08/2012,1170.36
30/08/2012,1170.35
29/08/2012,1167.97
28/08/2012,1169.57
27/08/2012,1157.97
24/08/2012,1146.99
23/08/2012,1146.99
22/08/2012,1137.90
21/08/2012,1139.85
20/08/2012,1139.12
17/08/2012,1139.12
16/08/2012,1139.12
15/08/2012,1131.15
14/08/2012,1130.76
13/08/2012,1116.74
10/08/2012,1097.00
09/08/2012,1097.03
08/08/2012,1104.70
07/08/2012,1114.94
06/08/2012,1109.55
03/08/2012,1105.02
02/08/2012,1105.02
01/08/2012,1090.50
31/07/2012,1070.98
30/07/2012,1050.46
27/07/2012,1050.17
26/07/2012,1050.17
25/07/2012,1048.26
24/07/2012,1066.05
23/07/2012,1080.28
20/07/2012,1081.07
19/07/2012,1081.07
18/07/2012,1072.82
17/07/2012,1069.49
16/07/2012,1051.85
13/07/2012,1065.32
12/07/2012,1065.32
11/07/2012,1058.67
10/07/2012,1040.27
09/07/2012,1039.10
