DATES,Ryr
09/07/2026,4.525
08/07/2026,4.539
07/07/2026,4.540
06/07/2026,4.531
03/07/2026,4.534
02/07/2026,4.540
01/07/2026,4.538
30/06/2026,4.523
29/06/2026,4.530
26/06/2026,4.521
25/06/2026,4.528
24/06/2026,4.522
23/06/2026,4.526
22/06/2026,4.528
19/06/2026,4.529
18/06/2026,4.523
17/06/2026,4.487
16/06/2026,4.487
15/06/2026,4.487
12/06/2026,4.482
11/06/2026,4.483
10/06/2026,4.474
09/06/2026,4.473
08/06/2026,4.473
05/06/2026,4.472
04/06/2026,4.473
03/06/2026,4.468
02/06/2026,4.471
01/06/2026,4.467
29/05/2026,4.458
28/05/2026,4.457
27/05/2026,4.388
26/05/2026,4.384
25/05/2026,4.384
22/05/2026,4.384
21/05/2026,4.384
20/05/2026,4.379
19/05/2026,4.374
18/05/2026,4.378
15/05/2026,4.375
14/05/2026,4.375
13/05/2026,4.371
12/05/2026,4.371
11/05/2026,4.370
08/05/2026,4.372
07/05/2026,4.373
06/05/2026,4.372
05/05/2026,4.365
04/05/2026,4.349
01/05/2026,4.371
30/04/2026,4.371
29/04/2026,4.371
28/04/2026,4.366
27/04/2026,4.366
24/04/2026,4.366
23/04/2026,4.368
22/04/2026,4.372
21/04/2026,4.372
20/04/2026,4.372
17/04/2026,4.356
16/04/2026,4.355
15/04/2026,4.356
14/04/2026,4.363
13/04/2026,4.368
10/04/2026,4.377
09/04/2026,4.363
08/04/2026,4.363
07/04/2026,4.366
06/04/2026,4.361
03/04/2026,4.345
02/04/2026,4.358
01/04/2026,4.365
31/03/2026,4.362
30/03/2026,4.353
27/03/2026,4.358
26/03/2026,4.342
25/03/2026,4.340
24/03/2026,4.353
23/03/2026,4.337
20/03/2026,4.351
19/03/2026,4.335
18/03/2026,4.337
17/03/2026,4.329
16/03/2026,4.337
13/03/2026,4.329
12/03/2026,4.339
11/03/2026,4.326
10/03/2026,4.330
09/03/2026,4.314
06/03/2026,4.306
05/03/2026,4.297
04/03/2026,4.308
03/03/2026,4.295
02/03/2026,4.290
27/02/2026,4.252
26/02/2026,4.252
25/02/2026,4.251
24/02/2026,4.251
23/02/2026,4.246
20/02/2026,4.249
19/02/2026,4.249
18/02/2026,4.249
17/02/2026,4.249
16/02/2026,4.249
13/02/2026,4.249
12/02/2026,4.246
11/02/2026,4.246
10/02/2026,4.246
09/02/2026,4.243
06/02/2026,4.222
05/02/2026,4.219
04/02/2026,4.223
03/02/2026,4.203
02/02/2026,4.203
30/01/2026,4.178
29/01/2026,4.188
28/01/2026,4.176
27/01/2026,4.184
26/01/2026,4.181
23/01/2026,4.177
22/01/2026,4.185
21/01/2026,4.161
20/01/2026,4.175
19/01/2026,4.261
16/01/2026,4.266
15/01/2026,4.257
14/01/2026,4.260
13/01/2026,4.258
12/01/2026,4.268
09/01/2026,4.277
08/01/2026,4.300
07/01/2026,4.223
06/01/2026,4.186
05/01/2026,4.182
02/01/2026,4.186
01/01/2026,4.186
31/12/2025,4.186
30/12/2025,4.183
29/12/2025,4.182
26/12/2025,4.179
25/12/2025,4.179
24/12/2025,4.159
23/12/2025,4.159
22/12/2025,4.157
19/12/2025,4.153
18/12/2025,4.144
17/12/2025,4.128
16/12/2025,4.130
15/12/2025,4.126
12/12/2025,4.124
11/12/2025,4.127
10/12/2025,4.097
09/12/2025,4.098
08/12/2025,4.098
05/12/2025,4.097
04/12/2025,4.078
03/12/2025,4.084
02/12/2025,4.064
01/12/2025,4.049
28/11/2025,4.031
27/11/2025,4.028
26/11/2025,3.999
25/11/2025,4.010
24/11/2025,4.012
21/11/2025,3.985
20/11/2025,4.012
19/11/2025,4.000
18/11/2025,3.992
17/11/2025,4.004
14/11/2025,4.004
13/11/2025,4.005
12/11/2025,3.991
11/11/2025,3.976
10/11/2025,3.987
07/11/2025,3.978
06/11/2025,3.976
05/11/2025,3.969
04/11/2025,3.965
03/11/2025,3.964
31/10/2025,3.954
30/10/2025,3.937
29/10/2025,3.923
28/10/2025,3.922
27/10/2025,3.919
24/10/2025,3.917
23/10/2025,3.913
22/10/2025,3.907
21/10/2025,3.897
20/10/2025,3.898
17/10/2025,3.876
16/10/2025,3.887
15/10/2025,3.863
14/10/2025,3.847
13/10/2025,3.860
10/10/2025,3.854
09/10/2025,3.841
08/10/2025,3.799
07/10/2025,3.801
06/10/2025,3.800
03/10/2025,3.790
02/10/2025,3.790
01/10/2025,3.761
30/09/2025,3.761
29/09/2025,3.761
26/09/2025,3.759
25/09/2025,3.750
24/09/2025,3.707
23/09/2025,3.707
22/09/2025,3.707
19/09/2025,3.704
18/09/2025,3.697
17/09/2025,3.689
16/09/2025,3.690
15/09/2025,3.690
12/09/2025,3.695
11/09/2025,3.689
10/09/2025,3.680
09/09/2025,3.670
08/09/2025,3.664
05/09/2025,3.664
04/09/2025,3.693
03/09/2025,3.693
02/09/2025,3.689
01/09/2025,3.689
29/08/2025,3.689
28/08/2025,3.685
27/08/2025,3.690
26/08/2025,3.689
25/08/2025,3.676
22/08/2025,3.672
21/08/2025,3.619
20/08/2025,3.561
19/08/2025,3.563
18/08/2025,3.555
15/08/2025,3.560
14/08/2025,3.551
13/08/2025,3.503
12/08/2025,3.497
11/08/2025,3.496
08/08/2025,3.492
07/08/2025,3.503
06/08/2025,3.469
05/08/2025,3.462
04/08/2025,3.462
01/08/2025,3.462
31/07/2025,3.448
30/07/2025,3.441
29/07/2025,3.428
28/07/2025,3.428
25/07/2025,3.434
24/07/2025,3.439
23/07/2025,3.429
22/07/2025,3.402
21/07/2025,3.400
18/07/2025,3.398
17/07/2025,3.402
16/07/2025,3.359
15/07/2025,3.352
14/07/2025,3.350
11/07/2025,3.352
10/07/2025,3.343
09/07/2025,3.342
08/07/2025,3.343
07/07/2025,3.342
04/07/2025,3.344
03/07/2025,3.343
02/07/2025,3.342
01/07/2025,3.317
30/06/2025,3.335
27/06/2025,3.323
26/06/2025,3.305
25/06/2025,3.310
24/06/2025,3.323
23/06/2025,3.315
20/06/2025,3.307
19/06/2025,3.290
18/06/2025,3.285
17/06/2025,3.277
16/06/2025,3.274
13/06/2025,3.270
12/06/2025,3.271
11/06/2025,3.268
10/06/2025,3.269
09/06/2025,3.263
06/06/2025,3.252
05/06/2025,3.259
04/06/2025,3.245
03/06/2025,3.235
02/06/2025,3.234
30/05/2025,3.220
29/05/2025,3.208
28/05/2025,3.197
27/05/2025,3.203
26/05/2025,3.197
23/05/2025,3.174
22/05/2025,3.186
21/05/2025,3.180
20/05/2025,3.176
19/05/2025,3.186
16/05/2025,3.172
15/05/2025,3.167
14/05/2025,3.183
13/05/2025,3.173
12/05/2025,3.183
09/05/2025,3.209
08/05/2025,3.210
07/05/2025,3.193
06/05/2025,3.204
05/05/2025,3.211
29/04/2025,3.196
28/04/2025,3.196
25/04/2025,3.177
24/04/2025,3.184
23/04/2025,3.149
22/04/2025,3.146
21/04/2025,3.156
18/04/2025,3.143
17/04/2025,3.140
16/04/2025,3.126
15/04/2025,3.145
14/04/2025,3.146
11/04/2025,3.145
10/04/2025,3.134
09/04/2025,3.149
08/04/2025,3.152
04/04/2025,3.120
03/04/2025,3.153
02/04/2025,3.068
01/04/2025,3.065
31/03/2025,3.059
28/03/2025,3.066
27/03/2025,3.083
26/03/2025,3.083
25/03/2025,3.079
24/03/2025,3.069
21/03/2025,3.053
20/03/2025,3.055
19/03/2025,3.066
18/03/2025,3.060
17/03/2025,3.055
14/03/2025,3.071
13/03/2025,3.047
12/03/2025,3.068
11/03/2025,3.070
10/03/2025,3.064
07/03/2025,3.067
06/03/2025,3.070
05/03/2025,3.120
04/03/2025,3.179
03/03/2025,3.189
28/02/2025,3.179
27/02/2025,3.167
26/02/2025,3.217
25/02/2025,3.213
24/02/2025,3.231
21/02/2025,3.212
20/02/2025,3.216
19/02/2025,3.225
18/02/2025,3.224
17/02/2025,3.224
14/02/2025,3.216
13/02/2025,3.231
12/02/2025,3.212
11/02/2025,3.186
10/02/2025,3.174
07/02/2025,3.128
06/02/2025,3.139
05/02/2025,3.104
04/02/2025,3.115
03/02/2025,3.120
31/01/2025,3.057
30/01/2025,3.057
29/01/2025,3.057
28/01/2025,3.057
27/01/2025,3.057
24/01/2025,3.107
23/01/2025,3.095
22/01/2025,3.146
21/01/2025,3.167
20/01/2025,3.157
17/01/2025,3.176
16/01/2025,3.192
15/01/2025,3.206
14/01/2025,3.191
13/01/2025,3.189
10/01/2025,3.153
09/01/2025,3.095
08/01/2025,3.112
07/01/2025,3.093
06/01/2025,3.092
03/01/2025,3.113
02/01/2025,3.108
31/12/2024,3.118
30/12/2024,3.114
27/12/2024,3.109
26/12/2024,3.122
25/12/2024,3.122
24/12/2024,3.119
23/12/2024,3.088
20/12/2024,3.097
19/12/2024,3.110
18/12/2024,2.990
17/12/2024,2.985
16/12/2024,2.973
13/12/2024,2.957
12/12/2024,2.953
11/12/2024,2.916
10/12/2024,2.906
09/12/2024,2.911
06/12/2024,2.906
05/12/2024,2.907
04/12/2024,2.908
03/12/2024,2.888
02/12/2024,2.854
29/11/2024,2.869
28/11/2024,2.871
27/11/2024,2.870
26/11/2024,2.862
25/11/2024,2.870
22/11/2024,2.870
21/11/2024,2.871
20/11/2024,2.867
19/11/2024,2.859
18/11/2024,2.859
15/11/2024,2.859
14/11/2024,2.860
13/11/2024,2.851
12/11/2024,2.848
11/11/2024,2.851
08/11/2024,2.843
07/11/2024,2.852
06/11/2024,2.825
05/11/2024,2.827
04/11/2024,2.819
01/11/2024,2.816
31/10/2024,2.798
30/10/2024,2.792
29/10/2024,2.792
28/10/2024,2.789
25/10/2024,2.796
24/10/2024,2.798
23/10/2024,2.799
22/10/2024,2.786
21/10/2024,2.766
18/10/2024,2.758
17/10/2024,2.756
16/10/2024,2.753
15/10/2024,2.759
14/10/2024,2.760
11/10/2024,2.757
10/10/2024,2.744
09/10/2024,2.759
08/10/2024,2.759
07/10/2024,2.762
04/10/2024,2.768
03/10/2024,2.763
02/10/2024,2.764
01/10/2024,2.764
30/09/2024,2.768
27/09/2024,2.750
26/09/2024,2.759
25/09/2024,2.767
24/09/2024,2.760
23/09/2024,2.767
20/09/2024,2.771
19/09/2024,2.786
18/09/2024,2.801
17/09/2024,2.783
16/09/2024,2.799
13/09/2024,2.802
12/09/2024,2.801
11/09/2024,2.809
10/09/2024,2.808
09/09/2024,2.808
06/09/2024,2.827
05/09/2024,2.836
04/09/2024,2.826
30/08/2024,2.830
29/08/2024,2.823
28/08/2024,2.829
27/08/2024,2.821
26/08/2024,2.815
23/08/2024,2.824
22/08/2024,2.813
21/08/2024,2.828
20/08/2024,2.832
19/08/2024,2.843
16/08/2024,2.838
15/08/2024,2.845
14/08/2024,2.843
13/08/2024,2.849
12/08/2024,2.853
09/08/2024,2.868
08/08/2024,2.853
07/08/2024,2.862
06/08/2024,2.868
05/08/2024,2.892
02/08/2024,2.899
01/08/2024,2.880
31/07/2024,2.893
30/07/2024,2.895
29/07/2024,2.903
26/07/2024,2.897
25/07/2024,2.881
24/07/2024,2.908
23/07/2024,2.899
22/07/2024,2.903
19/07/2024,2.895
18/07/2024,2.904
17/07/2024,2.902
16/07/2024,2.899
15/07/2024,2.901
12/07/2024,2.894
11/07/2024,2.890
10/07/2024,2.888
09/07/2024,2.894
08/07/2024,2.883
05/07/2024,2.874
04/07/2024,2.872
03/07/2024,2.857
02/07/2024,2.875
01/07/2024,2.882
28/06/2024,2.885
27/06/2024,2.889
26/06/2024,2.899
25/06/2024,2.878
24/06/2024,2.880
21/06/2024,2.863
20/06/2024,2.850
19/06/2024,2.890
18/06/2024,2.907
17/06/2024,2.903
14/06/2024,2.901
13/06/2024,2.907
12/06/2024,2.932
11/06/2024,2.939
10/06/2024,2.929
07/06/2024,2.908
06/06/2024,2.916
05/06/2024,2.914
04/06/2024,2.911
03/06/2024,2.929
31/05/2024,2.948
30/05/2024,2.967
29/05/2024,2.955
28/05/2024,2.988
27/05/2024,3.014
24/05/2024,3.035
23/05/2024,3.027
22/05/2024,2.959
21/05/2024,2.852
20/05/2024,2.868
17/05/2024,2.857
16/05/2024,2.865
15/05/2024,2.878
14/05/2024,2.877
13/05/2024,2.878
10/05/2024,2.862
09/05/2024,2.875
08/05/2024,2.884
07/05/2024,2.875
06/05/2024,2.881
03/05/2024,2.924
02/05/2024,2.926
01/05/2024,2.850
30/04/2024,2.850
29/04/2024,2.850
26/04/2024,2.900
25/04/2024,2.903
24/04/2024,2.921
23/04/2024,2.910
22/04/2024,2.927
19/04/2024,2.922
18/04/2024,2.873
17/04/2024,2.923
16/04/2024,2.940
15/04/2024,2.894
12/04/2024,2.861
11/04/2024,2.831
10/04/2024,2.809
09/04/2024,2.809
08/04/2024,2.871
05/04/2024,2.883
04/04/2024,2.922
03/04/2024,2.915
02/04/2024,2.879
01/04/2024,2.757
29/03/2024,2.747
28/03/2024,2.678
27/03/2024,2.683
26/03/2024,2.663
25/03/2024,2.658
22/03/2024,2.636
21/03/2024,2.619
20/03/2024,2.641
19/03/2024,2.622
18/03/2024,2.630
15/03/2024,2.623
14/03/2024,2.607
13/03/2024,2.619
12/03/2024,2.609
11/03/2024,2.586
08/03/2024,2.616
07/03/2024,2.495
06/03/2024,2.427
05/03/2024,2.403
04/03/2024,2.406
01/03/2024,2.406
29/02/2024,2.462
28/02/2024,2.378
27/02/2024,2.424
26/02/2024,2.462
23/02/2024,2.427
22/02/2024,2.410
21/02/2024,2.385
20/02/2024,2.402
19/02/2024,2.393
16/02/2024,2.382
15/02/2024,2.398
14/02/2024,2.328
13/02/2024,2.328
12/02/2024,2.328
09/02/2024,2.328
08/02/2024,2.328
07/02/2024,2.405
06/02/2024,2.422
05/02/2024,2.438
02/02/2024,2.405
01/02/2024,2.413
31/01/2024,2.422
30/01/2024,2.397
29/01/2024,2.379
26/01/2024,2.401
25/01/2024,2.369
24/01/2024,2.297
23/01/2024,2.313
22/01/2024,2.358
19/01/2024,2.376
18/01/2024,2.351
17/01/2024,2.358
16/01/2024,2.321
15/01/2024,2.323
12/01/2024,2.328
11/01/2024,2.321
10/01/2024,2.319
09/01/2024,2.308
08/01/2024,2.309
05/01/2024,2.369
04/01/2024,2.385
03/01/2024,2.428
02/01/2024,2.396
01/01/2024,2.318
29/12/2023,2.393
28/12/2023,2.369
27/12/2023,2.360
26/12/2023,2.359
25/12/2023,2.358
22/12/2023,2.359
21/12/2023,2.347
20/12/2023,2.356
19/12/2023,2.376
18/12/2023,2.385
15/12/2023,2.361
14/12/2023,2.399
13/12/2023,2.479
12/12/2023,2.491
11/12/2023,2.499
08/12/2023,2.492
07/12/2023,2.495
06/12/2023,2.483
05/12/2023,2.493
04/12/2023,2.482
01/12/2023,2.486
30/11/2023,2.486
29/11/2023,2.552
28/11/2023,2.582
27/11/2023,2.582
24/11/2023,2.577
23/11/2023,2.536
22/11/2023,2.673
21/11/2023,2.672
20/11/2023,2.674
17/11/2023,2.707
16/11/2023,2.727
15/11/2023,2.764
14/11/2023,2.800
13/11/2023,2.806
10/11/2023,2.828
09/11/2023,2.845
08/11/2023,2.839
07/11/2023,2.906
06/11/2023,2.950
03/11/2023,2.991
02/11/2023,3.015
01/11/2023,3.028
31/10/2023,3.067
30/10/2023,3.067
27/10/2023,3.082
26/10/2023,3.105
25/10/2023,3.117
24/10/2023,3.218
23/10/2023,3.247
20/10/2023,3.253
19/10/2023,3.188
18/10/2023,3.058
17/10/2023,3.046
16/10/2023,3.034
13/10/2023,3.027
12/10/2023,2.995
11/10/2023,3.023
10/10/2023,3.033
09/10/2023,3.041
06/10/2023,3.036
05/10/2023,3.049
04/10/2023,3.028
03/10/2023,2.966
02/10/2023,2.858
29/09/2023,2.838
28/09/2023,2.798
27/09/2023,2.750
26/09/2023,2.791
25/09/2023,2.772
22/09/2023,2.740
21/09/2023,2.711
20/09/2023,2.694
19/09/2023,2.715
18/09/2023,2.695
15/09/2023,2.735
14/09/2023,2.719
13/09/2023,2.719
12/09/2023,2.728
11/09/2023,2.758
08/09/2023,2.753
07/09/2023,2.758
06/09/2023,2.752
05/09/2023,2.743
04/09/2023,2.667
01/09/2023,2.667
31/08/2023,2.717
30/08/2023,2.751
29/08/2023,2.735
28/08/2023,2.708
25/08/2023,2.662
24/08/2023,2.685
23/08/2023,2.694
22/08/2023,2.684
21/08/2023,2.651
18/08/2023,2.579
17/08/2023,2.636
16/08/2023,2.672
15/08/2023,2.616
14/08/2023,2.591
11/08/2023,2.555
10/08/2023,2.539
09/08/2023,2.598
08/08/2023,2.574
07/08/2023,2.574
04/08/2023,2.498
03/08/2023,2.527
02/08/2023,2.527
01/08/2023,2.497
31/07/2023,2.561
28/07/2023,2.551
27/07/2023,2.537
26/07/2023,2.595
25/07/2023,2.564
24/07/2023,2.599
21/07/2023,2.561
20/07/2023,2.578
19/07/2023,2.603
18/07/2023,2.658
17/07/2023,2.673
14/07/2023,2.793
13/07/2023,2.778
12/07/2023,2.834
11/07/2023,2.787
10/07/2023,2.842
07/07/2023,2.914
06/07/2023,2.864
05/07/2023,2.839
04/07/2023,2.876
03/07/2023,2.863
30/06/2023,2.747
29/06/2023,2.699
28/06/2023,2.662
27/06/2023,2.690
26/06/2023,2.691
23/06/2023,2.743
22/06/2023,2.684
21/06/2023,2.845
20/06/2023,2.857
19/06/2023,2.898
16/06/2023,2.936
15/06/2023,3.065
14/06/2023,3.058
13/06/2023,3.103
12/06/2023,3.164
09/06/2023,3.163
08/06/2023,3.205
07/06/2023,3.188
06/06/2023,3.196
05/06/2023,3.204
02/06/2023,3.181
01/06/2023,3.232
31/05/2023,3.270
30/05/2023,3.282
29/05/2023,3.361
26/05/2023,3.308
25/05/2023,3.238
24/05/2023,3.146
23/05/2023,3.131
22/05/2023,3.143
19/05/2023,3.096
18/05/2023,3.093
17/05/2023,3.118
16/05/2023,3.104
15/05/2023,3.118
12/05/2023,3.118
11/05/2023,3.131
10/05/2023,3.203
09/05/2023,3.165
08/05/2023,3.194
05/05/2023,3.266
04/05/2023,3.331
03/05/2023,3.313
02/05/2023,3.313
01/05/2023,3.313
28/04/2023,3.363
27/04/2023,3.336
26/04/2023,3.375
25/04/2023,3.392
24/04/2023,3.491
21/04/2023,3.419
20/04/2023,3.449
19/04/2023,3.443
18/04/2023,3.477
17/04/2023,3.412
14/04/2023,3.470
13/04/2023,3.489
12/04/2023,3.429
11/04/2023,3.445
10/04/2023,3.452
07/04/2023,3.547
06/04/2023,3.600
05/04/2023,3.574
04/04/2023,3.564
03/04/2023,3.592
31/03/2023,3.469
30/03/2023,3.714
29/03/2023,3.746
28/03/2023,3.758
27/03/2023,3.781
24/03/2023,3.705
23/03/2023,3.873
22/03/2023,3.914
21/03/2023,3.988
20/03/2023,4.030
17/03/2023,4.098
16/03/2023,4.103
15/03/2023,4.273
14/03/2023,4.304
13/03/2023,4.360
10/03/2023,4.465
09/03/2023,4.519
08/03/2023,4.578
07/03/2023,4.551
06/03/2023,4.585
03/03/2023,4.595
02/03/2023,4.590
01/03/2023,4.537
28/02/2023,4.532
27/02/2023,4.545
24/02/2023,4.577
23/02/2023,4.556
22/02/2023,4.529
21/02/2023,4.446
20/02/2023,4.375
17/02/2023,4.347
16/02/2023,4.311
15/02/2023,4.251
14/02/2023,4.205
13/02/2023,4.251
10/02/2023,4.254
09/02/2023,4.257
08/02/2023,4.323
07/02/2023,4.301
06/02/2023,4.322
03/02/2023,4.326
02/02/2023,4.358
01/02/2023,4.475
31/01/2023,4.639
30/01/2023,4.721
27/01/2023,4.762
26/01/2023,4.739
25/01/2023,4.739
24/01/2023,4.739
23/01/2023,4.739
20/01/2023,4.739
19/01/2023,4.790
18/01/2023,4.799
17/01/2023,4.818
16/01/2023,4.818
13/01/2023,4.822
12/01/2023,4.840
11/01/2023,4.910
10/01/2023,4.919
09/01/2023,4.941
06/01/2023,4.982
05/01/2023,5.000
04/01/2023,5.032
03/01/2023,5.028
02/01/2023,4.987
30/12/2022,5.037
29/12/2022,5.042
28/12/2022,5.078
27/12/2022,5.087
26/12/2022,5.087
23/12/2022,5.092
22/12/2022,5.092
21/12/2022,5.117
20/12/2022,5.117
19/12/2022,5.122
16/12/2022,5.129
15/12/2022,5.129
14/12/2022,5.138
13/12/2022,5.138
12/12/2022,5.143
09/12/2022,5.143
08/12/2022,5.152
07/12/2022,5.170
06/12/2022,5.170
05/12/2022,5.163
02/12/2022,5.168
01/12/2022,5.168
30/11/2022,5.164
29/11/2022,5.155
28/11/2022,5.159
25/11/2022,5.159
24/11/2022,5.159
23/11/2022,5.146
22/11/2022,5.146
21/11/2022,5.142
18/11/2022,5.142
17/11/2022,5.129
16/11/2022,5.147
15/11/2022,5.151
14/11/2022,5.141
11/11/2022,5.168
10/11/2022,5.164
09/11/2022,5.167
08/11/2022,5.177
07/11/2022,5.203
04/11/2022,5.209
03/11/2022,5.209
02/11/2022,5.190
01/11/2022,5.194
31/10/2022,5.194
28/10/2022,5.189
27/10/2022,5.204
26/10/2022,5.172
25/10/2022,5.159
24/10/2022,5.095
21/10/2022,5.078
20/10/2022,5.050
19/10/2022,5.051
18/10/2022,5.056
17/10/2022,5.132
14/10/2022,5.171
13/10/2022,5.171
12/10/2022,5.180
11/10/2022,5.154
10/10/2022,5.131
07/10/2022,5.142
06/10/2022,5.123
05/10/2022,5.128
04/10/2022,5.115
03/10/2022,5.027
30/09/2022,5.016
29/09/2022,4.975
28/09/2022,5.025
27/09/2022,4.874
26/09/2022,4.667
23/09/2022,4.645
22/09/2022,4.531
21/09/2022,4.305
20/09/2022,3.943
19/09/2022,3.896
16/09/2022,3.900
15/09/2022,3.862
14/09/2022,3.852
13/09/2022,3.803
12/09/2022,3.800
09/09/2022,3.817
08/09/2022,3.833
07/09/2022,3.819
06/09/2022,3.769
05/09/2022,3.716
02/09/2022,3.631
01/09/2022,3.631
31/08/2022,3.681
30/08/2022,3.673
29/08/2022,3.668
26/08/2022,3.641
25/08/2022,3.645
24/08/2022,3.647
23/08/2022,3.642
22/08/2022,3.609
19/08/2022,3.603
18/08/2022,3.596
17/08/2022,3.618
16/08/2022,3.599
15/08/2022,3.621
12/08/2022,3.618
11/08/2022,3.591
10/08/2022,3.718
09/08/2022,3.710
08/08/2022,3.700
05/08/2022,3.712
04/08/2022,3.686
03/08/2022,3.600
02/08/2022,3.595
01/08/2022,3.686
29/07/2022,3.632
28/07/2022,3.707
27/07/2022,3.863
26/07/2022,3.487
25/07/2022,3.431
22/07/2022,3.427
21/07/2022,3.428
20/07/2022,3.414
19/07/2022,3.422
18/07/2022,3.425
15/07/2022,3.400
14/07/2022,3.390
13/07/2022,3.360
12/07/2022,3.364
11/07/2022,3.361
08/07/2022,3.378
07/07/2022,3.361
06/07/2022,3.360
05/07/2022,3.368
04/07/2022,3.375
01/07/2022,3.365
30/06/2022,3.368
29/06/2022,3.373
28/06/2022,3.395
27/06/2022,3.401
24/06/2022,3.428
23/06/2022,3.418
22/06/2022,3.421
21/06/2022,3.426
20/06/2022,3.439
17/06/2022,3.432
16/06/2022,3.445
15/06/2022,3.451
14/06/2022,3.392
13/06/2022,3.317
10/06/2022,3.273
09/06/2022,3.283
08/06/2022,3.267
07/06/2022,3.268
06/06/2022,3.263
03/06/2022,3.267
02/06/2022,3.263
01/06/2022,3.262
31/05/2022,3.249
30/05/2022,3.251
27/05/2022,3.247
26/05/2022,3.249
25/05/2022,3.230
24/05/2022,3.243
23/05/2022,3.267
20/05/2022,3.249
19/05/2022,3.279
18/05/2022,3.332
17/05/2022,3.342
16/05/2022,3.343
13/05/2022,3.415
12/05/2022,3.388
11/05/2022,3.302
10/05/2022,3.235
09/05/2022,3.239
06/05/2022,3.191
05/05/2022,3.159
04/05/2022,3.137
03/05/2022,3.053
02/05/2022,3.053
29/04/2022,3.103
28/04/2022,3.127
27/04/2022,3.128
26/04/2022,3.123
25/04/2022,3.163
22/04/2022,3.183
21/04/2022,3.181
20/04/2022,3.192
19/04/2022,3.167
18/04/2022,3.171
15/04/2022,3.165
14/04/2022,3.112
13/04/2022,3.134
12/04/2022,3.149
11/04/2022,2.823
08/04/2022,2.873
07/04/2022,2.802
06/04/2022,2.841
05/04/2022,2.538
04/04/2022,2.507
01/04/2022,2.501
31/03/2022,2.479
30/03/2022,2.498
29/03/2022,2.502
28/03/2022,2.519
25/03/2022,2.493
24/03/2022,2.511
23/03/2022,2.525
22/03/2022,2.538
21/03/2022,2.506
18/03/2022,2.432
17/03/2022,2.428
16/03/2022,2.416
15/03/2022,2.394
14/03/2022,2.372
11/03/2022,2.366
10/03/2022,2.353
09/03/2022,2.399
08/03/2022,2.373
07/03/2022,2.385
04/03/2022,2.345
03/03/2022,2.415
02/03/2022,2.355
01/03/2022,2.355
28/02/2022,2.340
25/02/2022,2.284
24/02/2022,2.289
23/02/2022,2.296
22/02/2022,2.285
21/02/2022,2.294
18/02/2022,2.307
17/02/2022,2.348
16/02/2022,2.261
15/02/2022,2.222
14/02/2022,2.191
11/02/2022,2.192
10/02/2022,2.180
09/02/2022,2.190
08/02/2022,2.146
07/02/2022,2.157
04/02/2022,2.113
03/02/2022,2.113
02/02/2022,2.113
01/02/2022,2.113
31/01/2022,2.113
28/01/2022,2.163
27/01/2022,2.159
26/01/2022,2.136
25/01/2022,2.155
24/01/2022,2.139
21/01/2022,2.137
20/01/2022,2.144
19/01/2022,2.135
18/01/2022,2.125
17/01/2022,2.141
14/01/2022,2.140
13/01/2022,2.151
12/01/2022,2.142
11/01/2022,2.165
10/01/2022,2.146
07/01/2022,2.176
06/01/2022,2.150
05/01/2022,2.148
04/01/2022,2.179
03/01/2022,2.050
31/12/2021,2.100
30/12/2021,2.123
29/12/2021,2.130
28/12/2021,2.130
27/12/2021,2.093
24/12/2021,2.089
23/12/2021,2.098
22/12/2021,2.112
21/12/2021,2.079
20/12/2021,2.070
17/12/2021,2.092
16/12/2021,2.078
15/12/2021,2.038
14/12/2021,2.058
13/12/2021,2.057
10/12/2021,2.076
09/12/2021,2.077
08/12/2021,2.088
07/12/2021,2.072
06/12/2021,2.090
03/12/2021,2.093
02/12/2021,2.076
01/12/2021,2.096
30/11/2021,2.082
29/11/2021,2.065
26/11/2021,2.068
25/11/2021,2.076
24/11/2021,2.082
23/11/2021,2.056
22/11/2021,2.062
19/11/2021,2.049
18/11/2021,2.065
17/11/2021,2.057
16/11/2021,2.056
15/11/2021,2.075
12/11/2021,2.092
11/11/2021,2.096
10/11/2021,2.107
09/11/2021,2.107
08/11/2021,2.099
05/11/2021,2.134
04/11/2021,2.136
03/11/2021,2.158
02/11/2021,2.153
01/11/2021,2.159
29/10/2021,2.116
28/10/2021,2.114
27/10/2021,2.128
26/10/2021,2.114
25/10/2021,2.108
22/10/2021,2.114
21/10/2021,2.131
20/10/2021,2.140
19/10/2021,2.130
18/10/2021,2.125
15/10/2021,2.123
14/10/2021,2.129
13/10/2021,2.134
12/10/2021,2.134
11/10/2021,2.135
08/10/2021,2.132
07/10/2021,2.120
06/10/2021,2.110
05/10/2021,2.114
04/10/2021,2.125
03/10/2021,2.071
01/10/2021,2.121
30/09/2021,2.132
29/09/2021,2.145
28/09/2021,2.110
27/09/2021,2.143
24/09/2021,2.118
23/09/2021,2.119
22/09/2021,2.114
21/09/2021,2.088
20/09/2021,2.087
17/09/2021,2.071
16/09/2021,2.054
15/09/2021,2.043
14/09/2021,2.093
13/09/2021,2.051
10/09/2021,2.077
09/09/2021,2.059
08/09/2021,2.059
07/09/2021,2.082
06/09/2021,2.111
03/09/2021,2.020
02/09/2021,2.020
01/09/2021,2.070
31/08/2021,2.095
30/08/2021,2.078
27/08/2021,2.101
26/08/2021,2.084
25/08/2021,2.075
24/08/2021,2.081
23/08/2021,2.092
20/08/2021,2.069
19/08/2021,2.113
18/08/2021,2.115
17/08/2021,2.089
16/08/2021,2.086
13/08/2021,2.160
12/08/2021,2.106
11/08/2021,2.143
10/08/2021,2.127
09/08/2021,2.142
06/08/2021,2.118
05/08/2021,2.149
04/08/2021,2.172
03/08/2021,2.105
02/08/2021,2.212
30/07/2021,2.153
29/07/2021,2.119
28/07/2021,2.152
27/07/2021,2.116
26/07/2021,2.114
23/07/2021,2.127
22/07/2021,2.119
21/07/2021,2.123
20/07/2021,2.132
19/07/2021,2.133
16/07/2021,2.124
15/07/2021,2.103
14/07/2021,2.101
13/07/2021,2.144
12/07/2021,2.151
09/07/2021,2.127
08/07/2021,2.128
07/07/2021,2.154
06/07/2021,2.128
05/07/2021,2.134
02/07/2021,2.149
01/07/2021,2.161
30/06/2021,2.174
29/06/2021,2.179
28/06/2021,2.212
25/06/2021,2.224
24/06/2021,2.173
23/06/2021,2.179
22/06/2021,2.158
21/06/2021,2.176
18/06/2021,2.127
17/06/2021,2.167
16/06/2021,2.168
15/06/2021,2.210
14/06/2021,2.169
11/06/2021,2.181
10/06/2021,2.215
09/06/2021,2.205
08/06/2021,2.221
07/06/2021,2.242
04/06/2021,2.239
03/06/2021,2.253
02/06/2021,2.212
01/06/2021,2.253
31/05/2021,2.273
28/05/2021,2.298
27/05/2021,2.304
26/05/2021,2.317
25/05/2021,2.316
24/05/2021,2.324
21/05/2021,2.346
20/05/2021,2.345
19/05/2021,2.356
18/05/2021,2.366
17/05/2021,2.369
14/05/2021,2.379
13/05/2021,2.390
12/05/2021,2.372
11/05/2021,2.389
10/05/2021,2.393
07/05/2021,2.400
06/05/2021,2.398
05/05/2021,2.374
04/05/2021,2.378
03/05/2021,2.262
30/04/2021,2.263
29/04/2021,2.313
28/04/2021,2.313
27/04/2021,2.308
26/04/2021,2.281
23/04/2021,2.295
22/04/2021,2.243
21/04/2021,2.269
20/04/2021,2.319
19/04/2021,2.337
16/04/2021,2.287
15/04/2021,2.373
14/04/2021,2.376
13/04/2021,2.363
12/04/2021,2.386
09/04/2021,2.373
08/04/2021,2.365
07/04/2021,2.363
06/04/2021,2.367
05/04/2021,2.385
02/04/2021,2.362
01/04/2021,2.351
31/03/2021,2.386
30/03/2021,2.385
29/03/2021,2.382
26/03/2021,2.359
25/03/2021,2.395
24/03/2021,2.346
23/03/2021,2.389
22/03/2021,2.408
19/03/2021,2.431
18/03/2021,2.412
17/03/2021,2.420
16/03/2021,2.376
15/03/2021,2.362
12/03/2021,2.359
11/03/2021,2.393
10/03/2021,2.332
09/03/2021,2.388
08/03/2021,2.365
05/03/2021,2.343
04/03/2021,2.377
03/03/2021,2.295
02/03/2021,2.304
01/03/2021,2.335
26/02/2021,2.355
25/02/2021,2.310
24/02/2021,2.270
23/02/2021,2.276
22/02/2021,2.243
19/02/2021,2.221
18/02/2021,2.254
17/02/2021,2.209
16/02/2021,2.217
15/02/2021,2.217
12/02/2021,2.217
11/02/2021,2.051
10/02/2021,2.217
09/02/2021,2.273
08/02/2021,2.268
05/02/2021,2.247
04/02/2021,2.251
03/02/2021,2.295
02/02/2021,2.302
01/02/2021,2.279
29/01/2021,2.304
28/01/2021,2.315
27/01/2021,2.230
26/01/2021,2.231
25/01/2021,2.207
22/01/2021,2.188
21/01/2021,2.188
20/01/2021,2.212
19/01/2021,2.060
18/01/2021,2.197
15/01/2021,2.207
14/01/2021,2.322
13/01/2021,2.331
12/01/2021,2.384
11/01/2021,2.402
08/01/2021,2.436
07/01/2021,2.422
06/01/2021,2.427
05/01/2021,2.415
04/01/2021,2.432
31/12/2020,2.451
30/12/2020,2.419
29/12/2020,2.310
28/12/2020,2.322
25/12/2020,2.307
24/12/2020,2.284
23/12/2020,2.302
22/12/2020,2.293
21/12/2020,2.337
18/12/2020,2.330
17/12/2020,2.315
16/12/2020,2.322
15/12/2020,2.296
14/12/2020,2.346
11/12/2020,2.371
10/12/2020,2.339
09/12/2020,2.392
08/12/2020,2.385
07/12/2020,2.361
04/12/2020,2.379
03/12/2020,2.394
02/12/2020,2.420
01/12/2020,2.420
30/11/2020,2.421
27/11/2020,2.434
26/11/2020,2.380
25/11/2020,2.493
24/11/2020,2.514
23/11/2020,2.530
20/11/2020,2.536
19/11/2020,2.542
18/11/2020,2.538
17/11/2020,2.568
16/11/2020,2.564
13/11/2020,2.576
12/11/2020,2.570
11/11/2020,2.554
10/11/2020,2.577
09/11/2020,2.589
06/11/2020,2.575
05/11/2020,2.557
04/11/2020,2.592
03/11/2020,2.592
02/11/2020,2.600
30/10/2020,2.574
29/10/2020,2.604
28/10/2020,2.569
27/10/2020,2.546
26/10/2020,2.551
23/10/2020,2.553
22/10/2020,2.563
21/10/2020,2.561
20/10/2020,2.540
19/10/2020,2.567
16/10/2020,2.549
15/10/2020,2.539
14/10/2020,2.541
13/10/2020,2.545
12/10/2020,2.539
09/10/2020,2.529
08/10/2020,2.500
07/10/2020,2.502
06/10/2020,2.517
05/10/2020,2.488
02/10/2020,2.458
01/10/2020,2.526
30/09/2020,2.743
29/09/2020,2.756
28/09/2020,2.767
25/09/2020,2.771
24/09/2020,2.793
23/09/2020,2.775
22/09/2020,2.772
21/09/2020,2.777
18/09/2020,2.803
17/09/2020,2.820
16/09/2020,2.824
15/09/2020,2.834
14/09/2020,2.843
11/09/2020,2.878
10/09/2020,2.904
09/09/2020,2.918
08/09/2020,2.914
07/09/2020,2.922
04/09/2020,2.914
03/09/2020,2.922
02/09/2020,2.860
01/09/2020,2.910
31/08/2020,2.873
28/08/2020,2.882
27/08/2020,2.890
26/08/2020,2.893
25/08/2020,2.896
24/08/2020,2.900
21/08/2020,2.886
20/08/2020,2.902
19/08/2020,2.894
18/08/2020,2.888
17/08/2020,2.888
14/08/2020,2.889
13/08/2020,2.897
12/08/2020,2.867
11/08/2020,2.877
10/08/2020,2.869
07/08/2020,2.885
06/08/2020,2.871
05/08/2020,2.860
04/08/2020,2.901
03/08/2020,2.970
31/07/2020,2.966
30/07/2020,2.987
29/07/2020,3.057
28/07/2020,2.948
27/07/2020,2.907
24/07/2020,2.886
23/07/2020,2.909
22/07/2020,2.867
21/07/2020,2.897
20/07/2020,2.901
17/07/2020,2.881
16/07/2020,2.891
15/07/2020,2.830
14/07/2020,2.844
13/07/2020,2.911
10/07/2020,2.919
09/07/2020,2.919
08/07/2020,2.954
07/07/2020,2.957
06/07/2020,2.993
03/07/2020,3.007
02/07/2020,2.997
01/07/2020,3.019
30/06/2020,3.033
29/06/2020,3.043
26/06/2020,3.026
25/06/2020,3.019
24/06/2020,3.056
23/06/2020,3.055
22/06/2020,3.062
19/06/2020,3.069
18/06/2020,3.039
17/06/2020,3.071
16/06/2020,3.059
15/06/2020,3.073
12/06/2020,3.067
11/06/2020,3.059
10/06/2020,3.080
09/06/2020,3.113
08/06/2020,3.121
05/06/2020,3.096
04/06/2020,3.091
03/06/2020,3.101
02/06/2020,3.122
01/06/2020,3.126
29/05/2020,3.146
28/05/2020,3.158
27/05/2020,3.083
26/05/2020,3.053
25/05/2020,3.058
22/05/2020,3.026
21/05/2020,2.919
20/05/2020,2.951
19/05/2020,2.921
18/05/2020,2.999
15/05/2020,3.010
14/05/2020,3.000
13/05/2020,2.918
12/05/2020,2.946
11/05/2020,2.944
08/05/2020,3.063
07/05/2020,3.158
06/05/2020,3.110
05/05/2020,3.024
04/05/2020,3.042
01/05/2020,2.974
30/04/2020,2.974
29/04/2020,3.050
28/04/2020,3.065
27/04/2020,3.096
24/04/2020,3.197
23/04/2020,3.183
22/04/2020,3.246
21/04/2020,3.247
20/04/2020,3.229
17/04/2020,3.246
16/04/2020,3.278
15/04/2020,3.306
14/04/2020,3.244
13/04/2020,3.219
10/04/2020,3.224
09/04/2020,3.155
08/04/2020,3.142
07/04/2020,3.174
06/04/2020,3.437
03/04/2020,3.526
02/04/2020,3.547
01/04/2020,3.622
31/03/2020,3.517
30/03/2020,3.540
27/03/2020,3.454
26/03/2020,3.299
25/03/2020,2.969
24/03/2020,3.158
23/03/2020,3.170
20/03/2020,2.880
19/03/2020,2.845
18/03/2020,2.596
17/03/2020,2.473
16/03/2020,2.424
13/03/2020,2.439
12/03/2020,2.414
11/03/2020,2.302
10/03/2020,2.338
09/03/2020,2.235
06/03/2020,2.340
05/03/2020,2.463
04/03/2020,2.556
03/03/2020,2.754
02/03/2020,2.806
28/02/2020,2.856
27/02/2020,2.897
26/02/2020,2.864
25/02/2020,2.880
24/02/2020,2.956
21/02/2020,2.877
20/02/2020,2.839
19/02/2020,2.850
18/02/2020,2.835
17/02/2020,2.823
14/02/2020,2.975
13/02/2020,3.090
12/02/2020,3.027
11/02/2020,3.072
10/02/2020,3.075
07/02/2020,3.046
06/02/2020,3.013
05/02/2020,3.068
04/02/2020,3.128
03/02/2020,3.328
31/01/2020,3.157
30/01/2020,3.144
29/01/2020,3.056
27/01/2020,3.056
24/01/2020,3.056
23/01/2020,3.056
22/01/2020,3.111
21/01/2020,3.072
20/01/2020,2.944
17/01/2020,2.846
16/01/2020,2.876
15/01/2020,2.923
14/01/2020,3.035
13/01/2020,3.068
10/01/2020,3.075
09/01/2020,3.078
08/01/2020,3.115
07/01/2020,3.169
06/01/2020,3.212
03/01/2020,3.375
02/01/2020,3.417
01/01/2020,3.328
31/12/2019,3.378
30/12/2019,3.386
27/12/2019,3.370
26/12/2019,3.375
25/12/2019,3.422
24/12/2019,3.456
23/12/2019,3.484
20/12/2019,3.489
19/12/2019,3.492
18/12/2019,3.508
17/12/2019,3.502
16/12/2019,3.510
13/12/2019,3.506
12/12/2019,3.520
11/12/2019,3.513
10/12/2019,3.515
09/12/2019,3.514
06/12/2019,3.503
05/12/2019,3.516
04/12/2019,3.542
03/12/2019,3.543
02/12/2019,3.545
29/11/2019,3.568
28/11/2019,3.539
27/11/2019,3.543
26/11/2019,3.707
25/11/2019,3.679
22/11/2019,3.683
21/11/2019,3.692
20/11/2019,3.681
19/11/2019,3.634
18/11/2019,3.664
15/11/2019,3.712
14/11/2019,3.699
13/11/2019,3.780
12/11/2019,3.757
11/11/2019,3.740
08/11/2019,3.728
07/11/2019,3.723
06/11/2019,3.745
05/11/2019,3.756
04/11/2019,3.737
01/11/2019,3.659
31/10/2019,3.649
30/10/2019,3.633
29/10/2019,3.637
28/10/2019,3.731
25/10/2019,3.688
24/10/2019,3.587
23/10/2019,3.547
22/10/2019,3.606
21/10/2019,3.648
18/10/2019,3.683
17/10/2019,3.746
16/10/2019,3.838
15/10/2019,3.879
14/10/2019,3.902
11/10/2019,3.919
10/10/2019,3.927
09/10/2019,3.960
08/10/2019,3.976
07/10/2019,3.993
04/10/2019,3.999
03/10/2019,4.016
02/10/2019,4.000
01/10/2019,4.026
30/09/2019,4.057
27/09/2019,4.050
26/09/2019,4.030
25/09/2019,4.010
24/09/2019,4.003
23/09/2019,4.043
20/09/2019,4.007
19/09/2019,4.041
18/09/2019,4.013
17/09/2019,4.049
16/09/2019,4.006
13/09/2019,3.984
12/09/2019,4.054
11/09/2019,4.120
10/09/2019,4.110
09/09/2019,4.075
06/09/2019,4.079
05/09/2019,4.087
04/09/2019,4.139
03/09/2019,4.172
02/09/2019,4.162
30/08/2019,4.162
29/08/2019,4.209
28/08/2019,4.217
27/08/2019,4.241
26/08/2019,4.240
23/08/2019,4.202
22/08/2019,4.261
21/08/2019,4.319
20/08/2019,4.332
19/08/2019,4.323
16/08/2019,4.260
15/08/2019,4.268
14/08/2019,4.411
13/08/2019,4.446
12/08/2019,4.455
09/08/2019,4.450
08/08/2019,4.469
07/08/2019,4.460
06/08/2019,4.464
05/08/2019,4.454
02/08/2019,4.449
01/08/2019,4.478
31/07/2019,4.404
30/07/2019,4.444
29/07/2019,4.447
26/07/2019,4.446
25/07/2019,4.438
24/07/2019,4.465
23/07/2019,4.469
22/07/2019,4.452
19/07/2019,4.488
18/07/2019,4.523
17/07/2019,4.520
16/07/2019,4.534
15/07/2019,4.539
12/07/2019,4.556
11/07/2019,4.541
10/07/2019,4.595
09/07/2019,4.613
08/07/2019,4.613
05/07/2019,4.613
04/07/2019,4.628
03/07/2019,4.652
02/07/2019,4.650
01/07/2019,4.668
28/06/2019,4.654
27/06/2019,4.659
26/06/2019,4.671
25/06/2019,4.653
24/06/2019,4.655
21/06/2019,4.657
20/06/2019,4.660
19/06/2019,4.668
18/06/2019,4.659
17/06/2019,4.660
14/06/2019,4.672
13/06/2019,4.679
12/06/2019,4.672
11/06/2019,4.669
10/06/2019,4.678
07/06/2019,4.659
06/06/2019,4.676
05/06/2019,4.693
04/06/2019,4.694
03/06/2019,4.682
31/05/2019,4.701
30/05/2019,4.708
29/05/2019,4.714
28/05/2019,4.722
27/05/2019,4.727
24/05/2019,4.729
23/05/2019,4.735
22/05/2019,4.738
21/05/2019,4.737
20/05/2019,4.743
17/05/2019,4.743
16/05/2019,4.741
15/05/2019,4.752
14/05/2019,4.757
13/05/2019,4.761
10/05/2019,4.770
09/05/2019,4.773
08/05/2019,4.773
07/05/2019,4.776
06/05/2019,4.776
03/05/2019,4.754
02/05/2019,4.761
01/05/2019,4.764
30/04/2019,4.764
29/04/2019,4.764
26/04/2019,4.764
25/04/2019,4.759
24/04/2019,4.764
23/04/2019,4.760
22/04/2019,4.754
19/04/2019,4.774
18/04/2019,4.780
17/04/2019,4.790
16/04/2019,4.787
15/04/2019,4.796
12/04/2019,4.796
11/04/2019,4.806
10/04/2019,4.815
09/04/2019,4.812
08/04/2019,4.813
05/04/2019,4.813
04/04/2019,4.813
03/04/2019,4.825
02/04/2019,4.807
01/04/2019,4.803
29/03/2019,4.828
28/03/2019,4.848
27/03/2019,4.851
26/03/2019,4.868
25/03/2019,4.833
22/03/2019,4.834
21/03/2019,4.836
20/03/2019,4.812
19/03/2019,4.799
18/03/2019,4.798
15/03/2019,4.794
14/03/2019,4.790
13/03/2019,4.786
12/03/2019,4.791
11/03/2019,4.795
08/03/2019,4.783
07/03/2019,4.786
06/03/2019,4.778
05/03/2019,4.768
04/03/2019,4.762
01/03/2019,4.762
28/02/2019,4.755
27/02/2019,4.760
26/02/2019,4.769
25/02/2019,4.762
22/02/2019,4.754
21/02/2019,4.711
20/02/2019,4.712
19/02/2019,4.705
18/02/2019,4.702
15/02/2019,4.696
14/02/2019,4.748
13/02/2019,4.782
12/02/2019,4.805
11/02/2019,4.834
08/02/2019,4.868
07/02/2019,4.868
06/02/2019,4.868
05/02/2019,4.868
04/02/2019,4.868
01/02/2019,4.868
31/01/2019,4.881
30/01/2019,4.900
29/01/2019,4.895
28/01/2019,4.900
25/01/2019,4.902
24/01/2019,4.908
23/01/2019,4.929
22/01/2019,4.929
21/01/2019,4.940
18/01/2019,4.943
17/01/2019,4.933
16/01/2019,4.952
15/01/2019,4.996
14/01/2019,4.988
11/01/2019,5.000
10/01/2019,5.022
09/01/2019,5.115
08/01/2019,5.046
07/01/2019,5.159
04/01/2019,5.167
03/01/2019,5.167
02/01/2019,5.171
01/01/2019,5.166
31/12/2018,5.166
28/12/2018,5.166
27/12/2018,5.160
26/12/2018,5.167
25/12/2018,5.172
24/12/2018,5.172
21/12/2018,5.177
20/12/2018,5.196
19/12/2018,5.199
18/12/2018,5.199
17/12/2018,5.199
14/12/2018,5.199
13/12/2018,5.193
12/12/2018,5.200
11/12/2018,5.193
10/12/2018,5.193
07/12/2018,5.191
06/12/2018,5.192
05/12/2018,5.214
04/12/2018,5.195
03/12/2018,5.166
30/11/2018,5.166
29/11/2018,5.161
28/11/2018,5.164
27/11/2018,5.162
26/11/2018,5.167
23/11/2018,5.191
22/11/2018,5.176
21/11/2018,5.176
20/11/2018,5.162
19/11/2018,5.198
16/11/2018,5.155
15/11/2018,5.190
14/11/2018,5.206
13/11/2018,5.189
12/11/2018,5.176
09/11/2018,5.176
08/11/2018,5.171
07/11/2018,5.174
06/11/2018,5.177
05/11/2018,5.171
02/11/2018,5.178
01/11/2018,5.182
31/10/2018,5.183
30/10/2018,5.183
29/10/2018,5.165
26/10/2018,5.158
25/10/2018,5.151
24/10/2018,5.130
23/10/2018,5.097
22/10/2018,5.094
19/10/2018,5.094
18/10/2018,5.094
17/10/2018,5.066
16/10/2018,5.067
15/10/2018,5.067
12/10/2018,5.073
11/10/2018,5.075
10/10/2018,5.075
09/10/2018,5.032
08/10/2018,5.026
05/10/2018,5.037
04/10/2018,5.028
03/10/2018,5.038
02/10/2018,5.028
01/10/2018,5.028
28/09/2018,5.028
27/09/2018,5.029
26/09/2018,5.029
25/09/2018,5.030
24/09/2018,4.961
21/09/2018,5.103
20/09/2018,5.099
19/09/2018,5.100
18/09/2018,5.104
17/09/2018,5.043
14/09/2018,5.067
13/09/2018,5.131
12/09/2018,5.159
11/09/2018,5.195
10/09/2018,5.202
07/09/2018,5.218
06/09/2018,5.213
05/09/2018,5.180
04/09/2018,5.202
03/09/2018,5.172
31/08/2018,5.172
30/08/2018,5.188
29/08/2018,5.185
28/08/2018,5.179
27/08/2018,5.169
24/08/2018,5.163
23/08/2018,5.175
22/08/2018,5.100
21/08/2018,5.100
20/08/2018,5.096
17/08/2018,5.078
16/08/2018,5.004
15/08/2018,5.011
14/08/2018,5.022
13/08/2018,4.990
10/08/2018,4.969
09/08/2018,5.033
08/08/2018,5.033
07/08/2018,5.034
06/08/2018,5.037
03/08/2018,5.037
02/08/2018,4.960
01/08/2018,4.951
31/07/2018,4.923
30/07/2018,4.975
27/07/2018,4.886
26/07/2018,4.867
25/07/2018,4.931
24/07/2018,4.880
23/07/2018,4.881
20/07/2018,4.854
19/07/2018,4.856
18/07/2018,4.851
17/07/2018,4.853
16/07/2018,4.839
13/07/2018,4.839
12/07/2018,4.844
11/07/2018,4.844
10/07/2018,4.844
09/07/2018,4.845
06/07/2018,4.850
05/07/2018,4.850
04/07/2018,4.820
03/07/2018,4.820
02/07/2018,4.742
29/06/2018,4.743
28/06/2018,4.734
27/06/2018,4.756
26/06/2018,4.756
25/06/2018,4.741
22/06/2018,4.729
21/06/2018,4.735
20/06/2018,4.749
19/06/2018,4.740
18/06/2018,4.727
15/06/2018,4.739
14/06/2018,4.710
13/06/2018,4.731
12/06/2018,4.687
11/06/2018,4.687
08/06/2018,4.686
07/06/2018,4.688
06/06/2018,4.685
05/06/2018,4.670
04/06/2018,4.662
01/06/2018,4.664
31/05/2018,4.658
30/05/2018,4.611
29/05/2018,4.617
28/05/2018,4.567
25/05/2018,4.591
24/05/2018,4.565
23/05/2018,4.564
22/05/2018,4.560
21/05/2018,4.562
20/05/2018,4.539
18/05/2018,4.539
17/05/2018,4.569
16/05/2018,4.548
15/05/2018,4.544
14/05/2018,4.556
11/05/2018,4.552
10/05/2018,4.554
09/05/2018,4.559
08/05/2018,4.551
07/05/2018,4.549
04/05/2018,4.579
03/05/2018,4.639
02/05/2018,4.662
01/05/2018,4.682
30/04/2018,4.682
27/04/2018,4.682
26/04/2018,4.403
25/04/2018,4.404
24/04/2018,4.404
23/04/2018,4.390
20/04/2018,4.392
19/04/2018,4.378
18/04/2018,4.374
17/04/2018,4.373
16/04/2018,4.373
13/04/2018,4.359
12/04/2018,4.370
11/04/2018,4.333
10/04/2018,4.310
09/04/2018,4.285
06/04/2018,4.285
05/04/2018,4.225
04/04/2018,4.208
03/04/2018,4.177
02/04/2018,4.190
30/03/2018,4.196
29/03/2018,4.216
28/03/2018,4.165
27/03/2018,4.151
26/03/2018,4.156
23/03/2018,4.165
22/03/2018,4.158
21/03/2018,4.159
20/03/2018,4.155
19/03/2018,4.151
16/03/2018,4.160
15/03/2018,4.155
14/03/2018,4.158
13/03/2018,4.148
12/03/2018,4.154
09/03/2018,4.153
08/03/2018,4.114
07/03/2018,4.102
06/03/2018,4.155
05/03/2018,4.160
02/03/2018,4.199
01/03/2018,4.170
28/02/2018,4.307
27/02/2018,4.303
26/02/2018,4.257
23/02/2018,4.266
22/02/2018,4.291
21/02/2018,4.344
20/02/2018,4.361
19/02/2018,4.361
18/02/2018,4.361
16/02/2018,4.361
15/02/2018,4.361
14/02/2018,4.361
13/02/2018,4.361
12/02/2018,4.348
09/02/2018,4.384
08/02/2018,4.376
07/02/2018,4.399
06/02/2018,4.475
05/02/2018,4.294
02/02/2018,4.303
01/02/2018,4.396
31/01/2018,4.098
30/01/2018,4.120
29/01/2018,4.070
26/01/2018,4.095
25/01/2018,4.272
24/01/2018,4.487
23/01/2018,4.519
22/01/2018,4.531
19/01/2018,4.559
18/01/2018,4.483
17/01/2018,4.656
16/01/2018,4.738
15/01/2018,4.719
12/01/2018,4.717
11/01/2018,4.700
10/01/2018,4.992
09/01/2018,5.069
08/01/2018,5.105
05/01/2018,5.106
04/01/2018,5.085
03/01/2018,5.047
02/01/2018,5.049
01/01/2018,5.053
29/12/2017,5.053
28/12/2017,5.028
27/12/2017,5.030
26/12/2017,5.018
25/12/2017,5.000
22/12/2017,5.016
21/12/2017,5.050
20/12/2017,5.148
19/12/2017,5.171
18/12/2017,5.193
16/12/2017,5.200
15/12/2017,5.200
14/12/2017,5.220
13/12/2017,5.263
12/12/2017,5.340
11/12/2017,5.354
08/12/2017,5.360
07/12/2017,5.368
06/12/2017,5.373
05/12/2017,5.381
04/12/2017,5.382
01/12/2017,5.383
30/11/2017,5.387
29/11/2017,5.403
28/11/2017,5.409
27/11/2017,5.410
24/11/2017,5.408
23/11/2017,5.401
22/11/2017,5.401
21/11/2017,5.401
20/11/2017,5.403
17/11/2017,5.403
16/11/2017,5.403
15/11/2017,5.405
14/11/2017,5.370
13/11/2017,5.370
10/11/2017,5.311
09/11/2017,5.311
08/11/2017,5.312
07/11/2017,5.312
06/11/2017,5.306
03/11/2017,5.306
02/11/2017,5.314
01/11/2017,5.314
31/10/2017,5.315
30/10/2017,5.315
29/10/2017,5.317
27/10/2017,5.317
26/10/2017,5.317
25/10/2017,5.317
24/10/2017,5.317
23/10/2017,5.320
22/10/2017,5.320
20/10/2017,5.320
19/10/2017,5.316
18/10/2017,5.323
17/10/2017,5.324
16/10/2017,5.324
13/10/2017,5.325
12/10/2017,5.325
11/10/2017,5.318
10/10/2017,5.324
09/10/2017,5.340
06/10/2017,5.351
05/10/2017,5.357
04/10/2017,5.357
03/10/2017,5.363
02/10/2017,5.364
29/09/2017,5.366
28/09/2017,5.372
27/09/2017,5.379
26/09/2017,5.379
25/09/2017,5.379
22/09/2017,5.379
21/09/2017,5.377
20/09/2017,5.377
19/09/2017,5.377
18/09/2017,5.376
15/09/2017,5.380
14/09/2017,5.383
13/09/2017,5.383
12/09/2017,5.391
11/09/2017,5.396
08/09/2017,5.385
07/09/2017,5.387
06/09/2017,5.397
05/09/2017,5.455
04/09/2017,5.497
01/09/2017,5.498
31/08/2017,5.501
30/08/2017,5.521
29/08/2017,5.540
28/08/2017,5.531
25/08/2017,5.497
24/08/2017,5.462
23/08/2017,5.438
22/08/2017,5.438
21/08/2017,5.421
18/08/2017,5.407
17/08/2017,5.408
16/08/2017,5.374
15/08/2017,5.363
14/08/2017,5.367
11/08/2017,5.341
10/08/2017,5.334
09/08/2017,5.319
08/08/2017,5.307
07/08/2017,5.301
06/08/2017,5.272
04/08/2017,5.272
03/08/2017,5.272
02/08/2017,5.272
01/08/2017,5.272
31/07/2017,5.265
28/07/2017,5.274
27/07/2017,5.261
26/07/2017,5.278
25/07/2017,5.273
24/07/2017,5.260
21/07/2017,5.253
20/07/2017,5.241
19/07/2017,5.281
18/07/2017,5.326
17/07/2017,5.381
16/07/2017,5.376
14/07/2017,5.376
13/07/2017,5.368
12/07/2017,5.416
11/07/2017,5.437
10/07/2017,5.485
07/07/2017,5.589
06/07/2017,5.610
05/07/2017,5.624
04/07/2017,5.624
03/07/2017,5.624
02/07/2017,5.634
01/07/2017,5.634
30/06/2017,5.634
29/06/2017,5.653
28/06/2017,5.650
27/06/2017,5.650
26/06/2017,5.650
25/06/2017,5.652
23/06/2017,5.652
22/06/2017,5.683
21/06/2017,5.683
20/06/2017,5.732
19/06/2017,5.746
16/06/2017,5.759
15/06/2017,5.781
14/06/2017,5.829
13/06/2017,5.840
12/06/2017,5.840
09/06/2017,5.823
08/06/2017,5.848
07/06/2017,5.848
06/06/2017,5.850
05/06/2017,5.851
02/06/2017,5.855
01/06/2017,5.865
31/05/2017,5.671
30/05/2017,5.683
29/05/2017,5.683
26/05/2017,5.686
25/05/2017,5.701
24/05/2017,5.731
23/05/2017,5.761
22/05/2017,5.757
19/05/2017,5.757
18/05/2017,5.761
17/05/2017,5.777
16/05/2017,5.780
15/05/2017,5.788
12/05/2017,5.805
11/05/2017,5.805
10/05/2017,5.803
09/05/2017,5.810
08/05/2017,5.809
07/05/2017,5.809
05/05/2017,5.809
04/05/2017,5.809
03/05/2017,5.795
02/05/2017,5.795
01/05/2017,5.795
28/04/2017,5.793
27/04/2017,5.793
26/04/2017,5.774
25/04/2017,5.773
24/04/2017,5.770
22/04/2017,5.770
21/04/2017,5.770
20/04/2017,5.767
19/04/2017,5.758
18/04/2017,5.766
17/04/2017,5.767
14/04/2017,5.775
13/04/2017,5.782
12/04/2017,5.787
11/04/2017,5.803
10/04/2017,5.802
07/04/2017,5.812
06/04/2017,5.831
05/04/2017,5.831
04/04/2017,5.835
03/04/2017,5.835
31/03/2017,5.826
30/03/2017,5.832
29/03/2017,5.832
28/03/2017,5.832
27/03/2017,5.832
26/03/2017,5.832
24/03/2017,5.832
23/03/2017,5.834
22/03/2017,5.823
21/03/2017,5.823
20/03/2017,5.821
18/03/2017,5.841
17/03/2017,5.841
16/03/2017,5.870
15/03/2017,5.875
14/03/2017,5.869
13/03/2017,5.869
10/03/2017,5.871
09/03/2017,5.874
08/03/2017,5.876
07/03/2017,5.876
06/03/2017,5.876
03/03/2017,5.882
02/03/2017,5.882
01/03/2017,5.882
28/02/2017,5.882
27/02/2017,5.888
24/02/2017,5.894
23/02/2017,5.897
22/02/2017,5.900
21/02/2017,5.904
20/02/2017,5.903
17/02/2017,5.902
16/02/2017,5.891
15/02/2017,5.913
14/02/2017,5.918
13/02/2017,5.929
10/02/2017,5.940
09/02/2017,5.941
08/02/2017,5.967
07/02/2017,5.967
06/02/2017,5.977
03/02/2017,5.995
02/02/2017,6.010
01/02/2017,6.010
31/01/2017,6.010
30/01/2017,6.010
27/01/2017,6.010
26/01/2017,6.010
25/01/2017,6.010
24/01/2017,6.008
23/01/2017,6.035
20/01/2017,6.035
19/01/2017,6.035
18/01/2017,6.046
17/01/2017,6.048
16/01/2017,6.050
13/01/2017,6.051
12/01/2017,6.064
11/01/2017,6.076
10/01/2017,6.093
09/01/2017,6.103
06/01/2017,6.103
05/01/2017,6.094
04/01/2017,6.093
03/01/2017,6.094
02/01/2017,6.095
30/12/2016,6.095
29/12/2016,6.094
28/12/2016,6.096
27/12/2016,6.096
26/12/2016,6.097
23/12/2016,6.103
22/12/2016,6.122
21/12/2016,6.104
20/12/2016,6.105
19/12/2016,6.105
16/12/2016,6.107
15/12/2016,6.090
14/12/2016,6.050
13/12/2016,6.055
12/12/2016,6.048
09/12/2016,6.038
08/12/2016,6.038
07/12/2016,6.038
06/12/2016,6.039
05/12/2016,6.039
02/12/2016,6.051
01/12/2016,6.046
30/11/2016,6.046
29/11/2016,6.050
28/11/2016,6.060
25/11/2016,6.060
24/11/2016,6.060
23/11/2016,6.061
22/11/2016,6.062
21/11/2016,6.097
18/11/2016,6.097
17/11/2016,6.100
16/11/2016,6.032
15/11/2016,5.998
14/11/2016,5.995
11/11/2016,5.991
10/11/2016,6.001
09/11/2016,6.001
08/11/2016,5.997
07/11/2016,5.974
04/11/2016,5.974
03/11/2016,5.969
02/11/2016,5.970
01/11/2016,5.970
31/10/2016,5.971
28/10/2016,5.973
27/10/2016,5.973
26/10/2016,5.975
25/10/2016,5.986
24/10/2016,5.983
21/10/2016,5.992
20/10/2016,6.019
19/10/2016,6.025
18/10/2016,6.056
17/10/2016,6.045
15/10/2016,6.021
14/10/2016,6.021
13/10/2016,5.996
12/10/2016,5.996
11/10/2016,5.983
10/10/2016,5.983
07/10/2016,6.022
06/10/2016,6.022
05/10/2016,6.150
04/10/2016,6.201
03/10/2016,6.253
30/09/2016,6.218
29/09/2016,6.205
28/09/2016,6.196
27/09/2016,6.312
26/09/2016,6.415
25/09/2016,6.422
24/09/2016,6.422
23/09/2016,6.422
22/09/2016,6.553
21/09/2016,6.644
20/09/2016,6.650
19/09/2016,6.651
17/09/2016,6.665
16/09/2016,6.665
15/09/2016,6.763
14/09/2016,6.763
13/09/2016,6.763
12/09/2016,6.763
09/09/2016,6.763
08/09/2016,6.788
07/09/2016,6.791
06/09/2016,6.800
05/09/2016,6.804
02/09/2016,6.834
01/09/2016,6.834
31/08/2016,6.835
30/08/2016,6.836
29/08/2016,6.836
26/08/2016,6.836
25/08/2016,6.834
24/08/2016,6.856
23/08/2016,6.866
22/08/2016,6.880
19/08/2016,6.880
18/08/2016,6.882
17/08/2016,6.891
16/08/2016,6.892
15/08/2016,6.897
14/08/2016,6.921
13/08/2016,6.921
12/08/2016,6.921
11/08/2016,6.923
10/08/2016,6.924
09/08/2016,6.924
08/08/2016,6.924
06/08/2016,6.925
05/08/2016,6.925
04/08/2016,6.925
03/08/2016,6.929
02/08/2016,6.924
01/08/2016,6.918
29/07/2016,6.921
28/07/2016,6.920
27/07/2016,6.922
26/07/2016,6.922
25/07/2016,6.928
22/07/2016,6.926
21/07/2016,6.926
20/07/2016,6.925
19/07/2016,6.936
15/07/2016,6.936
14/07/2016,6.936
13/07/2016,6.938
12/07/2016,6.938
11/07/2016,6.938
08/07/2016,6.920
07/07/2016,6.919
06/07/2016,6.908
05/07/2016,6.908
04/07/2016,6.908
01/07/2016,6.909
30/06/2016,6.899
29/06/2016,6.897
28/06/2016,6.894
27/06/2016,6.896
24/06/2016,6.896
23/06/2016,6.901
22/06/2016,6.900
21/06/2016,6.903
20/06/2016,6.901
17/06/2016,6.906
16/06/2016,6.905
15/06/2016,6.902
14/06/2016,6.904
13/06/2016,6.904
10/06/2016,6.905
09/06/2016,6.943
08/06/2016,6.943
07/06/2016,6.943
06/06/2016,6.943
03/06/2016,6.943
02/06/2016,6.943
01/06/2016,6.943
31/05/2016,6.943
30/05/2016,6.943
27/05/2016,6.943
26/05/2016,6.943
25/05/2016,6.943
24/05/2016,6.943
23/05/2016,6.943
20/05/2016,6.943
19/05/2016,6.943
18/05/2016,6.943
17/05/2016,6.943
16/05/2016,6.943
13/05/2016,6.943
12/05/2016,6.943
11/05/2016,6.943
10/05/2016,6.943
09/05/2016,6.943
06/05/2016,6.943
05/05/2016,6.943
04/05/2016,6.943
03/05/2016,6.943
02/05/2016,6.943
29/04/2016,6.943
28/04/2016,6.943
27/04/2016,6.943
26/04/2016,6.943
25/04/2016,6.943
22/04/2016,6.943
21/04/2016,6.943
20/04/2016,6.943
19/04/2016,6.943
18/04/2016,6.943
15/04/2016,6.943
14/04/2016,6.943
13/04/2016,6.943
12/04/2016,6.943
11/04/2016,6.943
08/04/2016,6.943
07/04/2016,6.943
06/04/2016,6.943
05/04/2016,6.943
04/04/2016,6.943
01/04/2016,6.868
31/03/2016,6.868
30/03/2016,6.874
29/03/2016,6.874
28/03/2016,6.874
25/03/2016,6.875
24/03/2016,6.875
23/03/2016,6.875
22/03/2016,6.872
21/03/2016,6.872
18/03/2016,6.876
17/03/2016,6.876
16/03/2016,6.872
15/03/2016,6.872
14/03/2016,6.863
11/03/2016,6.863
10/03/2016,6.863
09/03/2016,6.892
08/03/2016,6.890
07/03/2016,6.864
04/03/2016,6.871
03/03/2016,6.871
02/03/2016,6.871
01/03/2016,6.866
29/02/2016,6.863
26/02/2016,6.876
25/02/2016,6.877
24/02/2016,6.940
23/02/2016,6.940
22/02/2016,6.944
19/02/2016,6.931
18/02/2016,6.991
17/02/2016,7.006
16/02/2016,7.094
15/02/2016,7.095
14/02/2016,7.059
12/02/2016,7.059
11/02/2016,7.059
10/02/2016,7.059
09/02/2016,7.059
08/02/2016,7.059
05/02/2016,7.059
04/02/2016,7.040
03/02/2016,7.047
02/02/2016,7.047
01/02/2016,7.051
29/01/2016,7.037
28/01/2016,7.058
27/01/2016,7.045
26/01/2016,7.059
25/01/2016,7.059
22/01/2016,7.057
21/01/2016,7.055
20/01/2016,7.055
19/01/2016,7.055
18/01/2016,7.077
15/01/2016,7.059
14/01/2016,7.057
13/01/2016,7.057
12/01/2016,7.053
11/01/2016,7.053
10/01/2016,7.054
08/01/2016,7.054
07/01/2016,7.054
06/01/2016,7.054
05/01/2016,7.054
04/01/2016,7.076
01/01/2016,7.052
31/12/2015,7.052
30/12/2015,7.052
29/12/2015,7.056
28/12/2015,7.052
25/12/2015,7.056
24/12/2015,7.057
23/12/2015,7.057
22/12/2015,7.057
21/12/2015,7.057
18/12/2015,7.058
17/12/2015,7.068
16/12/2015,7.068
15/12/2015,7.065
14/12/2015,7.061
11/12/2015,7.058
10/12/2015,7.058
09/12/2015,7.058
08/12/2015,7.062
07/12/2015,7.059
04/12/2015,7.067
03/12/2015,7.067
02/12/2015,7.067
01/12/2015,7.060
30/11/2015,7.060
27/11/2015,7.096
26/11/2015,7.096
25/11/2015,7.071
24/11/2015,7.071
23/11/2015,7.064
22/11/2015,7.070
20/11/2015,7.070
19/11/2015,7.097
18/11/2015,7.109
17/11/2015,7.109
16/11/2015,7.055
13/11/2015,7.055
12/11/2015,7.081
11/11/2015,7.084
10/11/2015,7.080
09/11/2015,7.064
06/11/2015,7.065
05/11/2015,7.069
04/11/2015,7.048
03/11/2015,7.046
02/11/2015,7.062
30/10/2015,7.062
29/10/2015,7.096
28/10/2015,7.054
27/10/2015,7.055
26/10/2015,7.053
23/10/2015,7.037
22/10/2015,7.030
21/10/2015,7.026
20/10/2015,7.026
19/10/2015,7.038
18/10/2015,7.031
16/10/2015,7.031
15/10/2015,7.027
14/10/2015,7.007
13/10/2015,7.007
12/10/2015,7.007
09/10/2015,7.008
08/10/2015,7.016
07/10/2015,7.006
06/10/2015,7.026
05/10/2015,7.029
03/10/2015,7.045
02/10/2015,7.045
01/10/2015,7.059
30/09/2015,7.041
29/09/2015,7.046
28/09/2015,7.060
27/09/2015,7.060
25/09/2015,7.060
24/09/2015,7.035
23/09/2015,7.035
22/09/2015,7.035
21/09/2015,7.085
18/09/2015,7.071
17/09/2015,7.045
16/09/2015,7.045
15/09/2015,7.045
14/09/2015,7.045
11/09/2015,7.027
10/09/2015,7.011
09/09/2015,7.011
08/09/2015,7.015
07/09/2015,7.011
04/09/2015,7.003
03/09/2015,7.003
02/09/2015,7.002
01/09/2015,7.002
31/08/2015,7.002
28/08/2015,7.031
27/08/2015,7.023
26/08/2015,7.023
25/08/2015,7.012
24/08/2015,6.938
21/08/2015,6.918
20/08/2015,6.990
19/08/2015,6.990
18/08/2015,6.906
17/08/2015,6.907
14/08/2015,6.874
13/08/2015,6.792
12/08/2015,6.794
11/08/2015,6.775
10/08/2015,6.775
07/08/2015,6.775
06/08/2015,6.755
05/08/2015,6.814
04/08/2015,6.776
03/08/2015,6.776
31/07/2015,6.776
30/07/2015,6.776
29/07/2015,6.786
28/07/2015,6.787
27/07/2015,6.769
24/07/2015,6.769
23/07/2015,6.769
22/07/2015,6.771
21/07/2015,6.771
20/07/2015,6.780
18/07/2015,6.763
17/07/2015,6.763
16/07/2015,6.763
15/07/2015,6.783
14/07/2015,6.779
13/07/2015,6.769
10/07/2015,6.736
09/07/2015,6.736
08/07/2015,6.737
07/07/2015,6.762
06/07/2015,6.748
03/07/2015,6.759
02/07/2015,6.786
01/07/2015,6.785
30/06/2015,6.785
29/06/2015,6.785
26/06/2015,6.796
25/06/2015,6.796
24/06/2015,6.794
23/06/2015,6.827
22/06/2015,6.839
19/06/2015,6.848
18/06/2015,6.848
17/06/2015,6.813
16/06/2015,6.673
15/06/2015,6.691
12/06/2015,6.663
11/06/2015,6.653
10/06/2015,6.639
09/06/2015,6.535
08/06/2015,6.535
07/06/2015,6.536
05/06/2015,6.536
04/06/2015,6.536
03/06/2015,6.537
02/06/2015,6.538
01/06/2015,6.538
30/05/2015,6.538
29/05/2015,6.538
28/05/2015,6.538
27/05/2015,6.535
26/05/2015,6.535
25/05/2015,6.540
22/05/2015,6.539
21/05/2015,6.541
20/05/2015,6.541
19/05/2015,6.535
18/05/2015,6.535
15/05/2015,6.540
14/05/2015,6.540
13/05/2015,6.503
12/05/2015,6.502
11/05/2015,6.507
08/05/2015,6.507
07/05/2015,6.521
06/05/2015,6.678
05/05/2015,6.678
04/05/2015,6.678
01/05/2015,6.493
30/04/2015,6.493
29/04/2015,6.493
28/04/2015,6.493
27/04/2015,6.493
24/04/2015,6.631
23/04/2015,6.631
22/04/2015,6.631
21/04/2015,6.590
20/04/2015,6.571
17/04/2015,6.551
16/04/2015,6.550
15/04/2015,6.550
14/04/2015,6.570
13/04/2015,6.550
10/04/2015,6.551
09/04/2015,6.521
08/04/2015,6.501
07/04/2015,6.446
06/04/2015,6.428
03/04/2015,6.454
02/04/2015,6.455
01/04/2015,6.495
31/03/2015,6.476
30/03/2015,6.487
27/03/2015,6.483
26/03/2015,6.495
25/03/2015,6.478
24/03/2015,6.448
23/03/2015,6.432
20/03/2015,6.439
19/03/2015,6.420
18/03/2015,6.404
17/03/2015,6.397
16/03/2015,6.377
13/03/2015,6.362
12/03/2015,6.367
11/03/2015,6.380
10/03/2015,6.380
09/03/2015,6.386
06/03/2015,6.361
05/03/2015,6.410
04/03/2015,6.421
03/03/2015,6.415
02/03/2015,6.415
27/02/2015,6.433
26/02/2015,6.469
25/02/2015,6.464
24/02/2015,6.465
23/02/2015,6.501
20/02/2015,6.501
19/02/2015,6.501
18/02/2015,6.501
17/02/2015,6.501
16/02/2015,6.501
13/02/2015,6.501
12/02/2015,6.507
11/02/2015,6.624
10/02/2015,6.623
09/02/2015,6.655
06/02/2015,6.642
05/02/2015,6.653
04/02/2015,6.658
03/02/2015,6.663
02/02/2015,6.630
01/02/2015,6.645
30/01/2015,6.645
29/01/2015,6.802
28/01/2015,6.874
27/01/2015,6.946
26/01/2015,6.972
23/01/2015,6.964
22/01/2015,6.958
21/01/2015,6.950
20/01/2015,6.957
19/01/2015,6.968
16/01/2015,6.975
15/01/2015,7.059
14/01/2015,7.051
13/01/2015,7.152
12/01/2015,7.148
09/01/2015,7.155
08/01/2015,7.156
07/01/2015,7.156
06/01/2015,7.157
05/01/2015,7.157
02/01/2015,7.150
01/01/2015,7.150
31/12/2014,7.150
30/12/2014,7.160
29/12/2014,7.160
28/12/2014,7.182
26/12/2014,7.182
25/12/2014,7.182
24/12/2014,7.187
23/12/2014,7.182
22/12/2014,7.186
19/12/2014,7.192
18/12/2014,7.318
17/12/2014,7.099
16/12/2014,7.079
15/12/2014,7.027
14/12/2014,7.043
12/12/2014,7.043
11/12/2014,7.019
10/12/2014,7.021
09/12/2014,7.010
08/12/2014,7.019
05/12/2014,7.014
04/12/2014,6.995
03/12/2014,7.021
02/12/2014,7.021
01/12/2014,6.932
30/11/2014,6.893
28/11/2014,6.893
27/11/2014,6.899
26/11/2014,6.891
25/11/2014,6.825
24/11/2014,6.830
21/11/2014,6.759
20/11/2014,6.869
19/11/2014,6.919
18/11/2014,6.929
17/11/2014,6.816
16/11/2014,6.516
14/11/2014,6.516
13/11/2014,6.460
12/11/2014,6.373
11/11/2014,6.401
10/11/2014,6.350
07/11/2014,6.339
06/11/2014,6.339
05/11/2014,6.346
04/11/2014,6.339
03/11/2014,6.302
31/10/2014,6.302
30/10/2014,6.314
29/10/2014,6.293
28/10/2014,6.317
27/10/2014,6.322
24/10/2014,6.279
23/10/2014,6.262
22/10/2014,6.279
21/10/2014,6.239
20/10/2014,6.162
17/10/2014,6.174
16/10/2014,6.159
15/10/2014,6.152
14/10/2014,6.128
13/10/2014,6.082
10/10/2014,6.037
09/10/2014,6.013
08/10/2014,5.994
07/10/2014,6.086
06/10/2014,6.151
03/10/2014,6.242
02/10/2014,6.507
01/10/2014,6.695
30/09/2014,6.660
29/09/2014,6.710
27/09/2014,6.727
26/09/2014,6.727
25/09/2014,6.749
24/09/2014,7.169
23/09/2014,7.169
22/09/2014,7.169
19/09/2014,7.199
18/09/2014,7.219
17/09/2014,7.199
16/09/2014,7.181
15/09/2014,7.178
13/09/2014,7.266
12/09/2014,7.266
11/09/2014,7.575
10/09/2014,7.631
09/09/2014,7.549
08/09/2014,7.802
05/09/2014,7.926
04/09/2014,7.863
03/09/2014,8.101
02/09/2014,8.036
01/09/2014,8.036
31/08/2014,8.038
29/08/2014,8.038
28/08/2014,8.018
27/08/2014,7.853
26/08/2014,7.867
25/08/2014,7.858
22/08/2014,7.925
21/08/2014,7.933
20/08/2014,8.057
19/08/2014,7.990
18/08/2014,8.013
15/08/2014,7.905
14/08/2014,8.065
13/08/2014,8.061
12/08/2014,8.215
11/08/2014,8.032
10/08/2014,8.312
08/08/2014,8.312
07/08/2014,8.307
06/08/2014,8.335
05/08/2014,8.294
04/08/2014,8.344
02/08/2014,8.381
01/08/2014,8.381
31/07/2014,8.426
30/07/2014,8.458
29/07/2014,8.500
28/07/2014,8.520
27/07/2014,8.520
25/07/2014,8.520
24/07/2014,8.510
23/07/2014,8.510
22/07/2014,8.594
21/07/2014,8.594
20/07/2014,8.555
18/07/2014,8.555
17/07/2014,8.577
16/07/2014,8.551
15/07/2014,8.551
14/07/2014,8.553
12/07/2014,8.589
11/07/2014,8.589
10/07/2014,8.592
09/07/2014,8.575
08/07/2014,8.575
07/07/2014,8.588
04/07/2014,8.603
03/07/2014,8.577
02/07/2014,8.620
01/07/2014,8.613
30/06/2014,8.577
27/06/2014,8.645
26/06/2014,8.645
25/06/2014,8.663
24/06/2014,8.629
23/06/2014,8.630
20/06/2014,8.674
19/06/2014,8.658
18/06/2014,8.670
17/06/2014,8.631
16/06/2014,8.641
13/06/2014,8.636
12/06/2014,8.645
11/06/2014,8.636
10/06/2014,8.639
09/06/2014,8.656
06/06/2014,8.684
05/06/2014,8.684
04/06/2014,8.622
03/06/2014,8.619
02/06/2014,8.657
30/05/2014,8.694
29/05/2014,8.725
28/05/2014,8.734
27/05/2014,8.706
26/05/2014,8.700
25/05/2014,8.763
23/05/2014,8.763
22/05/2014,8.668
21/05/2014,8.664
20/05/2014,8.677
19/05/2014,8.683
16/05/2014,8.775
15/05/2014,8.740
14/05/2014,8.699
13/05/2014,8.777
12/05/2014,8.678
09/05/2014,8.738
08/05/2014,8.739
07/05/2014,8.726
06/05/2014,8.726
05/05/2014,8.752
02/05/2014,8.464
01/05/2014,8.465
30/04/2014,8.465
29/04/2014,8.466
28/04/2014,8.583
25/04/2014,8.468
24/04/2014,8.578
23/04/2014,8.478
22/04/2014,8.478
21/04/2014,8.510
18/04/2014,8.551
17/04/2014,8.533
16/04/2014,8.560
15/04/2014,8.559
14/04/2014,8.620
11/04/2014,8.428
10/04/2014,8.568
09/04/2014,8.518
08/04/2014,8.518
07/04/2014,8.516
04/04/2014,8.513
03/04/2014,8.537
02/04/2014,8.533
01/04/2014,8.609
31/03/2014,8.495
28/03/2014,8.545
27/03/2014,8.558
26/03/2014,8.546
25/03/2014,8.543
24/03/2014,8.582
21/03/2014,8.582
20/03/2014,8.525
19/03/2014,8.617
18/03/2014,8.617
17/03/2014,8.617
14/03/2014,8.616
13/03/2014,8.629
12/03/2014,8.668
11/03/2014,8.638
10/03/2014,8.633
09/03/2014,8.662
07/03/2014,8.662
06/03/2014,8.682
05/03/2014,8.625
04/03/2014,8.636
03/03/2014,8.648
28/02/2014,8.666
27/02/2014,8.696
26/02/2014,8.704
25/02/2014,8.684
24/02/2014,8.681
21/02/2014,8.644
20/02/2014,8.770
19/02/2014,8.812
18/02/2014,8.742
17/02/2014,8.769
14/02/2014,8.737
13/02/2014,8.802
12/02/2014,8.794
11/02/2014,8.838
10/02/2014,8.796
07/02/2014,8.795
06/02/2014,8.777
05/02/2014,8.846
04/02/2014,8.846
03/02/2014,8.846
31/01/2014,8.846
30/01/2014,8.846
29/01/2014,8.846
28/01/2014,8.846
27/01/2014,8.846
24/01/2014,8.824
23/01/2014,8.897
22/01/2014,8.848
21/01/2014,8.855
20/01/2014,8.855
17/01/2014,8.869
16/01/2014,8.835
15/01/2014,8.853
14/01/2014,8.841
13/01/2014,8.889
10/01/2014,8.890
09/01/2014,8.877
08/01/2014,8.891
07/01/2014,8.914
06/01/2014,8.902
03/01/2014,8.879
02/01/2014,8.893
01/01/2014,8.892
31/12/2013,8.947
30/12/2013,8.947
27/12/2013,8.887
26/12/2013,8.887
25/12/2013,8.920
24/12/2013,8.877
23/12/2013,8.899
20/12/2013,8.933
19/12/2013,8.939
18/12/2013,8.950
17/12/2013,8.951
16/12/2013,8.904
13/12/2013,8.853
12/12/2013,8.953
11/12/2013,8.939
10/12/2013,8.911
09/12/2013,8.940
06/12/2013,8.946
05/12/2013,8.912
04/12/2013,8.921
03/12/2013,8.916
02/12/2013,8.845
29/11/2013,8.902
28/11/2013,8.892
27/11/2013,8.920
26/11/2013,8.889
25/11/2013,8.900
22/11/2013,8.849
21/11/2013,8.888
20/11/2013,8.864
19/11/2013,8.910
18/11/2013,8.898
17/11/2013,8.918
15/11/2013,8.918
14/11/2013,8.808
13/11/2013,8.889
12/11/2013,8.904
11/11/2013,8.907
08/11/2013,8.954
07/11/2013,8.806
06/11/2013,8.861
05/11/2013,8.936
04/11/2013,8.933
03/11/2013,8.878
01/11/2013,8.878
31/10/2013,8.854
30/10/2013,8.963
29/10/2013,8.871
28/10/2013,8.838
27/10/2013,8.836
25/10/2013,8.836
24/10/2013,8.860
23/10/2013,8.884
22/10/2013,8.857
21/10/2013,8.952
18/10/2013,8.872
17/10/2013,8.867
16/10/2013,8.759
15/10/2013,8.849
14/10/2013,8.732
11/10/2013,8.886
10/10/2013,8.721
09/10/2013,8.774
08/10/2013,8.718
07/10/2013,8.894
04/10/2013,8.867
03/10/2013,8.883
02/10/2013,8.903
01/10/2013,8.862
30/09/2013,8.930
29/09/2013,8.951
27/09/2013,8.951
26/09/2013,8.842
25/09/2013,8.842
24/09/2013,8.832
23/09/2013,8.821
22/09/2013,8.854
20/09/2013,8.854
19/09/2013,8.846
18/09/2013,8.872
17/09/2013,8.846
16/09/2013,8.915
15/09/2013,8.769
13/09/2013,8.769
12/09/2013,8.814
11/09/2013,8.892
10/09/2013,8.782
09/09/2013,8.793
08/09/2013,8.798
07/09/2013,8.798
06/09/2013,8.798
05/09/2013,8.785
04/09/2013,8.875
03/09/2013,8.859
02/09/2013,8.813
01/09/2013,8.813
30/08/2013,8.813
29/08/2013,8.918
28/08/2013,8.767
27/08/2013,8.813
26/08/2013,8.841
23/08/2013,8.883
22/08/2013,8.712
21/08/2013,8.733
20/08/2013,8.849
19/08/2013,8.859
16/08/2013,8.731
15/08/2013,8.880
14/08/2013,8.917
13/08/2013,8.725
12/08/2013,8.840
11/08/2013,8.927
10/08/2013,8.927
09/08/2013,8.927
08/08/2013,8.772
07/08/2013,8.825
06/08/2013,8.825
05/08/2013,8.812
02/08/2013,8.968
01/08/2013,8.869
31/07/2013,8.926
30/07/2013,8.861
29/07/2013,8.900
26/07/2013,8.775
25/07/2013,8.852
24/07/2013,8.828
23/07/2013,8.943
22/07/2013,8.884
19/07/2013,8.910
18/07/2013,9.004
17/07/2013,8.950
16/07/2013,8.913
15/07/2013,8.927
12/07/2013,8.971
11/07/2013,8.839
10/07/2013,8.979
09/07/2013,8.883
08/07/2013,9.035
05/07/2013,8.959
04/07/2013,8.767
03/07/2013,8.959
02/07/2013,8.950
01/07/2013,8.860
28/06/2013,8.899
27/06/2013,8.871
26/06/2013,8.878
25/06/2013,8.794
24/06/2013,8.825
23/06/2013,8.837
21/06/2013,8.837
20/06/2013,8.838
19/06/2013,8.824
18/06/2013,8.967
17/06/2013,8.819
16/06/2013,8.850
14/06/2013,8.850
13/06/2013,8.897
12/06/2013,8.838
11/06/2013,8.810
10/06/2013,8.895
08/06/2013,8.811
07/06/2013,8.811
06/06/2013,8.836
05/06/2013,8.777
04/06/2013,8.858
03/06/2013,8.882
31/05/2013,8.936
30/05/2013,8.909
29/05/2013,9.212
28/05/2013,9.066
27/05/2013,8.993
25/05/2013,8.993
24/05/2013,8.993
23/05/2013,8.993
22/05/2013,8.937
21/05/2013,9.175
20/05/2013,9.052
17/05/2013,9.041
16/05/2013,9.033
15/05/2013,9.172
14/05/2013,9.218
13/05/2013,9.126
10/05/2013,9.260
09/05/2013,9.267
08/05/2013,9.120
07/05/2013,9.178
06/05/2013,9.163
03/05/2013,9.286
02/05/2013,9.166
01/05/2013,9.208
30/04/2013,9.208
29/04/2013,9.208
26/04/2013,9.210
25/04/2013,9.415
24/04/2013,9.343
23/04/2013,9.396
22/04/2013,9.260
19/04/2013,9.251
18/04/2013,9.251
17/04/2013,9.138
16/04/2013,9.286
15/04/2013,9.168
12/04/2013,9.154
11/04/2013,9.163
10/04/2013,9.025
09/04/2013,9.069
08/04/2013,9.037
05/04/2013,9.381
04/04/2013,9.349
03/04/2013,9.268
02/04/2013,9.217
01/04/2013,9.170
29/03/2013,9.326
28/03/2013,9.254
27/03/2013,9.445
26/03/2013,9.491
25/03/2013,9.584
22/03/2013,9.477
21/03/2013,9.449
20/03/2013,9.583
19/03/2013,9.272
18/03/2013,9.465
17/03/2013,9.401
15/03/2013,9.401
14/03/2013,9.322
13/03/2013,9.403
12/03/2013,9.233
11/03/2013,9.378
08/03/2013,9.332
07/03/2013,9.427
06/03/2013,9.236
05/03/2013,9.436
04/03/2013,9.272
01/03/2013,9.272
28/02/2013,9.311
27/02/2013,9.469
26/02/2013,9.375
25/02/2013,9.377
22/02/2013,9.278
21/02/2013,9.276
20/02/2013,9.402
19/02/2013,9.474
18/02/2013,9.474
17/02/2013,9.659
15/02/2013,9.659
14/02/2013,9.659
13/02/2013,9.659
12/02/2013,9.659
11/02/2013,9.728
09/02/2013,9.728
08/02/2013,9.728
07/02/2013,9.728
06/02/2013,9.728
05/02/2013,9.728
04/02/2013,9.728
01/02/2013,9.728
31/01/2013,9.728
30/01/2013,9.728
29/01/2013,9.760
28/01/2013,9.550
25/01/2013,9.513
24/01/2013,9.486
23/01/2013,9.623
22/01/2013,9.485
21/01/2013,9.762
18/01/2013,9.762
17/01/2013,9.635
16/01/2013,9.638
15/01/2013,9.741
14/01/2013,9.741
13/01/2013,9.747
11/01/2013,9.747
10/01/2013,9.834
09/01/2013,9.767
08/01/2013,9.763
07/01/2013,9.877
04/01/2013,9.901
03/01/2013,9.887
02/01/2013,9.947
01/01/2013,9.835
31/12/2012,9.835
30/12/2012,9.835
28/12/2012,9.835
27/12/2012,9.813
26/12/2012,9.816
25/12/2012,9.940
24/12/2012,9.940
23/12/2012,9.779
22/12/2012,9.779
21/12/2012,9.779
20/12/2012,9.807
19/12/2012,9.748
18/12/2012,9.912
17/12/2012,10.003
14/12/2012,9.841
13/12/2012,9.770
12/12/2012,9.825
11/12/2012,9.904
10/12/2012,9.950
07/12/2012,9.901
06/12/2012,9.875
05/12/2012,9.958
04/12/2012,10.063
03/12/2012,9.979
30/11/2012,9.972
29/11/2012,9.971
28/11/2012,9.971
27/11/2012,9.971
26/11/2012,9.966
23/11/2012,9.885
22/11/2012,10.110
21/11/2012,10.030
20/11/2012,10.072
19/11/2012,10.206
16/11/2012,10.490
15/11/2012,10.131
14/11/2012,10.168
13/11/2012,10.262
12/11/2012,10.262
09/11/2012,10.084
08/11/2012,10.258
07/11/2012,10.178
06/11/2012,10.160
05/11/2012,10.348
03/11/2012,10.259
02/11/2012,10.259
01/11/2012,10.156
31/10/2012,10.070
30/10/2012,10.362
29/10/2012,10.362
26/10/2012,10.087
25/10/2012,10.087
24/10/2012,10.150
23/10/2012,10.140
22/10/2012,10.086
19/10/2012,10.188
18/10/2012,10.138
17/10/2012,10.123
16/10/2012,10.135
15/10/2012,10.136
12/10/2012,10.048
11/10/2012,10.124
10/10/2012,10.026
09/10/2012,10.056
08/10/2012,10.142
05/10/2012,9.952
04/10/2012,9.985
03/10/2012,10.068
02/10/2012,9.942
01/10/2012,9.989
28/09/2012,9.875
27/09/2012,9.905
26/09/2012,9.924
25/09/2012,9.993
24/09/2012,9.984
23/09/2012,9.961
22/09/2012,9.961
21/09/2012,9.961
20/09/2012,9.896
19/09/2012,9.881
18/09/2012,9.888
17/09/2012,9.926
14/09/2012,9.816
13/09/2012,9.816
12/09/2012,9.832
11/09/2012,9.833
10/09/2012,9.874
07/09/2012,9.916
06/09/2012,9.942
05/09/2012,10.037
04/09/2012,9.979
03/09/2012,9.983
31/08/2012,9.983
30/08/2012,9.916
29/08/2012,9.917
28/08/2012,9.924
27/08/2012,10.125
24/08/2012,10.126
23/08/2012,10.006
22/08/2012,9.932
21/08/2012,9.951
20/08/2012,9.952
17/08/2012,9.978
16/08/2012,10.315
15/08/2012,10.110
14/08/2012,10.111
13/08/2012,10.033
10/08/2012,9.995
09/08/2012,10.163
08/08/2012,10.032
07/08/2012,10.262
06/08/2012,10.158
03/08/2012,10.065
02/08/2012,10.039
01/08/2012,10.099
31/07/2012,10.104
30/07/2012,10.287
27/07/2012,10.287
26/07/2012,10.027
25/07/2012,9.950
24/07/2012,10.036
23/07/2012,9.931
20/07/2012,9.972
19/07/2012,9.937
18/07/2012,10.084
17/07/2012,9.953
16/07/2012,10.224
13/07/2012,10.073
12/07/2012,10.305
11/07/2012,10.081
10/07/2012,9.875
09/07/2012,9.978
06/07/2012,9.872
05/07/2012,9.988
04/07/2012,9.909
03/07/2012,9.909
02/07/2012,9.844
29/06/2012,9.909
28/06/2012,10.029
27/06/2012,10.076
26/06/2012,10.054
25/06/2012,10.011
22/06/2012,9.786
21/06/2012,9.786
20/06/2012,9.746
19/06/2012,9.952
18/06/2012,9.989
15/06/2012,9.969
14/06/2012,10.089
13/06/2012,9.865
12/06/2012,9.829
11/06/2012,9.792
08/06/2012,9.789
07/06/2012,9.728
06/06/2012,9.791
05/06/2012,9.795
04/06/2012,9.841
01/06/2012,9.841
31/05/2012,9.761
30/05/2012,9.846
29/05/2012,9.827
28/05/2012,10.023
25/05/2012,10.022
24/05/2012,9.954
23/05/2012,9.878
22/05/2012,10.087
21/05/2012,10.105
18/05/2012,9.969
17/05/2012,9.948
16/05/2012,9.948
15/05/2012,10.105
14/05/2012,10.191
11/05/2012,10.191
10/05/2012,10.189
09/05/2012,10.268
08/05/2012,10.312
07/05/2012,10.428
04/05/2012,10.428
03/05/2012,10.834
02/05/2012,10.730
27/04/2012,10.813
26/04/2012,10.766
25/04/2012,10.800
24/04/2012,10.868
23/04/2012,10.913
20/04/2012,10.836
19/04/2012,10.736
18/04/2012,10.850
17/04/2012,11.101
16/04/2012,11.233
13/04/2012,10.847
12/04/2012,11.229
11/04/2012,11.063
10/04/2012,11.191
09/04/2012,11.344
06/04/2012,11.344
05/04/2012,11.343
04/04/2012,11.280
03/04/2012,11.308
30/03/2012,11.362
29/03/2012,11.305
28/03/2012,11.305
27/03/2012,11.267
26/03/2012,11.351
23/03/2012,11.251
22/03/2012,11.419
21/03/2012,11.419
20/03/2012,11.189
19/03/2012,11.373
16/03/2012,11.390
15/03/2012,11.389
14/03/2012,11.267
13/03/2012,11.382
12/03/2012,11.382
09/03/2012,11.245
08/03/2012,11.341
07/03/2012,11.341
06/03/2012,11.551
05/03/2012,11.551
02/03/2012,11.551
01/03/2012,11.413
29/02/2012,11.439
28/02/2012,11.455
27/02/2012,11.580
24/02/2012,11.645
23/02/2012,11.625
22/02/2012,11.722
21/02/2012,11.553
20/02/2012,11.636
17/02/2012,11.781
16/02/2012,11.781
15/02/2012,11.853
14/02/2012,11.853
13/02/2012,11.790
10/02/2012,11.892
09/02/2012,11.826
08/02/2012,11.827
07/02/2012,11.831
06/02/2012,11.831
03/02/2012,12.024
02/02/2012,12.023
01/02/2012,12.010
31/01/2012,12.010
30/01/2012,12.010
20/01/2012,12.009
19/01/2012,12.007
18/01/2012,12.007
17/01/2012,12.007
16/01/2012,12.007
13/01/2012,12.006
12/01/2012,12.006
11/01/2012,12.005
10/01/2012,12.005
09/01/2012,12.005
06/01/2012,12.005
05/01/2012,12.004
04/01/2012,12.004
03/01/2012,12.004
30/12/2011,11.995
29/12/2011,11.993
28/12/2011,11.992
27/12/2011,11.992
26/12/2011,12.015
23/12/2011,11.900
22/12/2011,11.898
21/12/2011,11.888
20/12/2011,11.889
19/12/2011,11.848
16/12/2011,11.843
15/12/2011,11.857
14/12/2011,11.856
13/12/2011,11.855
12/12/2011,11.855
09/12/2011,11.854
08/12/2011,11.853
07/12/2011,11.923
06/12/2011,11.942
05/12/2011,11.941
02/12/2011,11.940
01/12/2011,11.938
30/11/2011,11.938
29/11/2011,11.931
28/11/2011,11.930
25/11/2011,11.926
24/11/2011,11.924
23/11/2011,11.923
22/11/2011,11.922
21/11/2011,11.900
18/11/2011,11.963
17/11/2011,11.961
16/11/2011,11.961
15/11/2011,11.960
14/11/2011,11.959
11/11/2011,11.959
10/11/2011,11.859
09/11/2011,11.946
08/11/2011,11.925
07/11/2011,11.925
04/11/2011,11.974
03/11/2011,11.973
02/11/2011,11.972
01/11/2011,11.977
31/10/2011,11.977
28/10/2011,11.885
27/10/2011,11.969
26/10/2011,11.939
25/10/2011,11.985
24/10/2011,11.971
21/10/2011,11.953
20/10/2011,11.975
19/10/2011,11.951
18/10/2011,11.951
17/10/2011,11.987
14/10/2011,11.973
13/10/2011,12.001
12/10/2011,12.001
11/10/2011,11.908
10/10/2011,11.931
07/10/2011,11.931
06/10/2011,11.930
05/10/2011,11.930
04/10/2011,12.020
03/10/2011,12.025
30/09/2011,11.931
29/09/2011,11.900
28/09/2011,11.900
27/09/2011,11.907
26/09/2011,11.909
23/09/2011,11.945
22/09/2011,11.945
21/09/2011,11.969
20/09/2011,11.945
19/09/2011,11.926
16/09/2011,11.925
15/09/2011,12.000
14/09/2011,11.985
13/09/2011,11.970
12/09/2011,11.905
09/09/2011,11.951
08/09/2011,11.950
07/09/2011,11.970
06/09/2011,11.970
05/09/2011,11.906
01/09/2011,11.970
31/08/2011,11.943
30/08/2011,11.990
29/08/2011,12.050
26/08/2011,11.961
25/08/2011,11.943
24/08/2011,11.940
23/08/2011,11.939
22/08/2011,11.939
19/08/2011,11.939
18/08/2011,11.905
17/08/2011,11.905
16/08/2011,12.017
15/08/2011,12.016
12/08/2011,11.988
11/08/2011,11.937
10/08/2011,11.963
09/08/2011,11.984
08/08/2011,11.989
05/08/2011,11.990
04/08/2011,12.040
03/08/2011,11.994
02/08/2011,11.950
01/08/2011,11.950
29/07/2011,11.954
28/07/2011,11.937
27/07/2011,11.943
26/07/2011,12.005
25/07/2011,11.953
22/07/2011,11.960
21/07/2011,12.007
20/07/2011,12.020
19/07/2011,11.970
18/07/2011,11.989
15/07/2011,11.989
14/07/2011,11.975
13/07/2011,12.006
12/07/2011,12.006
11/07/2011,12.007
08/07/2011,11.976
07/07/2011,11.989
06/07/2011,11.962
05/07/2011,11.973
04/07/2011,11.926
01/07/2011,11.944
30/06/2011,11.960
29/06/2011,11.984
28/06/2011,11.949
27/06/2011,12.000
24/06/2011,11.983
23/06/2011,12.050
22/06/2011,12.012
21/06/2011,12.012
20/06/2011,12.040
17/06/2011,12.041
16/06/2011,12.068
15/06/2011,12.073
14/06/2011,12.309
13/06/2011,12.309
10/06/2011,12.309
09/06/2011,12.295
08/06/2011,12.324
07/06/2011,12.390
06/06/2011,12.390
03/06/2011,12.328
02/06/2011,12.438
01/06/2011,12.438
31/05/2011,12.377
30/05/2011,12.373
27/05/2011,12.346
26/05/2011,12.302
25/05/2011,12.373
24/05/2011,12.295
23/05/2011,12.295
20/05/2011,12.206
19/05/2011,12.206
18/05/2011,12.343
17/05/2011,12.205
16/05/2011,12.205
13/05/2011,12.525
12/05/2011,12.274
11/05/2011,12.327
10/05/2011,12.326
09/05/2011,12.200
06/05/2011,12.200
05/05/2011,12.107
04/05/2011,12.107
29/04/2011,11.980
28/04/2011,11.980
27/04/2011,12.005
26/04/2011,12.050
25/04/2011,12.050
22/04/2011,12.006
21/04/2011,12.006
20/04/2011,12.006
19/04/2011,11.910
18/04/2011,11.870
15/04/2011,11.872
14/04/2011,11.872
13/04/2011,11.848
08/04/2011,11.939
07/04/2011,11.861
06/04/2011,11.837
05/04/2011,11.837
04/04/2011,11.756
01/04/2011,11.835
31/03/2011,11.835
30/03/2011,11.795
29/03/2011,11.795
25/03/2011,11.769
24/03/2011,11.843
23/03/2011,11.843
22/03/2011,11.791
18/03/2011,11.774
16/03/2011,11.762
15/03/2011,11.762
11/03/2011,11.760
10/03/2011,11.753
09/03/2011,11.611
08/03/2011,11.638
07/03/2011,11.633
03/03/2011,11.646
02/03/2011,11.561
01/03/2011,11.561
28/02/2011,11.545
23/02/2011,11.491
21/02/2011,11.419
18/02/2011,11.420
17/02/2011,11.473
16/02/2011,11.473
15/02/2011,11.429
14/02/2011,11.447
10/02/2011,11.376
28/01/2011,11.371
27/01/2011,11.301
26/01/2011,11.234
25/01/2011,11.184
19/01/2011,11.332
18/01/2011,11.281
17/01/2011,11.331
14/01/2011,11.334
13/01/2011,11.220
12/01/2011,11.238
11/01/2011,11.270
07/01/2011,11.337
06/01/2011,11.336
05/01/2011,11.236
04/01/2011,11.237
28/12/2010,11.419
27/12/2010,11.357
24/12/2010,11.283
22/12/2010,11.333
21/12/2010,11.335
20/12/2010,11.189
17/12/2010,11.385
16/12/2010,11.312
15/12/2010,11.296
14/12/2010,11.363
13/12/2010,11.433
10/12/2010,11.434
09/12/2010,11.366
08/12/2010,11.366
07/12/2010,11.285
06/12/2010,11.327
03/12/2010,11.266
02/12/2010,11.387
01/12/2010,11.318
30/11/2010,11.404
29/11/2010,11.333
26/11/2010,11.314
25/11/2010,11.274
24/11/2010,11.231
19/11/2010,11.273
18/11/2010,11.309
17/11/2010,11.255
16/11/2010,11.255
15/11/2010,11.246
12/11/2010,11.247
10/11/2010,11.256
09/11/2010,10.988
08/11/2010,11.039
05/11/2010,11.032
04/11/2010,11.031
01/11/2010,10.975
29/10/2010,11.017
28/10/2010,11.017
27/10/2010,11.068
26/10/2010,11.027
25/10/2010,11.027
22/10/2010,10.971
21/10/2010,11.009
20/10/2010,10.971
19/10/2010,11.036
15/10/2010,10.992
14/10/2010,11.045
13/10/2010,11.068
12/10/2010,11.011
08/10/2010,10.964
07/10/2010,11.003
06/10/2010,11.003
05/10/2010,11.036
04/10/2010,11.036
01/10/2010,11.055
30/09/2010,11.058
29/09/2010,10.990
28/09/2010,10.995
27/09/2010,11.026
24/09/2010,11.026
22/09/2010,10.984
21/09/2010,10.985
20/09/2010,11.011
17/09/2010,11.011
16/09/2010,11.010
15/09/2010,11.014
14/09/2010,10.993
13/09/2010,10.993
10/09/2010,10.999
09/09/2010,10.998
08/09/2010,11.043
07/09/2010,11.056
06/09/2010,11.074
03/09/2010,11.000
02/09/2010,11.068
01/09/2010,11.068
31/08/2010,11.099
30/08/2010,11.131
27/08/2010,11.111
26/08/2010,11.110
25/08/2010,11.097
24/08/2010,11.118
23/08/2010,11.095
20/08/2010,11.083
19/08/2010,11.114
18/08/2010,11.153
17/08/2010,11.176
16/08/2010,11.133
13/08/2010,11.205
12/08/2010,11.129
11/08/2010,11.129
10/08/2010,11.151
09/08/2010,11.244
06/08/2010,11.223
04/08/2010,11.203
03/08/2010,11.146
02/08/2010,11.095
30/07/2010,11.059
29/07/2010,11.075
28/07/2010,11.135
27/07/2010,11.143
26/07/2010,11.097
23/07/2010,11.064
22/07/2010,11.136
21/07/2010,11.181
20/07/2010,11.208
14/07/2010,11.296
12/07/2010,11.152
09/07/2010,11.126
08/07/2010,11.199
05/07/2010,11.195
02/07/2010,11.242
01/07/2010,11.241
28/06/2010,11.269
23/06/2010,11.529
22/06/2010,11.508
18/06/2010,11.529
16/06/2010,11.458
14/06/2010,11.483
11/06/2010,11.483
10/06/2010,11.511
09/06/2010,11.528
08/06/2010,11.528
07/06/2010,11.633
04/06/2010,11.632
03/06/2010,11.560
02/06/2010,11.560
01/06/2010,11.560
31/05/2010,11.570
28/05/2010,11.570
27/05/2010,11.586
26/05/2010,11.659
24/05/2010,11.436
21/05/2010,11.731
20/05/2010,11.641
19/05/2010,11.711
18/05/2010,11.636
17/05/2010,11.636
13/05/2010,11.641
12/05/2010,11.641
11/05/2010,11.832
10/05/2010,11.797
07/05/2010,11.888
06/05/2010,11.899
28/04/2010,11.797
27/04/2010,11.650
26/04/2010,11.988
22/04/2010,11.988
21/04/2010,11.719
20/04/2010,11.788
19/04/2010,11.925
16/04/2010,11.926
15/04/2010,11.740
14/04/2010,11.740
13/04/2010,11.887
12/04/2010,11.887
08/04/2010,11.882
07/04/2010,11.882
06/04/2010,11.882
05/04/2010,11.744
02/04/2010,11.855
01/04/2010,11.847
31/03/2010,11.884
30/03/2010,11.901
26/03/2010,11.870
25/03/2010,11.911
24/03/2010,11.803
23/03/2010,12.000
22/03/2010,11.780
19/03/2010,12.000
18/03/2010,12.000
17/03/2010,11.789
16/03/2010,11.790
15/03/2010,11.604
12/03/2010,11.760
11/03/2010,11.980
10/03/2010,11.544
09/03/2010,11.458
08/03/2010,11.405
03/03/2010,11.530
02/03/2010,11.529
01/03/2010,11.538
26/02/2010,11.539
24/02/2010,11.668
23/02/2010,11.398
22/02/2010,11.398
19/02/2010,11.666
10/02/2010,11.418
08/02/2010,11.558
05/02/2010,11.292
04/02/2010,11.298
03/02/2010,11.263
02/02/2010,11.502
01/02/2010,11.508
29/01/2010,11.303
28/01/2010,11.302
27/01/2010,11.302
25/01/2010,11.244
21/01/2010,11.346
19/01/2010,11.159
18/01/2010,11.271
15/01/2010,11.272
14/01/2010,11.271
13/01/2010,11.450
12/01/2010,11.450
08/01/2010,11.154
07/01/2010,11.066
06/01/2010,11.066
05/01/2010,10.961
04/01/2010,10.961
28/12/2009,11.038
25/12/2009,11.108
24/12/2009,11.089
22/12/2009,11.029
21/12/2009,10.936
18/12/2009,11.055
17/12/2009,11.054
16/12/2009,11.144
15/12/2009,11.134
14/12/2009,11.134
11/12/2009,10.694
10/12/2009,10.693
09/12/2009,10.691
08/12/2009,10.585
07/12/2009,10.415
04/12/2009,10.461
03/12/2009,10.460
02/12/2009,10.332
01/12/2009,10.301
30/11/2009,10.250
27/11/2009,10.250
26/11/2009,10.188
25/11/2009,10.064
24/11/2009,10.060
20/11/2009,10.267
19/11/2009,10.266
18/11/2009,10.118
17/11/2009,9.952
16/11/2009,10.266
13/11/2009,10.160
12/11/2009,10.122
10/11/2009,10.093
09/11/2009,10.145
06/11/2009,10.063
05/11/2009,10.019
02/11/2009,10.051
30/10/2009,10.921
29/10/2009,10.920
28/10/2009,10.920
27/10/2009,10.920
26/10/2009,10.720
23/10/2009,10.920
22/10/2009,10.720
21/10/2009,11.720
20/10/2009,10.720
19/10/2009,11.720
16/10/2009,9.200
15/10/2009,10.000
14/10/2009,9.200
13/10/2009,9.200
12/10/2009,9.000
09/10/2009,10.000
08/10/2009,10.000
07/10/2009,10.000
06/10/2009,10.000
05/10/2009,9.200
01/10/2009,9.200
30/09/2009,9.200
29/09/2009,9.200
28/09/2009,10.000
25/09/2009,10.000
24/09/2009,9.000
23/09/2009,9.200
22/09/2009,9.200
21/09/2009,10.000
18/09/2009,10.000
17/09/2009,10.000
16/09/2009,9.200
15/09/2009,9.000
14/09/2009,9.200
26/08/2009,9.800
25/08/2009,10.000
24/08/2009,10.000
21/08/2009,9.800
20/08/2009,10.000
19/08/2009,9.800
18/08/2009,9.500
17/08/2009,9.500
14/08/2009,9.500
13/08/2009,9.500
12/08/2009,9.500
11/08/2009,9.500
10/08/2009,9.500
07/08/2009,9.500
06/08/2009,9.700
05/08/2009,9.400
04/08/2009,9.700
03/08/2009,9.700
31/07/2009,9.400
30/07/2009,9.700
29/07/2009,9.400
28/07/2009,9.700
27/07/2009,9.400
24/07/2009,9.700
23/07/2009,9.700
22/07/2009,9.700
21/07/2009,9.700
20/07/2009,9.700
17/07/2009,9.400
16/07/2009,9.400
15/07/2009,9.400
14/07/2009,9.700
13/07/2009,9.700
10/07/2009,9.400
09/07/2009,9.700
08/07/2009,9.700
07/07/2009,9.300
06/07/2009,9.700
03/07/2009,9.700
02/07/2009,9.700
01/07/2009,9.300
30/06/2009,9.700
29/06/2009,9.300
26/06/2009,9.300
25/06/2009,9.700
24/06/2009,9.700
23/06/2009,9.300
22/06/2009,9.700
19/06/2009,9.300
18/06/2009,9.300
17/06/2009,9.300
16/06/2009,9.300
15/06/2009,9.300
12/06/2009,9.700
11/06/2009,9.300
10/06/2009,9.700
09/06/2009,9.300
08/06/2009,9.700
05/06/2009,9.700
04/06/2009,9.300
03/06/2009,9.700
02/06/2009,9.700
01/06/2009,9.700
29/05/2009,9.200
28/05/2009,9.200
27/05/2009,9.700
26/05/2009,9.200
25/05/2009,9.700
22/05/2009,9.700
21/05/2009,9.200
20/05/2009,9.200
19/05/2009,9.200
18/05/2009,9.200
15/05/2009,9.700
14/05/2009,9.200
13/05/2009,9.000
12/05/2009,9.700
11/05/2009,9.000
08/05/2009,9.000
07/05/2009,9.700
06/05/2009,9.000
05/05/2009,9.000
04/05/2009,9.000
29/04/2009,9.000
28/04/2009,9.000
27/04/2009,9.000
24/04/2009,9.700
23/04/2009,9.000
21/04/2009,9.700
20/04/2009,9.000
17/04/2009,9.000
16/04/2009,9.000
15/04/2009,9.000
14/04/2009,9.700
13/04/2009,9.000
10/04/2009,9.700
09/04/2009,9.100
08/04/2009,9.700
07/04/2009,9.700
03/04/2009,9.100
02/04/2009,9.100
31/03/2009,9.100
30/03/2009,9.100
27/03/2009,9.700
26/03/2009,9.700
25/03/2009,9.100
24/03/2009,9.100
23/03/2009,9.700
20/03/2009,9.100
19/03/2009,9.500
18/03/2009,9.500
17/03/2009,9.100
16/03/2009,9.200
13/03/2009,9.200
12/03/2009,9.200
11/03/2009,9.000
10/03/2009,9.000
09/03/2009,9.000
06/03/2009,9.000
05/03/2009,9.000
04/03/2009,9.000
03/03/2009,9.000
02/03/2009,9.000
27/02/2009,9.800
26/02/2009,9.800
25/02/2009,9.800
24/02/2009,9.800
23/02/2009,9.800
20/02/2009,9.800
19/02/2009,9.800
18/02/2009,9.800
17/02/2009,9.800
16/02/2009,9.800
13/02/2009,9.800
12/02/2009,9.800
11/02/2009,9.800
10/02/2009,9.800
09/02/2009,9.800
06/02/2009,9.800
05/02/2009,9.800
04/02/2009,9.800
02/02/2009,9.800
30/01/2009,9.800
23/01/2009,9.800
22/01/2009,9.800
21/01/2009,9.800
20/01/2009,9.800
19/01/2009,9.800
16/01/2009,9.800
15/01/2009,9.800
14/01/2009,9.800
13/01/2009,9.800
12/01/2009,9.800
09/01/2009,8.800
07/01/2009,9.800
06/01/2009,9.800
05/01/2009,9.800
30/12/2008,9.800
26/12/2008,9.800
25/12/2008,9.800
24/12/2008,9.800
23/12/2008,9.800
22/12/2008,9.800
19/12/2008,9.800
18/12/2008,9.800
17/12/2008,9.800
28/10/2008,14.500
24/10/2008,14.500
23/10/2008,14.500
22/10/2008,15.000
21/10/2008,15.000
20/10/2008,15.000
17/10/2008,15.000
16/10/2008,15.000
15/10/2008,15.000
14/10/2008,15.000
13/10/2008,15.000
10/10/2008,15.000
09/10/2008,15.000
08/10/2008,15.000
07/10/2008,14.500
06/10/2008,14.500
03/10/2008,14.500
02/10/2008,14.500
01/10/2008,14.500
30/09/2008,14.500
29/09/2008,14.500
26/09/2008,14.500
25/09/2008,14.500
24/09/2008,14.500
23/09/2008,14.500
22/09/2008,14.500
19/09/2008,14.500
18/09/2008,14.000
17/09/2008,14.000
16/09/2008,14.000
15/09/2008,14.700
12/09/2008,14.700
11/09/2008,14.700
10/09/2008,14.700
09/09/2008,14.700
08/09/2008,14.700
05/09/2008,14.700
04/09/2008,14.700
03/09/2008,14.700
01/09/2008,15.000
29/08/2008,15.500
28/08/2008,15.500
27/08/2008,15.500
26/08/2008,15.500
25/08/2008,15.500
22/08/2008,15.500
21/08/2008,15.500
20/08/2008,15.500
19/08/2008,15.500
18/08/2008,15.500
15/08/2008,15.500
14/08/2008,15.500
13/08/2008,15.500
12/08/2008,15.500
11/08/2008,15.500
08/08/2008,15.500
07/08/2008,15.500
06/08/2008,15.500
05/08/2008,15.000
04/08/2008,15.000
01/08/2008,15.000
31/07/2008,15.500
30/07/2008,15.500
29/07/2008,15.500
28/07/2008,15.500
25/07/2008,15.500
24/07/2008,15.500
23/07/2008,15.500
22/07/2008,17.100
21/07/2008,15.300
18/07/2008,14.500
16/07/2008,17.100
15/07/2008,17.100
14/07/2008,17.100
11/07/2008,17.100
10/07/2008,17.100
09/07/2008,17.100
08/07/2008,17.100
04/07/2008,17.100
02/07/2008,17.100
30/06/2008,17.100
27/06/2008,12.500
24/06/2008,12.700
23/06/2008,12.500
20/06/2008,12.000
18/06/2008,0.120
05/05/2008,9.270
29/04/2008,9.280
28/04/2008,9.190
24/04/2008,9.190
22/04/2008,9.180
17/04/2008,9.080
10/04/2008,9.080
08/04/2008,9.080
27/03/2008,9.080
26/03/2008,9.080
25/03/2008,9.080
24/03/2008,9.070
20/03/2008,9.070
19/03/2008,9.070
18/03/2008,9.070
13/03/2008,9.070
11/03/2008,9.070
10/03/2008,9.070
06/03/2008,8.930
03/03/2008,8.880
25/02/2008,8.890
18/02/2008,8.890
13/02/2008,8.890
28/01/2008,8.740
16/01/2008,8.690
24/12/2007,8.750
17/12/2007,8.750
10/12/2007,8.800
03/12/2007,8.750
18/09/2007,8.700
11/09/2007,8.650
06/09/2007,8.700
21/08/2007,8.650
13/08/2007,8.600
03/08/2007,8.550
31/07/2007,8.500
17/07/2007,8.550
12/07/2007,8.951
11/07/2007,8.050
